id,email,country,signup_date,status,last_seen,referral_code,phone_prefix,signup_date_clean,last_seen_clean,prefix_flag
1,user_1@yahoo.fr,IT,2021-02-09 21:26:47,1.0,2021-04-28 14:23:00,,+49,2021-02-09 21:26:47,2021-04-28 14:23:00,mismatch
2,user_2@gmail.com,CH,2022-01-09T06:49:44Z,0.0,2023-01-05 17:03:20,,+41,2022-01-09 06:49:44,2023-01-05 17:03:20,ok
3,user_3@outlook.com,BE,1584765297,1.0,2021-07-30 05:38:37,27cb14dc,+32,2020-03-21 04:34:57,2021-07-30 05:38:37,ok
4,user_4@hotmail.com,DE,2020-07-13T23:53:58Z,0.0,2024-06-10 09:06:04,,+49,2020-07-13 23:53:58,2024-06-10 09:06:04,ok
5,user_5@outlook.com,DE,21/07/2020 08:54,0.0,2026-03-06 20:16:50,,+49,2020-07-21 08:54:00,2026-03-06 20:16:50,ok
6,user_6@free.fr,,2023-03-09 18:54:13,1.0,2024-01-29 05:53:30,df55f8c3,,2023-03-09 18:54:13,2024-01-29 05:53:30,unknown
7,user_7@gmail.com,IT,2024-11-25T09:10:59Z,1.0,2025-05-14 23:06:23,,+39,2024-11-25 09:10:59,2025-05-14 23:06:23,ok
8,user_8@hotmail.com,,2022-11-03 16:05:01,0.0,2023-09-29 23:22:32,,+351,2022-11-03 16:05:01,2023-09-29 23:22:32,unknown
9,user_9@yahoo.fr,CH,2025-02-15T23:22:07Z,0.0,2025-12-23 04:44:01,42f93753,+351,2025-02-15 23:22:07,2025-12-23 04:44:01,mismatch
10,user_10@proton.me,ES,2025-03-26T08:39:40Z,0.0,2025-09-24 03:12:08,,,2025-03-26 08:39:40,2025-09-24 03:12:08,unknown
11,user_11@yahoo.fr,AT,08/10/2026 10:23,0.0,2023-07-14 04:17:17,8f42841e,+43,2026-08-10 10:23:00,2023-07-14 04:17:17,ok
12,user_12@outlook.com,DE,1719295517,0.0,2025-10-11 06:06:56,,+49,2024-06-25 06:05:17,2025-10-11 06:06:56,ok
13,user_13@yahoo.fr,,2023-04-02 17:48:27,0.0,2024-07-23 10:45:54,,,2023-04-02 17:48:27,2024-07-23 10:45:54,unknown
14,user_14@proton.me,ES,26/03/2021 17:23,0.0,2022-04-29 14:56:42,,+34,2021-03-26 17:23:00,2022-04-29 14:56:42,ok
15,user_15@free.fr,FRA,15/11/2021 22:54,0.0,2024-07-11 10:09:42,0f67a2d4,+39,2021-11-15 22:54:00,2024-07-11 10:09:42,country_not_mapped
16,user_16@gmail.com,IT,2020-03-23 08:11:17,1.0,2020-10-29 21:48:58,ea346a31,+39,2020-03-23 08:11:17,2020-10-29 21:48:58,ok
17,user_17@hotmail.com,DE,2025-01-08 04:03:33,0.0,2026-03-31 17:25:22,,,2025-01-08 04:03:33,2026-03-31 17:25:22,unknown
18,user_18@gmail.com,FR,2020-08-16 07:17:46,99.0,2026-03-08 12:28:06,59e8dff8,+33,2020-08-16 07:17:46,2026-03-08 12:28:06,ok
19,user_19@gmail.com,AT,06/02/2024 08:02,4.0,2025-02-28 09:30:30,,+49,2024-06-02 08:02:00,2025-02-28 09:30:30,mismatch
20,user_20@hotmail.com,IT,05/03/2022 09:43,0.0,2022-11-18 18:15:35,,+39,2022-05-03 09:43:00,2022-11-18 18:15:35,ok
21,user_21@free.fr,DE,2024-01-13T15:52:59Z,0.0,2025-03-31 18:44:42,,,2024-01-13 15:52:59,2025-03-31 18:44:42,unknown
22,user_22@gmail.com,FR,2024-10-10 13:00:17,1.0,2024-11-26 21:20:10,,+33,2024-10-10 13:00:17,2024-11-26 21:20:10,ok
23,user_23@free.fr,ES,2021-09-29 08:06:49,0.0,2022-04-30 05:26:03,,,2021-09-29 08:06:49,2022-04-30 05:26:03,unknown
24,user_24@outlook.com,,2023-09-24T11:40:30Z,0.0,2026-03-19 04:33:18,7fedd92a,+49,2023-09-24 11:40:30,2026-03-19 04:33:18,unknown
25,user_25@proton.me,DE,2020-03-29 22:36:39,0.0,2024-02-21 18:51:21,,+49,2020-03-29 22:36:39,2024-02-21 18:51:21,ok
26,user_26@proton.me,FRANCE,1682214973,0.0,2024-07-08 19:02:13,,,2023-04-23 01:56:13,2024-07-08 19:02:13,unknown
27,user_27@gmail.com,FRANCE,2021-01-16 19:58:09,0.0,2022-03-10 01:26:25,78bbc496,,2021-01-16 19:58:09,2022-03-10 01:26:25,unknown
28,user_28@gmail.com,DE,2022-04-20T04:57:27Z,4.0,2026-02-24 14:20:53,caece60a,+49,2022-04-20 04:57:27,2026-02-24 14:20:53,ok
29,user_29@gmail.com,,2023-10-20 18:38:52,0.0,2026-03-10 02:46:17,,+33,2023-10-20 18:38:52,2026-03-10 02:46:17,unknown
30,user_30@gmail.com,,2022-10-14T17:24:30Z,4.0,2024-05-03 04:36:07,,,2022-10-14 17:24:30,2024-05-03 04:36:07,unknown
31,user_31@yahoo.fr,,2021-06-24 04:19:55,3.0,2023-06-29 16:44:47,,,2021-06-24 04:19:55,2023-06-29 16:44:47,unknown
32,user_32@free.fr,DE,2022-04-11 00:41:26,0.0,2023-05-30 11:55:42,,+49,2022-04-11 00:41:26,2023-05-30 11:55:42,ok
33,user_33@yahoo.fr,PT,06/02/2022 02:44,0.0,2023-01-18 09:56:31,,+351,2022-06-02 02:44:00,2023-01-18 09:56:31,ok
34,user_34@gmail.com,,2024-09-21 23:08:34,4.0,2025-06-06 04:13:25,131bad5c,,2024-09-21 23:08:34,2025-06-06 04:13:25,unknown
35,user_35@proton.me,IT,2023-11-16T19:53:11Z,0.0,2023-02-13 19:53:11,,+39,2023-11-16 19:53:11,2023-02-13 19:53:11,ok
36,user_36@free.fr,,2021-11-03 04:00:15,0.0,2024-12-08 18:19:32,,+351,2021-11-03 04:00:15,2024-12-08 18:19:32,unknown
37,user_37@proton.me,ES,2022-12-09T09:57:36Z,1.0,2024-08-25 12:32:01,41d44f30,+34,2022-12-09 09:57:36,2024-08-25 12:32:01,ok
38,user_38@hotmail.com,DE,2020-03-02T06:16:08Z,0.0,2022-10-02 08:49:39,6e1e706e,,2020-03-02 06:16:08,2022-10-02 08:49:39,unknown
39,user_39@free.fr,FRA,2021-08-10 05:06:26,0.0,2022-04-30 15:55:14,,,2021-08-10 05:06:26,2022-04-30 15:55:14,unknown
40,user_40@hotmail.com,FR,2021-06-01 19:30:28,0.0,2021-08-16 16:47:48,c932fd6e,+34,2021-06-01 19:30:28,2021-08-16 16:47:48,mismatch
41,user_41@yahoo.fr,ES,2020-03-18T05:27:04Z,2.0,2021-02-12 09:10:33,,+34,2020-03-18 05:27:04,2021-02-12 09:10:33,ok
42,user_42@proton.me,FR,2021-04-19T06:29:02Z,1.0,2025-04-01 20:47:41,,+41,2021-04-19 06:29:02,2025-04-01 20:47:41,mismatch
43,user_43@hotmail.com,AT,2023-12-16 09:43:42,1.0,2024-08-19 15:33:54,,+43,2023-12-16 09:43:42,2024-08-19 15:33:54,ok
44,user_44@outlook.com,IT,2022-07-02 03:28:10,0.0,2024-05-15 11:06:30,242adfc0,+39,2022-07-02 03:28:10,2024-05-15 11:06:30,ok
45,user_45@hotmail.com,PT,2023-09-10T22:47:33Z,0.0,2025-06-05 03:11:54,,+351,2023-09-10 22:47:33,2025-06-05 03:11:54,ok
46,user_46@outlook.com,DE,21/03/2024 22:11,4.0,2024-03-26 12:05:51,,,2024-03-21 22:11:00,2024-03-26 12:05:51,unknown
47,user_47@hotmail.com,AT,2022-01-15 04:33:24,0.0,2024-02-12 15:04:15,17c3a6b5,+43,2022-01-15 04:33:24,2024-02-12 15:04:15,ok
48,user_48@proton.me,FR,2024-09-15 11:08:41,4.0,2024-10-06 09:50:08,ae179e98,+31,2024-09-15 11:08:41,2024-10-06 09:50:08,mismatch
49,user_49@outlook.com,DE,2023-01-13 13:51:53,4.0,2026-04-10 02:33:54,,+31,2023-01-13 13:51:53,2026-04-10 02:33:54,mismatch
50,user_50@free.fr,FR,26/01/2022 15:12,0.0,2024-11-01 14:20:41,975fd1cf,+33,2022-01-26 15:12:00,2024-11-01 14:20:41,ok
51,user_51@outlook.com,ES,1641530211,1.0,2025-12-22 00:03:40,d1ad325c,+32,2022-01-07 04:36:51,2025-12-22 00:03:40,mismatch
52,user_52@free.fr,IT,2025-01-22T22:30:56Z,0.0,2025-11-10 10:44:39,,+39,2025-01-22 22:30:56,2025-11-10 10:44:39,ok
53,user_53@proton.me,DE,2025-04-09 09:56:05,0.0,2026-02-16 05:59:58,,+351,2025-04-09 09:56:05,2026-02-16 05:59:58,mismatch
54,user_54@outlook.com,FRA,2024-05-02 00:05:18,0.0,2024-07-22 23:28:31,,,2024-05-02 00:05:18,2024-07-22 23:28:31,unknown
55,user_55@hotmail.com,AT,2025-05-27T13:45:12Z,4.0,2026-04-06 10:42:57,,+43,2025-05-27 13:45:12,2026-04-06 10:42:57,ok
56,user_56@proton.me,FR,2023-12-31 14:14:00,1.0,2025-01-13 10:07:16,,+32,2023-12-31 14:14:00,2025-01-13 10:07:16,mismatch
57,user_57@free.fr,,2023-01-22 09:30:12,4.0,2024-03-31 19:55:38,,+39,2023-01-22 09:30:12,2024-03-31 19:55:38,unknown
58,user_58@hotmail.com,DE,2024-03-19 04:04:30,1.0,2025-08-02 20:34:39,,+41,2024-03-19 04:04:30,2025-08-02 20:34:39,mismatch
59,user_59@free.fr,CH,2024-09-05T12:24:31Z,0.0,2025-05-30 12:30:39,49cbd5b0,+41,2024-09-05 12:24:31,2025-05-30 12:30:39,ok
60,user_60@hotmail.com,BE,1632721583,0.0,2023-05-15 08:06:11,8649c14a,+32,2021-09-27 05:46:23,2023-05-15 08:06:11,ok
61,user_61@yahoo.fr,BE,2022-09-26 02:42:19,1.0,2022-10-18 02:11:40,,+32,2022-09-26 02:42:19,2022-10-18 02:11:40,ok
62,user_62@hotmail.com,AT,2021-01-13 17:29:20,0.0,2021-02-20 20:03:48,,+43,2021-01-13 17:29:20,2021-02-20 20:03:48,ok
63,user_63@free.fr,FRA,2023-07-28 22:54:44,0.0,2025-08-30 20:33:10,,+351,2023-07-28 22:54:44,2025-08-30 20:33:10,country_not_mapped
64,user_64@yahoo.fr,DE,2025-04-27 18:19:14,2.0,2025-12-15 06:37:31,,+33,2025-04-27 18:19:14,2025-12-15 06:37:31,mismatch
65,user_65@yahoo.fr,FRA,2025-05-08T01:22:31Z,0.0,2026-02-19 11:30:27,94fb7fff,,2025-05-08 01:22:31,2026-02-19 11:30:27,unknown
66,user_66@outlook.com,FRANCE,28/02/2024 23:12,0.0,2024-10-12 04:40:50,2cfca0d1,,2024-02-28 23:12:00,2024-10-12 04:40:50,unknown
67,user_67@yahoo.fr,FRA,2021-11-05 14:28:11,0.0,2025-06-18 11:07:44,,,2021-11-05 14:28:11,2025-06-18 11:07:44,unknown
68,user_68@hotmail.com,FRANCE,2025-01-02 11:09:12,0.0,2025-08-14 15:14:40,,,2025-01-02 11:09:12,2025-08-14 15:14:40,unknown
69,user_69@gmail.com,DE,2023-11-03T06:23:31Z,0.0,2025-03-17 23:24:41,d9859b36,+49,2023-11-03 06:23:31,2025-03-17 23:24:41,ok
70,user_70@free.fr,AT,2020-07-03 23:53:27,0.0,2021-12-30 07:03:30,,+43,2020-07-03 23:53:27,2021-12-30 07:03:30,ok
71,user_71@free.fr,DE,2023-02-15 01:51:25,0.0,2024-11-10 10:10:38,,+49,2023-02-15 01:51:25,2024-11-10 10:10:38,ok
72,user_72@outlook.com,BE,1730686235,0.0,2024-12-02 14:15:37,,+32,2024-11-04 02:10:35,2024-12-02 14:15:37,ok
73,user_73@yahoo.fr,CH,2024-10-11T18:42:38Z,0.0,2025-10-05 14:34:25,163a0ec7,+41,2024-10-11 18:42:38,2025-10-05 14:34:25,ok
74,user_74@free.fr,FR,2024-04-14T22:43:52Z,0.0,2024-07-18 06:16:38,,+49,2024-04-14 22:43:52,2024-07-18 06:16:38,mismatch
75,user_75@yahoo.fr,AT,2024-02-02 16:02:54,0.0,2024-08-03 03:30:13,,+43,2024-02-02 16:02:54,2024-08-03 03:30:13,ok
76,user_76@proton.me,CH,2024-01-19 04:28:04,0.0,2024-08-30 21:06:40,,+41,2024-01-19 04:28:04,2024-08-30 21:06:40,ok
77,user_77@outlook.com,FRANCE,2024-06-25 11:39:55,3.0,2025-01-19 00:07:28,3bd8d820,+41,2024-06-25 11:39:55,2025-01-19 00:07:28,country_not_mapped
78,user_78@yahoo.fr,FRANCE,2023-05-16 22:49:13,4.0,2025-04-23 07:17:52,,+351,2023-05-16 22:49:13,2025-04-23 07:17:52,country_not_mapped
79,user_79@free.fr,ES,2023-06-13 12:07:05,2.0,2026-04-09 12:13:51,,+34,2023-06-13 12:07:05,2026-04-09 12:13:51,ok
80,user_80@hotmail.com,FR,2023-11-28 23:36:38,0.0,2024-05-01 21:07:55,,+33,2023-11-28 23:36:38,2024-05-01 21:07:55,ok
81,user_81@free.fr,DE,16/01/2023 20:57,1.0,2025-09-11 01:44:59,,+49,2023-01-16 20:57:00,2025-09-11 01:44:59,ok
82,user_82@proton.me,DE,2024-04-25T00:00:04Z,0.0,2026-03-03 14:23:57,1d415520,+49,2024-04-25 00:00:04,2026-03-03 14:23:57,ok
83,user_83@outlook.com,,2021-01-07 06:21:46,0.0,2024-10-16 17:26:00,,+351,2021-01-07 06:21:46,2024-10-16 17:26:00,unknown
84,user_84@gmail.com,FR,2024-12-23T06:39:17Z,0.0,2025-05-12 03:09:30,6b1e5693,+33,2024-12-23 06:39:17,2025-05-12 03:09:30,ok
85,user_85@yahoo.fr,DE,2024-02-14 11:47:49,1.0,2025-05-06 07:28:57,,+49,2024-02-14 11:47:49,2025-05-06 07:28:57,ok
86,user_86@hotmail.com,DE,2022-09-25 15:49:28,,2023-08-01 03:10:20,edfc2ea3,+49,2022-09-25 15:49:28,2023-08-01 03:10:20,ok
87,user_87@free.fr,AT,23/12/2024 06:43,4.0,2025-01-30 08:58:36,,+43,2024-12-23 06:43:00,2025-01-30 08:58:36,ok
88,user_88@free.fr,DE,2021-10-12T17:16:07Z,1.0,2023-11-30 09:21:25,,+43,2021-10-12 17:16:07,2023-11-30 09:21:25,mismatch
89,user_89@yahoo.fr,DE,2020-06-12 15:50:22,0.0,2025-05-18 07:59:40,,+49,2020-06-12 15:50:22,2025-05-18 07:59:40,ok
90,user_90@outlook.com,ES,11/04/2023 16:18,0.0,2025-07-14 07:55:32,fe9e2239,+49,2023-11-04 16:18:00,2025-07-14 07:55:32,mismatch
91,user_91@free.fr,FRA,1620804973,3.0,2023-04-13 06:39:15,,+41,2021-05-12 07:36:13,2023-04-13 06:39:15,country_not_mapped
92,user_92@free.fr,FRA,2021-03-19 23:26:38,0.0,2025-01-30 22:44:53,,+41,2021-03-19 23:26:38,2025-01-30 22:44:53,country_not_mapped
93,user_93@gmail.com,FRA,15/12/2022 01:55,0.0,2025-07-19 19:26:00,377988df,,2022-12-15 01:55:00,2025-07-19 19:26:00,unknown
94,user_94@proton.me,ES,2021-02-24 18:34:14,0.0,2021-12-23 17:43:53,,+34,2021-02-24 18:34:14,2021-12-23 17:43:53,ok
95,user_95@hotmail.com,FR,1624500224,0.0,2025-01-03 02:05:41,,,2021-06-24 02:03:44,2025-01-03 02:05:41,unknown
96,user_96@outlook.com,CH,2023-04-01T19:49:53Z,99.0,2023-09-03 04:02:24,,+41,2023-04-01 19:49:53,2023-09-03 04:02:24,ok
97,user_97@free.fr,FRA,2024-01-12 18:11:05,0.0,2024-06-03 04:01:03,6ce9e5f5,,2024-01-12 18:11:05,2024-06-03 04:01:03,unknown
98,user_98@yahoo.fr,NL,2024-11-16T20:43:40Z,0.0,2025-04-26 18:25:15,,+31,2024-11-16 20:43:40,2025-04-26 18:25:15,ok
99,user_99@gmail.com,FRA,2024-10-04 09:23:03,2.0,2025-04-17 01:55:01,,+32,2024-10-04 09:23:03,2025-04-17 01:55:01,country_not_mapped
100,user_100@proton.me,DE,2020-08-10 19:09:15,1.0,2021-09-08 14:57:21,e7758e4b,+49,2020-08-10 19:09:15,2021-09-08 14:57:21,ok
101,user_101@gmail.com,FR,2024-08-07T02:13:15Z,0.0,2025-03-29 09:01:03,,+33,2024-08-07 02:13:15,2025-03-29 09:01:03,ok
102,user_102@gmail.com,ES,2020-11-07T00:10:29Z,0.0,2023-08-04 18:34:22,,+34,2020-11-07 00:10:29,2023-08-04 18:34:22,ok
103,user_103@gmail.com,DE,09/01/2024 15:28,0.0,2026-03-04 23:47:01,,+43,2024-09-01 15:28:00,2026-03-04 23:47:01,mismatch
104,user_104@hotmail.com,PT,2022-02-08 21:42:57,0.0,2023-11-13 17:48:14,,+351,2022-02-08 21:42:57,2023-11-13 17:48:14,ok
105,user_105@gmail.com,DE,2024-03-13T11:58:37Z,0.0,2024-05-04 15:25:57,e43920d5,+49,2024-03-13 11:58:37,2024-05-04 15:25:57,ok
106,user_106@free.fr,DE,15/03/2021 18:13,0.0,2024-09-12 02:20:13,,+41,2021-03-15 18:13:00,2024-09-12 02:20:13,mismatch
107,user_107@yahoo.fr,ES,2021-12-21T22:57:18Z,0.0,2023-04-16 16:28:22,,,2021-12-21 22:57:18,2023-04-16 16:28:22,unknown
108,user_108@free.fr,CH,07/12/2024 20:38,0.0,2026-04-04 18:24:20,a5a88c09,+41,2024-07-12 20:38:00,2026-04-04 18:24:20,ok
109,user_109@yahoo.fr,FR,2023-02-24 14:12:13,0.0,2023-03-06 01:50:38,b96c8773,+31,2023-02-24 14:12:13,2023-03-06 01:50:38,mismatch
110,user_110@outlook.com,DE,2021-07-03 01:17:10,0.0,2024-08-25 18:26:40,,+49,2021-07-03 01:17:10,2024-08-25 18:26:40,ok
111,user_111@hotmail.com,FR,2022-06-24 09:27:30,0.0,2024-05-12 17:54:26,,+43,2022-06-24 09:27:30,2024-05-12 17:54:26,mismatch
112,user_112@yahoo.fr,PT,2024-08-24 03:03:17,0.0,2026-01-24 07:18:25,,+351,2024-08-24 03:03:17,2026-01-24 07:18:25,ok
113,user_113@hotmail.com,FRANCE,2022-08-17 06:44:32,0.0,2024-01-09 00:01:49,,,2022-08-17 06:44:32,2024-01-09 00:01:49,unknown
114,user_114@free.fr,FR,2023-03-06 08:37:06,0.0,2023-06-26 07:47:15,,+33,2023-03-06 08:37:06,2023-06-26 07:47:15,ok
115,user_115@gmail.com,NL,19/09/2023 17:31,0.0,2024-12-12 11:25:41,,+31,2023-09-19 17:31:00,2024-12-12 11:25:41,ok
116,user_116@hotmail.com,CH,23/01/2021 21:43,0.0,2023-02-18 20:43:07,,+49,2021-01-23 21:43:00,2023-02-18 20:43:07,mismatch
117,user_117@outlook.com,NL,2024-09-04T12:45:47Z,0.0,2025-10-05 14:57:30,df82f9a7,+31,2024-09-04 12:45:47,2025-10-05 14:57:30,ok
118,user_118@free.fr,AT,2020-10-21 02:44:50,4.0,2022-04-24 11:43:10,,+43,2020-10-21 02:44:50,2022-04-24 11:43:10,ok
119,user_119@hotmail.com,DE,2022-11-30T04:09:10Z,0.0,2025-07-31 12:30:45,,+43,2022-11-30 04:09:10,2025-07-31 12:30:45,mismatch
120,user_120@outlook.com,DE,1704330505,0.0,2024-03-02 11:14:24,,+49,2024-01-04 01:08:25,2024-03-02 11:14:24,ok
121,user_121@proton.me,FRA,2020-07-06T10:52:30Z,4.0,2024-05-03 17:27:00,,,2020-07-06 10:52:30,2024-05-03 17:27:00,unknown
122,user_122@free.fr,ES,2023-02-01T00:34:35Z,0.0,2026-02-14 16:11:25,,+34,2023-02-01 00:34:35,2026-02-14 16:11:25,ok
123,user_123@outlook.com,FRA,2022-07-27T22:04:27Z,0.0,2024-03-20 18:00:37,e20dbf08,+34,2022-07-27 22:04:27,2024-03-20 18:00:37,country_not_mapped
124,user_124@yahoo.fr,,1672506991,0.0,2023-05-07 07:53:22,,,2022-12-31 17:16:31,2023-05-07 07:53:22,unknown
125,user_125@outlook.com,ES,2022-10-18T20:05:54Z,0.0,2025-03-05 02:13:24,,+351,2022-10-18 20:05:54,2025-03-05 02:13:24,mismatch
126,user_126@outlook.com,ES,2024-06-27 19:38:59,0.0,2025-04-04 20:36:51,,+34,2024-06-27 19:38:59,2025-04-04 20:36:51,ok
127,user_127@proton.me,DE,2022-09-05T23:51:26Z,2.0,2026-04-09 18:25:45,,,2022-09-05 23:51:26,2026-04-09 18:25:45,unknown
128,user_128@yahoo.fr,ES,2025-03-30T13:55:21Z,0.0,2025-08-23 21:12:22,6aade6ba,+43,2025-03-30 13:55:21,2025-08-23 21:12:22,mismatch
129,user_129@hotmail.com,IT,2025-05-11 01:17:40,1.0,2025-08-29 17:00:54,,+39,2025-05-11 01:17:40,2025-08-29 17:00:54,ok
130,user_130@outlook.com,DE,2025-01-06 05:33:09,0.0,2025-12-14 10:53:00,,+32,2025-01-06 05:33:09,2025-12-14 10:53:00,mismatch
131,user_131@outlook.com,CH,2020-08-10T02:48:28Z,0.0,2026-01-23 04:34:54,7c5c01f9,+41,2020-08-10 02:48:28,2026-01-23 04:34:54,ok
132,user_132@yahoo.fr,ES,2021-06-01 19:06:42,0.0,2025-02-19 23:25:49,,+49,2021-06-01 19:06:42,2025-02-19 23:25:49,mismatch
133,user_133@gmail.com,ES,2023-05-09 19:30:54,0.0,2024-04-22 14:55:36,,+34,2023-05-09 19:30:54,2024-04-22 14:55:36,ok
134,user_134@gmail.com,FR,2024-02-26T11:23:11Z,0.0,2025-02-08 21:55:26,,+33,2024-02-26 11:23:11,2025-02-08 21:55:26,ok
135,user_135@gmail.com,IT,2022-08-13T02:24:38Z,0.0,2023-08-17 06:16:49,,+39,2022-08-13 02:24:38,2023-08-17 06:16:49,ok
136,user_136@yahoo.fr,FRANCE,2020-04-21 01:30:30,0.0,2025-09-05 11:29:02,,,2020-04-21 01:30:30,2025-09-05 11:29:02,unknown
137,user_137@gmail.com,CH,2020-11-21T23:50:20Z,-1.0,2025-05-06 09:40:34,,+351,2020-11-21 23:50:20,2025-05-06 09:40:34,mismatch
138,user_138@outlook.com,DE,2023-05-04 19:26:37,1.0,2024-06-01 20:12:38,,,2023-05-04 19:26:37,2024-06-01 20:12:38,unknown
139,user_139@outlook.com,ES,2021-04-19T11:44:25Z,0.0,2021-09-04 05:38:55,,+34,2021-04-19 11:44:25,2021-09-04 05:38:55,ok
140,user_140@yahoo.fr,FR,13/09/2020 01:07,0.0,2024-08-05 00:10:47,,+33,2020-09-13 01:07:00,2024-08-05 00:10:47,ok
141,user_141@free.fr,IT,10/03/2024 19:14,0.0,2024-09-23 13:21:21,44dd6ac0,+39,2024-10-03 19:14:00,2024-09-23 13:21:21,ok
142,user_142@yahoo.fr,AT,2023-11-27 05:08:23,0.0,2025-07-19 20:18:05,117fd4f5,+43,2023-11-27 05:08:23,2025-07-19 20:18:05,ok
143,user_143@gmail.com,NL,2021-09-12 15:48:38,0.0,2024-03-13 08:37:21,,+31,2021-09-12 15:48:38,2024-03-13 08:37:21,ok
144,user_144@hotmail.com,BE,2020-07-10T14:13:46Z,0.0,2023-07-10 22:57:25,,+32,2020-07-10 14:13:46,2023-07-10 22:57:25,ok
145,user_145@proton.me,FRA,2021-07-11 01:28:28,0.0,2021-10-15 19:29:15,,+33,2021-07-11 01:28:28,2021-10-15 19:29:15,country_not_mapped
146,user_146@outlook.com,NL,2025-04-23 23:08:26,1.0,2025-06-22 13:17:16,,+31,2025-04-23 23:08:26,2025-06-22 13:17:16,ok
147,user_147@hotmail.com,CH,2021-02-16 11:20:31,1.0,2021-05-07 23:34:49,,+41,2021-02-16 11:20:31,2021-05-07 23:34:49,ok
148,user_148@hotmail.com,IT,05/08/2022 06:09,4.0,2025-07-18 07:37:42,,+39,2022-05-08 06:09:00,2025-07-18 07:37:42,ok
149,user_149@gmail.com,CH,18/11/2022 22:11,0.0,2025-09-21 09:03:47,,+41,2022-11-18 22:11:00,2025-09-21 09:03:47,ok
150,user_150@yahoo.fr,DE,2023-03-29T02:48:38Z,0.0,2025-05-27 10:35:58,,,2023-03-29 02:48:38,2025-05-27 10:35:58,unknown
151,user_151@gmail.com,DE,1731102397,0.0,2025-02-17 16:53:16,,+49,2024-11-08 21:46:37,2025-02-17 16:53:16,ok
152,user_152@free.fr,DE,2020-10-16T03:15:06Z,-1.0,2021-11-09 12:17:37,,+49,2020-10-16 03:15:06,2021-11-09 12:17:37,ok
153,user_153@gmail.com,ES,2021-09-17 08:09:17,0.0,2022-10-23 05:32:58,,+41,2021-09-17 08:09:17,2022-10-23 05:32:58,mismatch
154,user_154@yahoo.fr,FRA,2022-07-31 12:10:37,0.0,2026-03-06 14:52:17,a4c3ae94,,2022-07-31 12:10:37,2026-03-06 14:52:17,unknown
155,user_155@free.fr,,2021-06-23T01:33:28Z,0.0,2022-12-06 23:12:04,1b1289df,,2021-06-23 01:33:28,2022-12-06 23:12:04,unknown
156,user_156@proton.me,PT,2022-06-01 06:10:28,0.0,2025-03-08 18:03:34,,+351,2022-06-01 06:10:28,2025-03-08 18:03:34,ok
157,user_157@hotmail.com,BE,2022-03-31T19:25:12Z,2.0,2025-09-01 20:22:07,,+32,2022-03-31 19:25:12,2025-09-01 20:22:07,ok
158,user_158@outlook.com,FRANCE,2021-05-21 08:42:50,3.0,2024-01-17 12:33:14,,+39,2021-05-21 08:42:50,2024-01-17 12:33:14,country_not_mapped
159,user_159@yahoo.fr,ES,2024-02-18 06:42:56,0.0,2024-08-26 14:39:48,f5a6c13c,+34,2024-02-18 06:42:56,2024-08-26 14:39:48,ok
160,user_160@yahoo.fr,AT,2025-01-28 19:28:03,0.0,2025-09-28 16:53:46,81d67c66,+43,2025-01-28 19:28:03,2025-09-28 16:53:46,ok
161,user_161@outlook.com,AT,2021-12-29T10:19:50Z,0.0,2024-12-29 20:05:45,ff2b9dc5,+43,2021-12-29 10:19:50,2024-12-29 20:05:45,ok
162,user_162@hotmail.com,FR,2023-04-11 10:21:27,0.0,2024-12-27 20:45:32,,+33,2023-04-11 10:21:27,2024-12-27 20:45:32,ok
163,user_163@free.fr,FR,1658107747,,2026-01-20 03:19:16,,,2022-07-18 01:29:07,2026-01-20 03:19:16,unknown
164,user_164@hotmail.com,CH,2021-05-23 05:21:14,0.0,2023-01-31 16:11:07,,+41,2021-05-23 05:21:14,2023-01-31 16:11:07,ok
165,user_165@proton.me,NL,1721400817,0.0,2024-11-05 04:36:00,,+31,2024-07-19 14:53:37,2024-11-05 04:36:00,ok
166,user_166@outlook.com,AT,2024-09-09 22:08:05,1.0,2025-09-25 09:32:17,,+43,2024-09-09 22:08:05,2025-09-25 09:32:17,ok
167,user_167@free.fr,DE,2020-05-22 18:57:21,0.0,2025-06-20 07:45:45,,,2020-05-22 18:57:21,2025-06-20 07:45:45,unknown
168,user_168@yahoo.fr,FR,2023-05-26T05:02:46Z,3.0,2024-01-10 18:31:25,,+33,2023-05-26 05:02:46,2024-01-10 18:31:25,ok
169,user_169@proton.me,,2021-11-24T11:15:56Z,0.0,2025-05-22 11:13:22,,,2021-11-24 11:15:56,2025-05-22 11:13:22,unknown
170,user_170@yahoo.fr,AT,2024-03-26 05:55:33,0.0,2025-05-08 09:31:47,,+43,2024-03-26 05:55:33,2025-05-08 09:31:47,ok
171,user_171@yahoo.fr,BE,2022-05-31 08:16:22,0.0,2025-01-03 01:34:34,29877161,+32,2022-05-31 08:16:22,2025-01-03 01:34:34,ok
172,user_172@free.fr,BE,2024-03-30 16:44:10,0.0,2024-12-26 14:53:54,,+32,2024-03-30 16:44:10,2024-12-26 14:53:54,ok
173,user_173@free.fr,DE,2021-05-30 02:03:05,0.0,2023-11-18 11:46:16,3bd8d820,+49,2021-05-30 02:03:05,2023-11-18 11:46:16,ok
174,user_174@free.fr,FR,2022-06-22 21:33:53,0.0,2023-01-22 03:28:17,ccd93ecc,,2022-06-22 21:33:53,2023-01-22 03:28:17,unknown
175,user_175@proton.me,,2021-01-07T09:10:17Z,0.0,2022-03-10 11:27:23,,,2021-01-07 09:10:17,2022-03-10 11:27:23,unknown
176,user_176@gmail.com,,2022-08-10T10:32:33Z,0.0,2023-12-22 08:32:32,,+34,2022-08-10 10:32:33,2023-12-22 08:32:32,unknown
177,user_177@gmail.com,ES,2023-09-20 07:45:44,4.0,2024-06-19 09:38:24,,,2023-09-20 07:45:44,2024-06-19 09:38:24,unknown
178,user_178@gmail.com,,2020-03-29 19:00:36,0.0,2022-10-12 20:44:45,,,2020-03-29 19:00:36,2022-10-12 20:44:45,unknown
179,user_179@gmail.com,NL,2024-06-14 12:49:19,0.0,2025-06-13 01:21:41,,+31,2024-06-14 12:49:19,2025-06-13 01:21:41,ok
180,user_180@free.fr,,2024-12-29 00:50:11,0.0,2025-05-28 01:37:25,1dfe385c,,2024-12-29 00:50:11,2025-05-28 01:37:25,unknown
181,user_181@hotmail.com,DE,2020-03-22 05:17:27,0.0,2022-06-10 10:51:01,ae67d5b3,+49,2020-03-22 05:17:27,2022-06-10 10:51:01,ok
182,user_182@free.fr,CH,14/02/2024 22:21,0.0,2025-06-05 12:56:06,,+41,2024-02-14 22:21:00,2025-06-05 12:56:06,ok
183,user_183@yahoo.fr,AT,2023-04-16T22:03:34Z,0.0,2025-11-26 16:57:25,,+43,2023-04-16 22:03:34,2025-11-26 16:57:25,ok
184,user_184@yahoo.fr,FRA,26/09/2024 00:13,3.0,2026-02-23 19:50:28,,+49,2024-09-26 00:13:00,2026-02-23 19:50:28,country_not_mapped
185,user_185@yahoo.fr,FR,2020-09-08 21:00:49,4.0,2025-05-07 08:42:04,,,2020-09-08 21:00:49,2025-05-07 08:42:04,unknown
186,user_186@hotmail.com,DE,2024-04-27 17:39:19,4.0,2024-07-07 08:55:49,,,2024-04-27 17:39:19,2024-07-07 08:55:49,unknown
187,user_187@outlook.com,ES,2026-03-26 14:59:14,0.0,2025-11-11 00:37:25,e9adb211,+43,2026-03-26 14:59:14,2025-11-11 00:37:25,mismatch
188,user_188@yahoo.fr,DE,2020-06-07T14:19:25Z,0.0,2022-11-16 13:21:30,,+351,2020-06-07 14:19:25,2022-11-16 13:21:30,mismatch
189,user_189@free.fr,ES,2023-05-12T02:09:41Z,1.0,2023-09-13 18:05:52,,,2023-05-12 02:09:41,2023-09-13 18:05:52,unknown
190,user_190@gmail.com,BE,2022-01-21T20:59:09Z,0.0,2025-08-10 17:23:29,36e38dd9,+32,2022-01-21 20:59:09,2025-08-10 17:23:29,ok
191,user_191@hotmail.com,FR,14/02/2021 14:18,2.0,2020-10-31 14:18:23,,+33,2021-02-14 14:18:00,2020-10-31 14:18:23,ok
192,user_192@hotmail.com,IT,2022-03-31T08:42:03Z,0.0,2025-05-24 18:04:24,,+39,2022-03-31 08:42:03,2025-05-24 18:04:24,ok
193,user_193@free.fr,ES,2025-01-23 21:54:01,0.0,2025-09-28 14:41:45,b7e6ba42,,2025-01-23 21:54:01,2025-09-28 14:41:45,unknown
194,user_194@hotmail.com,CH,1741845233,0.0,2025-07-27 06:37:02,,+41,2025-03-13 05:53:53,2025-07-27 06:37:02,ok
195,user_195@hotmail.com,ES,2023-09-15 11:24:53,0.0,2025-06-10 16:25:12,,+34,2023-09-15 11:24:53,2025-06-10 16:25:12,ok
196,user_196@hotmail.com,CH,2020-08-27 00:45:07,0.0,2025-06-09 07:17:16,9e1f9088,+41,2020-08-27 00:45:07,2025-06-09 07:17:16,ok
197,user_197@free.fr,FR,13/10/2021 19:20,0.0,2022-03-22 22:11:19,,,2021-10-13 19:20:00,2022-03-22 22:11:19,unknown
198,user_198@outlook.com,BE,2024-03-29 10:13:22,4.0,2024-09-07 16:11:51,87795741,+32,2024-03-29 10:13:22,2024-09-07 16:11:51,ok
199,user_199@yahoo.fr,CH,2025-04-21 19:26:41,0.0,2026-01-20 03:02:36,,+41,2025-04-21 19:26:41,2026-01-20 03:02:36,ok
200,user_200@free.fr,AT,2024-05-23 23:40:56,0.0,2025-05-20 22:37:39,c6ac30de,+43,2024-05-23 23:40:56,2025-05-20 22:37:39,ok
201,user_201@proton.me,FRANCE,2022-05-20 04:43:37,4.0,2024-09-25 17:40:37,,+31,2022-05-20 04:43:37,2024-09-25 17:40:37,country_not_mapped
202,user_202@free.fr,FRA,2022-05-09 11:40:24,3.0,2025-08-07 07:49:12,93501339,,2022-05-09 11:40:24,2025-08-07 07:49:12,unknown
203,user_203@proton.me,FR,2024-10-10 08:39:12,-1.0,2026-02-20 20:50:55,a51abe62,+33,2024-10-10 08:39:12,2026-02-20 20:50:55,ok
204,user_204@hotmail.com,NL,2021-06-13T05:35:12Z,0.0,2021-07-11 15:13:25,,+41,2021-06-13 05:35:12,2021-07-11 15:13:25,mismatch
205,user_205@proton.me,FRANCE,1731101490,0.0,2023-11-16 21:31:30,,,2024-11-08 21:31:30,2023-11-16 21:31:30,unknown
206,user_206@yahoo.fr,IT,2021-01-27 11:43:22,0.0,2021-11-22 17:24:24,eb0002e5,+39,2021-01-27 11:43:22,2021-11-22 17:24:24,ok
207,user_207@gmail.com,FRA,2022-01-31T17:08:15Z,1.0,2023-05-12 17:00:09,,+33,2022-01-31 17:08:15,2023-05-12 17:00:09,country_not_mapped
208,user_208@hotmail.com,FRA,2021-08-15 11:17:08,0.0,2022-04-29 08:48:34,,+39,2021-08-15 11:17:08,2022-04-29 08:48:34,country_not_mapped
209,user_209@gmail.com,FRA,25/12/2024 22:29,0.0,2025-12-30 06:27:24,,+39,2024-12-25 22:29:00,2025-12-30 06:27:24,country_not_mapped
210,user_210@free.fr,ES,2025-02-26 20:35:05,1.0,2025-06-18 20:30:36,,+41,2025-02-26 20:35:05,2025-06-18 20:30:36,mismatch
211,user_211@yahoo.fr,DE,2022-12-26T15:34:11Z,2.0,2024-08-13 22:23:37,17684ccb,+351,2022-12-26 15:34:11,2024-08-13 22:23:37,mismatch
212,user_212@hotmail.com,AT,2022-12-10 00:24:24,0.0,2023-01-25 00:55:52,,+43,2022-12-10 00:24:24,2023-01-25 00:55:52,ok
213,user_213@gmail.com,DE,2022-09-04 17:05:25,0.0,2026-01-26 10:44:37,,+49,2022-09-04 17:05:25,2026-01-26 10:44:37,ok
214,user_214@hotmail.com,NL,2020-12-10 08:15:29,4.0,2020-12-26 11:38:30,,+31,2020-12-10 08:15:29,2020-12-26 11:38:30,ok
215,user_106@hotmail.com,DE,2021-01-15T22:04:44Z,0.0,2021-04-07 12:18:30,,+49,2021-01-15 22:04:44,2021-04-07 12:18:30,ok
216,user_216@yahoo.fr,FRA,2024-12-03 10:04:07,0.0,2025-06-09 23:07:01,6f8fe827,+49,2024-12-03 10:04:07,2025-06-09 23:07:01,country_not_mapped
217,user_217@free.fr,FRA,2023-03-27T23:25:31Z,4.0,2024-04-21 23:28:17,719a1aab,,2023-03-27 23:25:31,2024-04-21 23:28:17,unknown
218,user_218@free.fr,FR,2022-12-19 20:24:40,0.0,2024-11-02 17:06:40,,,2022-12-19 20:24:40,2024-11-02 17:06:40,unknown
219,user_219@free.fr,AT,2022-11-17T12:37:44Z,1.0,2024-02-13 06:36:12,,+43,2022-11-17 12:37:44,2024-02-13 06:36:12,ok
220,user_220@proton.me,ES,2024-12-16 19:44:29,0.0,2025-05-21 00:17:03,,+34,2024-12-16 19:44:29,2025-05-21 00:17:03,ok
221,user_221@hotmail.com,FRA,2022-08-23T03:13:45Z,1.0,2026-03-06 11:39:40,,,2022-08-23 03:13:45,2026-03-06 11:39:40,unknown
222,user_222@hotmail.com,FR,2020-10-16 19:14:24,,2024-08-12 00:04:53,,,2020-10-16 19:14:24,2024-08-12 00:04:53,unknown
223,user_223@proton.me,FR,2023-03-23 00:27:42,4.0,2026-03-16 23:17:01,,,2023-03-23 00:27:42,2026-03-16 23:17:01,unknown
224,user_224@free.fr,FRA,2020-07-16T15:00:02Z,99.0,2025-05-01 11:44:56,e4ca2a04,,2020-07-16 15:00:02,2025-05-01 11:44:56,unknown
225,user_225@yahoo.fr,AT,2024-11-28 15:00:16,1.0,2026-02-22 12:38:59,0011c528,+43,2024-11-28 15:00:16,2026-02-22 12:38:59,ok
226,user_226@free.fr,ES,2020-11-22 17:47:52,3.0,2021-11-18 08:33:16,,+34,2020-11-22 17:47:52,2021-11-18 08:33:16,ok
227,user_227@gmail.com,DE,2024-01-05 16:54:29,0.0,2025-05-15 02:42:54,,,2024-01-05 16:54:29,2025-05-15 02:42:54,unknown
228,user_228@yahoo.fr,NL,1648495683,0.0,2024-06-07 09:06:52,6ac8635c,+31,2022-03-28 19:28:03,2024-06-07 09:06:52,ok
229,user_229@hotmail.com,PT,2026-03-25 10:02:41,0.0,2025-08-06 14:19:44,4bee1604,+351,2026-03-25 10:02:41,2025-08-06 14:19:44,ok
230,user_230@gmail.com,BE,2023-04-11 11:30:19,0.0,2024-08-29 21:06:13,,+32,2023-04-11 11:30:19,2024-08-29 21:06:13,ok
231,user_231@hotmail.com,FR,2021-02-18T21:45:39Z,0.0,2024-02-04 20:54:08,,,2021-02-18 21:45:39,2024-02-04 20:54:08,unknown
232,user_232@gmail.com,ES,2022-10-30 00:49:18,0.0,2023-05-01 03:01:21,,+34,2022-10-30 00:49:18,2023-05-01 03:01:21,ok
233,user_233@free.fr,,2024-04-21 00:45:41,0.0,2025-08-27 15:22:14,,+33,2024-04-21 00:45:41,2025-08-27 15:22:14,unknown
234,user_234@yahoo.fr,ES,2023-03-21 11:54:03,0.0,2023-04-05 09:11:50,,,2023-03-21 11:54:03,2023-04-05 09:11:50,unknown
235,user_235@proton.me,FR,2023-12-09 23:59:05,0.0,2026-01-07 04:01:23,c496ab4b,+33,2023-12-09 23:59:05,2026-01-07 04:01:23,ok
236,user_236@proton.me,DE,2024-05-17 21:14:23,0.0,2025-07-18 20:52:42,,+49,2024-05-17 21:14:23,2025-07-18 20:52:42,ok
237,user_237@hotmail.com,DE,2023-12-02T06:40:39Z,0.0,2026-03-30 00:12:14,c742a9bf,+49,2023-12-02 06:40:39,2026-03-30 00:12:14,ok
238,user_238@yahoo.fr,IT,2023-11-25 03:25:28,2.0,2024-05-25 11:53:33,,+39,2023-11-25 03:25:28,2024-05-25 11:53:33,ok
239,user_239@gmail.com,FR,2021-05-07 14:06:40,3.0,2023-02-08 12:47:21,,+32,2021-05-07 14:06:40,2023-02-08 12:47:21,mismatch
240,user_240@yahoo.fr,DE,16/07/2024 05:33,3.0,2025-12-25 20:37:06,22a710b1,+31,2024-07-16 05:33:00,2025-12-25 20:37:06,mismatch
241,user_241@hotmail.com,AT,2022-04-09T03:01:08Z,3.0,2025-07-05 00:48:42,a84ee330,+43,2022-04-09 03:01:08,2025-07-05 00:48:42,ok
242,user_242@outlook.com,AT,2024-07-19 22:55:37,0.0,2024-06-01 22:55:37,,+43,2024-07-19 22:55:37,2024-06-01 22:55:37,ok
243,user_243@hotmail.com,IT,2023-03-18T23:01:21Z,2.0,2023-06-25 08:09:41,7c44fc72,+39,2023-03-18 23:01:21,2023-06-25 08:09:41,ok
244,user_244@free.fr,DE,2024-04-16 21:25:01,0.0,2025-12-20 04:27:43,9b835d6a,+351,2024-04-16 21:25:01,2025-12-20 04:27:43,mismatch
245,user_245@outlook.com,ES,19/11/2021 13:56,4.0,2023-01-03 10:05:26,b346cf89,+34,2021-11-19 13:56:00,2023-01-03 10:05:26,ok
246,user_123@gmail.com,DE,2023-07-15T09:22:09Z,0.0,2026-03-13 05:35:13,907ecd07,+33,2023-07-15 09:22:09,2026-03-13 05:35:13,mismatch
247,user_247@hotmail.com,FRANCE,2023-02-01 10:44:43,99.0,2023-08-07 18:48:26,35ae51b7,+351,2023-02-01 10:44:43,2023-08-07 18:48:26,country_not_mapped
248,user_248@proton.me,FR,2021-04-18 16:06:08,0.0,2022-07-06 11:59:56,,+33,2021-04-18 16:06:08,2022-07-06 11:59:56,ok
249,user_249@yahoo.fr,DE,2025-05-28 01:57:24,0.0,2026-02-18 17:13:01,,+49,2025-05-28 01:57:24,2026-02-18 17:13:01,ok
250,user_250@gmail.com,IT,2021-05-09T10:29:40Z,0.0,2023-06-18 06:47:09,,+39,2021-05-09 10:29:40,2023-06-18 06:47:09,ok
251,user_251@proton.me,IT,2022-09-24 04:36:17,0.0,2023-08-09 08:10:34,,+39,2022-09-24 04:36:17,2023-08-09 08:10:34,ok
252,user_252@proton.me,DE,1613285196,0.0,2023-03-05 07:08:06,dc24d95e,+49,2021-02-14 06:46:36,2023-03-05 07:08:06,ok
253,user_253@hotmail.com,DE,2024-10-23 11:16:21,0.0,2024-07-04 11:16:21,213059a5,+41,2024-10-23 11:16:21,2024-07-04 11:16:21,mismatch
254,user_254@gmail.com,FRA,2023-09-12T16:51:16Z,1.0,2025-07-01 16:53:01,,+34,2023-09-12 16:51:16,2025-07-01 16:53:01,country_not_mapped
255,user_255@free.fr,DE,2024-09-22T12:09:01Z,0.0,2025-06-03 07:13:02,,,2024-09-22 12:09:01,2025-06-03 07:13:02,unknown
256,user_256@hotmail.com,DE,2020-08-27T21:46:49Z,0.0,2022-09-26 11:30:44,,+49,2020-08-27 21:46:49,2022-09-26 11:30:44,ok
257,user_257@outlook.com,CH,2021-05-01T07:15:11Z,0.0,2021-06-05 13:36:55,,+41,2021-05-01 07:15:11,2021-06-05 13:36:55,ok
258,user_258@hotmail.com,BE,2021-03-02 18:56:49,0.0,2021-06-01 23:54:28,,+32,2021-03-02 18:56:49,2021-06-01 23:54:28,ok
259,user_259@yahoo.fr,NL,2020-08-20T05:50:22Z,3.0,2024-11-19 11:27:41,c1ff8f39,+33,2020-08-20 05:50:22,2024-11-19 11:27:41,mismatch
260,user_260@hotmail.com,,30/03/2022 19:04,0.0,2022-06-10 05:23:36,,,2022-03-30 19:04:00,2022-06-10 05:23:36,unknown
261,user_261@hotmail.com,,2023-09-24 22:26:31,0.0,2024-09-07 16:58:46,,,2023-09-24 22:26:31,2024-09-07 16:58:46,unknown
262,user_262@gmail.com,PT,2021-09-09 04:53:03,2.0,2023-08-03 14:46:05,,+351,2021-09-09 04:53:03,2023-08-03 14:46:05,ok
263,user_263@proton.me,DE,2020-03-25T18:13:29Z,0.0,2023-05-15 22:50:45,,,2020-03-25 18:13:29,2023-05-15 22:50:45,unknown
264,user_264@hotmail.com,FR,2021-10-29 03:45:07,0.0,2023-11-29 17:44:11,,+351,2021-10-29 03:45:07,2023-11-29 17:44:11,mismatch
265,user_265@yahoo.fr,PT,2022-10-12 09:39:19,0.0,2023-03-22 21:09:20,28be70ed,+351,2022-10-12 09:39:19,2023-03-22 21:09:20,ok
266,user_266@free.fr,DE,2023-09-05 07:44:51,0.0,2025-04-05 23:15:17,,+34,2023-09-05 07:44:51,2025-04-05 23:15:17,mismatch
267,user_267@outlook.com,,2022-03-06T14:58:48Z,0.0,2023-06-02 17:27:01,9deea00c,+49,2022-03-06 14:58:48,2023-06-02 17:27:01,unknown
268,user_268@hotmail.com,NL,2021-06-26 20:15:02,0.0,2022-05-21 02:39:48,,+31,2021-06-26 20:15:02,2022-05-21 02:39:48,ok
269,user_269@free.fr,BE,2021-03-08T13:24:11Z,0.0,2021-12-14 11:40:23,,+32,2021-03-08 13:24:11,2021-12-14 11:40:23,ok
270,user_270@gmail.com,FRA,2022-04-11T04:32:03Z,0.0,2023-10-15 19:35:07,,,2022-04-11 04:32:03,2023-10-15 19:35:07,unknown
271,user_271@gmail.com,DE,2024-11-04 03:59:12,0.0,2025-05-17 05:34:38,d53843b0,+49,2024-11-04 03:59:12,2025-05-17 05:34:38,ok
272,user_272@gmail.com,FR,2025-02-12 05:12:34,4.0,2025-09-01 05:58:33,27cb14dc,+33,2025-02-12 05:12:34,2025-09-01 05:58:33,ok
273,user_273@proton.me,PT,2020-07-11 15:40:05,0.0,2024-06-12 21:56:27,937ca51f,+351,2020-07-11 15:40:05,2024-06-12 21:56:27,ok
274,user_274@proton.me,FR,2023-12-16 17:01:21,0.0,2024-08-03 14:24:11,5d2188f1,+41,2023-12-16 17:01:21,2024-08-03 14:24:11,mismatch
275,user_275@proton.me,DE,2022-04-14 01:48:10,,2024-12-18 22:01:50,,+41,2022-04-14 01:48:10,2024-12-18 22:01:50,mismatch
276,user_276@gmail.com,NL,2022-11-25 04:33:49,0.0,2024-07-20 12:28:01,,+31,2022-11-25 04:33:49,2024-07-20 12:28:01,ok
277,user_277@yahoo.fr,DE,2023-03-16 12:07:41,,2025-09-08 16:48:46,,+49,2023-03-16 12:07:41,2025-09-08 16:48:46,ok
278,user_278@hotmail.com,NL,1641918648,3.0,2024-06-23 23:52:14,,+31,2022-01-11 16:30:48,2024-06-23 23:52:14,ok
279,user_279@free.fr,NL,2023-03-20 16:48:32,0.0,2025-09-24 15:51:26,,+31,2023-03-20 16:48:32,2025-09-24 15:51:26,ok
280,user_280@hotmail.com,FR,2024-05-08 07:05:05,0.0,2025-07-03 09:01:11,d9e526b5,+33,2024-05-08 07:05:05,2025-07-03 09:01:11,ok
281,user_281@outlook.com,FR,2023-01-23 16:50:09,0.0,2026-02-10 10:12:29,,+33,2023-01-23 16:50:09,2026-02-10 10:12:29,ok
282,user_282@free.fr,PT,2020-10-12 08:20:54,1.0,2023-12-17 01:17:45,,+351,2020-10-12 08:20:54,2023-12-17 01:17:45,ok
283,user_283@free.fr,CH,22/04/2024 16:15,0.0,2025-09-08 21:51:49,,+41,2024-04-22 16:15:00,2025-09-08 21:51:49,ok
284,user_284@yahoo.fr,ES,10/10/2022 06:23,1.0,2025-11-23 11:42:49,,+34,2022-10-10 06:23:00,2025-11-23 11:42:49,ok
285,user_285@proton.me,IT,2020-06-09 14:37:56,0.0,2021-12-27 07:37:55,20b653d7,+39,2020-06-09 14:37:56,2021-12-27 07:37:55,ok
286,user_286@outlook.com,IT,2020-12-01 15:53:26,0.0,2023-10-10 19:11:07,ac0e0093,+39,2020-12-01 15:53:26,2023-10-10 19:11:07,ok
287,user_287@hotmail.com,NL,2021-07-30 19:05:35,0.0,2025-02-06 02:35:57,,+31,2021-07-30 19:05:35,2025-02-06 02:35:57,ok
288,user_288@gmail.com,BE,2021-07-19 08:32:54,0.0,2025-05-21 10:58:38,,+32,2021-07-19 08:32:54,2025-05-21 10:58:38,ok
289,user_289@gmail.com,NL,2020-10-20T00:35:08Z,4.0,2025-06-15 15:18:39,,+31,2020-10-20 00:35:08,2025-06-15 15:18:39,ok
290,user_290@outlook.com,IT,2023-11-10 00:19:39,0.0,2024-07-11 01:34:51,,+39,2023-11-10 00:19:39,2024-07-11 01:34:51,ok
291,user_45@outlook.com,FR,2022-09-10 23:47:59,0.0,2023-09-15 00:14:30,,,2022-09-10 23:47:59,2023-09-15 00:14:30,unknown
292,user_292@yahoo.fr,ES,1711957972,0.0,2024-09-03 10:05:21,,+34,2024-04-01 07:52:52,2024-09-03 10:05:21,ok
293,user_293@hotmail.com,ES,2022-06-02 08:09:37,0.0,2022-10-21 21:59:21,,+34,2022-06-02 08:09:37,2022-10-21 21:59:21,ok
294,user_294@free.fr,FRA,2022-06-13T09:26:01Z,0.0,2024-11-05 22:04:16,,+33,2022-06-13 09:26:01,2024-11-05 22:04:16,country_not_mapped
295,user_295@proton.me,FRA,2023-06-16 16:43:21,0.0,2025-09-05 12:00:06,7fac789d,+41,2023-06-16 16:43:21,2025-09-05 12:00:06,country_not_mapped
296,user_296@hotmail.com,ES,2025-01-09 13:02:24,0.0,2025-05-04 01:39:48,1a623aae,+34,2025-01-09 13:02:24,2025-05-04 01:39:48,ok
297,user_297@free.fr,,2021-06-03 10:36:04,0.0,2023-08-13 16:00:07,,,2021-06-03 10:36:04,2023-08-13 16:00:07,unknown
298,user_298@proton.me,DE,2020-04-08 09:54:41,0.0,2026-03-24 12:25:27,,,2020-04-08 09:54:41,2026-03-24 12:25:27,unknown
299,user_299@outlook.com,ES,2021-01-23 04:42:10,2.0,2025-11-06 09:26:41,,,2021-01-23 04:42:10,2025-11-06 09:26:41,unknown
300,user_300@yahoo.fr,FR,2020-06-25T09:38:34Z,0.0,2021-12-12 09:47:06,,+43,2020-06-25 09:38:34,2021-12-12 09:47:06,mismatch
301,user_301@outlook.com,ES,2022-06-13 11:06:03,0.0,2026-04-06 22:51:14,,,2022-06-13 11:06:03,2026-04-06 22:51:14,unknown
302,user_302@free.fr,AT,2022-02-07 05:44:12,0.0,2022-09-03 23:59:31,424d3b41,+43,2022-02-07 05:44:12,2022-09-03 23:59:31,ok
303,user_303@outlook.com,ES,2024-04-14T03:58:49Z,0.0,2025-11-25 01:57:41,,,2024-04-14 03:58:49,2025-11-25 01:57:41,unknown
304,user_304@yahoo.fr,,2024-08-15T21:36:48Z,0.0,2025-10-31 14:26:00,,,2024-08-15 21:36:48,2025-10-31 14:26:00,unknown
305,user_305@proton.me,PT,2022-06-30 05:14:34,3.0,2024-01-23 10:23:52,,+351,2022-06-30 05:14:34,2024-01-23 10:23:52,ok
306,user_306@outlook.com,ES,2024-03-14 11:25:12,0.0,2025-06-13 07:39:38,079208cc,+34,2024-03-14 11:25:12,2025-06-13 07:39:38,ok
307,user_307@free.fr,IT,2021-12-26 20:45:06,0.0,2023-11-14 13:53:03,,+34,2021-12-26 20:45:06,2023-11-14 13:53:03,mismatch
308,user_308@proton.me,DE,2021-08-21T02:46:36Z,0.0,2021-09-16 09:52:41,,,2021-08-21 02:46:36,2021-09-16 09:52:41,unknown
309,user_192@proton.me,FRA,2024-01-26T01:22:22Z,0.0,2025-02-20 12:33:56,,,2024-01-26 01:22:22,2025-02-20 12:33:56,unknown
310,user_310@gmail.com,NL,2022-09-14T07:58:41Z,0.0,2025-08-12 12:44:57,,+31,2022-09-14 07:58:41,2025-08-12 12:44:57,ok
311,user_311@yahoo.fr,,15/09/2022 07:28,0.0,2023-07-04 22:03:11,,+33,2022-09-15 07:28:00,2023-07-04 22:03:11,unknown
312,user_312@hotmail.com,PT,2024-05-24 06:48:20,0.0,2025-01-08 21:16:31,87639ec5,+351,2024-05-24 06:48:20,2025-01-08 21:16:31,ok
313,user_313@outlook.com,CH,2024-03-18 01:23:15,4.0,2026-02-20 04:15:58,4b99cc54,+41,2024-03-18 01:23:15,2026-02-20 04:15:58,ok
314,user_314@outlook.com,FRA,2024-12-01 20:25:16,4.0,2025-04-23 01:03:45,,+32,2024-12-01 20:25:16,2025-04-23 01:03:45,country_not_mapped
315,user_315@gmail.com,AT,2025-02-22T07:18:57Z,0.0,2025-10-08 16:49:33,,+43,2025-02-22 07:18:57,2025-10-08 16:49:33,ok
316,user_316@hotmail.com,FR,2021-03-08 06:07:25,0.0,2024-06-06 01:26:35,,+33,2021-03-08 06:07:25,2024-06-06 01:26:35,ok
317,user_317@free.fr,ES,2024-01-21 14:59:56,0.0,2024-08-31 02:46:56,,+32,2024-01-21 14:59:56,2024-08-31 02:46:56,mismatch
318,user_318@yahoo.fr,AT,2021-12-11T12:40:51Z,0.0,2023-05-19 08:50:14,,+43,2021-12-11 12:40:51,2023-05-19 08:50:14,ok
319,user_319@proton.me,IT,1711171960,0.0,2025-01-14 23:04:49,,+33,2024-03-23 05:32:40,2025-01-14 23:04:49,mismatch
320,user_320@outlook.com,BE,2022-04-13 01:35:48,1.0,2023-03-30 13:23:37,,+32,2022-04-13 01:35:48,2023-03-30 13:23:37,ok
321,user_321@proton.me,CH,21/08/2022 13:41,1.0,2024-07-29 19:51:24,,+41,2022-08-21 13:41:00,2024-07-29 19:51:24,ok
322,user_322@hotmail.com,FR,2021-10-07T10:03:48Z,4.0,2023-03-03 16:40:07,,+33,2021-10-07 10:03:48,2023-03-03 16:40:07,ok
323,user_323@hotmail.com,,2023-04-13T23:02:23Z,2.0,2026-01-18 12:56:34,6081dc8b,+49,2023-04-13 23:02:23,2026-01-18 12:56:34,unknown
324,user_324@proton.me,BE,2023-09-16 21:02:19,0.0,2025-08-07 02:16:33,,+32,2023-09-16 21:02:19,2025-08-07 02:16:33,ok
325,user_325@free.fr,ES,03/08/2024 13:04,0.0,2025-03-01 05:48:26,47f1f642,+34,2024-03-08 13:04:00,2025-03-01 05:48:26,ok
326,user_326@yahoo.fr,NL,2021-11-11 14:23:36,3.0,2024-02-06 16:38:27,bec77696,+31,2021-11-11 14:23:36,2024-02-06 16:38:27,ok
327,user_327@gmail.com,ES,2020-04-09 14:39:50,0.0,2025-12-26 07:15:37,b00b6758,+39,2020-04-09 14:39:50,2025-12-26 07:15:37,mismatch
328,user_328@gmail.com,DE,19/01/2024 01:50,0.0,2025-04-22 22:20:48,,+49,2024-01-19 01:50:00,2025-04-22 22:20:48,ok
329,user_329@gmail.com,FR,2021-02-24T02:12:32Z,3.0,2021-12-16 05:48:28,,+33,2021-02-24 02:12:32,2021-12-16 05:48:28,ok
330,user_330@yahoo.fr,DE,1607972229,3.0,2024-02-15 11:40:26,,+49,2020-12-14 18:57:09,2024-02-15 11:40:26,ok
331,user_331@free.fr,FR,2021-08-01T03:55:24Z,0.0,2022-07-18 10:01:53,,+33,2021-08-01 03:55:24,2022-07-18 10:01:53,ok
332,user_332@outlook.com,FR,2023-11-22T07:47:13Z,0.0,2024-08-29 21:40:13,941ebfdf,,2023-11-22 07:47:13,2024-08-29 21:40:13,unknown
333,user_333@free.fr,NL,30/11/2023 04:04,0.0,2024-02-09 14:02:33,,+31,2023-11-30 04:04:00,2024-02-09 14:02:33,ok
334,user_334@free.fr,FR,2023-01-16T01:31:27Z,0.0,2025-04-01 10:57:46,,+41,2023-01-16 01:31:27,2025-04-01 10:57:46,mismatch
335,user_335@yahoo.fr,CH,18/05/2025 06:10,0.0,2025-06-08 10:46:28,,+41,2025-05-18 06:10:00,2025-06-08 10:46:28,ok
336,user_336@proton.me,FRA,2022-07-13T04:53:56Z,0.0,2022-09-29 10:06:34,,+43,2022-07-13 04:53:56,2022-09-29 10:06:34,country_not_mapped
337,user_337@hotmail.com,FRANCE,2023-12-19 23:48:55,0.0,2025-04-23 23:26:35,640dd9c8,,2023-12-19 23:48:55,2025-04-23 23:26:35,unknown
338,user_338@free.fr,FRA,2022-10-03 08:28:11,0.0,2024-12-01 00:40:27,,+43,2022-10-03 08:28:11,2024-12-01 00:40:27,country_not_mapped
339,user_339@free.fr,IT,2026-05-18T22:08:06Z,0.0,2025-03-06 16:50:15,,+39,2026-05-18 22:08:06,2025-03-06 16:50:15,ok
340,user_340@free.fr,FRANCE,2020-07-21 05:27:47,0.0,2021-12-13 05:46:27,,+43,2020-07-21 05:27:47,2021-12-13 05:46:27,country_not_mapped
341,user_341@hotmail.com,FR,2021-10-14T02:34:57Z,0.0,2024-08-29 00:44:04,,+33,2021-10-14 02:34:57,2024-08-29 00:44:04,ok
342,user_342@gmail.com,CH,2024-06-14 11:41:46,-1.0,2024-09-27 01:29:35,,+41,2024-06-14 11:41:46,2024-09-27 01:29:35,ok
343,user_343@yahoo.fr,DE,2021-09-02T13:10:17Z,1.0,2023-02-24 01:28:25,,+49,2021-09-02 13:10:17,2023-02-24 01:28:25,ok
344,user_344@outlook.com,BE,2022-04-11 06:01:33,0.0,2023-06-10 06:25:10,,+32,2022-04-11 06:01:33,2023-06-10 06:25:10,ok
345,user_345@proton.me,FRA,2024-10-27 23:22:25,1.0,2025-06-28 19:05:41,,+34,2024-10-27 23:22:25,2025-06-28 19:05:41,country_not_mapped
346,user_346@outlook.com,FRANCE,2024-06-13 13:01:04,1.0,2025-08-08 21:47:30,,+41,2024-06-13 13:01:04,2025-08-08 21:47:30,country_not_mapped
347,user_347@gmail.com,CH,2022-08-06 08:20:06,0.0,2026-03-14 14:00:33,24a56258,+41,2022-08-06 08:20:06,2026-03-14 14:00:33,ok
348,user_348@free.fr,DE,2022-04-18T11:10:58Z,3.0,2022-12-01 22:25:43,5e248189,,2022-04-18 11:10:58,2022-12-01 22:25:43,unknown
349,user_349@hotmail.com,IT,2022-01-26T21:34:15Z,0.0,2025-03-25 04:43:25,dbe4c78e,+39,2022-01-26 21:34:15,2025-03-25 04:43:25,ok
350,user_350@free.fr,BE,28/10/2022 09:10,0.0,2025-03-04 01:52:01,11091544,+32,2022-10-28 09:10:00,2025-03-04 01:52:01,ok
351,user_351@yahoo.fr,BE,1740964287,2.0,2025-08-02 15:38:23,,+32,2025-03-03 01:11:27,2025-08-02 15:38:23,ok
352,user_352@outlook.com,ES,2020-07-05T05:54:28Z,0.0,2019-11-09 05:54:28,f246dc7f,+34,2020-07-05 05:54:28,2019-11-09 05:54:28,ok
353,user_353@proton.me,CH,2025-05-26T15:06:35Z,0.0,2026-02-07 16:22:25,d81a071e,+41,2025-05-26 15:06:35,2026-02-07 16:22:25,ok
354,user_354@outlook.com,IT,2024-10-13T06:59:29Z,0.0,2025-12-04 10:04:01,,+39,2024-10-13 06:59:29,2025-12-04 10:04:01,ok
355,user_355@free.fr,FR,2024-03-15 07:55:05,3.0,2025-05-25 07:57:17,,+33,2024-03-15 07:55:05,2025-05-25 07:57:17,ok
356,user_356@gmail.com,PT,2020-07-02T21:27:47Z,0.0,2023-03-27 00:15:39,,+351,2020-07-02 21:27:47,2023-03-27 00:15:39,ok
357,user_357@outlook.com,,2024-06-28 14:04:31,0.0,2025-06-09 15:51:28,,,2024-06-28 14:04:31,2025-06-09 15:51:28,unknown
358,user_358@yahoo.fr,FRA,2024-09-12 14:42:28,0.0,2024-09-18 07:21:35,b4328887,,2024-09-12 14:42:28,2024-09-18 07:21:35,unknown
359,user_359@yahoo.fr,FR,2023-11-13 05:40:47,1.0,2024-03-04 06:31:35,,+33,2023-11-13 05:40:47,2024-03-04 06:31:35,ok
360,user_360@hotmail.com,PT,2025-01-20 08:17:44,4.0,2025-07-16 03:55:03,4a6c4124,+351,2025-01-20 08:17:44,2025-07-16 03:55:03,ok
361,user_361@gmail.com,NL,2025-02-22 10:05:54,1.0,2025-03-29 18:35:38,ccfb051d,+31,2025-02-22 10:05:54,2025-03-29 18:35:38,ok
362,user_362@yahoo.fr,ES,2020-06-04T18:02:33Z,0.0,2024-06-16 09:07:32,,+34,2020-06-04 18:02:33,2024-06-16 09:07:32,ok
363,user_363@proton.me,ES,2023-05-04 06:37:38,0.0,2023-05-21 14:20:13,,+34,2023-05-04 06:37:38,2023-05-21 14:20:13,ok
364,user_364@free.fr,ES,2023-02-02 07:26:14,0.0,2023-12-28 05:33:45,473e98d8,,2023-02-02 07:26:14,2023-12-28 05:33:45,unknown
365,user_365@proton.me,DE,2020-08-16 23:29:08,0.0,2025-04-18 04:47:27,,+49,2020-08-16 23:29:08,2025-04-18 04:47:27,ok
366,user_366@proton.me,DE,2021-04-03 08:24:50,0.0,2023-04-02 00:27:02,,+49,2021-04-03 08:24:50,2023-04-02 00:27:02,ok
367,user_367@outlook.com,PT,2024-12-22 02:36:50,0.0,2026-03-07 09:41:07,,+351,2024-12-22 02:36:50,2026-03-07 09:41:07,ok
368,user_368@outlook.com,,2023-03-22 21:13:09,1.0,2023-10-17 12:30:12,659c55c0,,2023-03-22 21:13:09,2023-10-17 12:30:12,unknown
369,user_369@free.fr,,2021-05-09T23:16:51Z,0.0,2025-12-08 09:33:09,,,2021-05-09 23:16:51,2025-12-08 09:33:09,unknown
370,user_370@yahoo.fr,,2025-02-01 13:58:17,2.0,2025-12-13 06:13:30,,+351,2025-02-01 13:58:17,2025-12-13 06:13:30,unknown
371,user_371@free.fr,ES,2022-01-23 18:57:00,2.0,2025-11-08 14:09:01,,,2022-01-23 18:57:00,2025-11-08 14:09:01,unknown
372,user_372@proton.me,ES,2025-05-21 17:50:26,0.0,2026-02-11 10:41:21,,+34,2025-05-21 17:50:26,2026-02-11 10:41:21,ok
373,user_373@hotmail.com,IT,2024-04-11 04:37:38,0.0,2025-01-14 21:03:39,,+39,2024-04-11 04:37:38,2025-01-14 21:03:39,ok
374,user_374@gmail.com,FR,2024-02-28 05:26:54,0.0,2026-02-10 04:22:50,,+33,2024-02-28 05:26:54,2026-02-10 04:22:50,ok
375,user_375@yahoo.fr,PT,2022-05-28 02:16:09,0.0,2024-11-11 23:12:45,,+351,2022-05-28 02:16:09,2024-11-11 23:12:45,ok
376,user_376@outlook.com,AT,22/01/2022 12:34,0.0,2021-11-11 12:34:23,d6ce4e6f,+43,2022-01-22 12:34:00,2021-11-11 12:34:23,ok
377,user_377@free.fr,ES,2021-10-02 16:41:50,0.0,2023-02-03 14:06:42,,+39,2021-10-02 16:41:50,2023-02-03 14:06:42,mismatch
378,user_378@hotmail.com,FR,2025-03-10 12:33:45,0.0,2025-07-13 18:24:38,,+33,2025-03-10 12:33:45,2025-07-13 18:24:38,ok
379,user_379@yahoo.fr,CH,2021-05-31 07:03:20,0.0,2021-11-21 00:09:25,,+41,2021-05-31 07:03:20,2021-11-21 00:09:25,ok
380,user_380@proton.me,AT,2022-07-29 15:54:30,0.0,2022-12-09 20:50:39,,+43,2022-07-29 15:54:30,2022-12-09 20:50:39,ok
381,user_381@free.fr,FRA,2021-09-17 02:15:54,0.0,2026-01-21 02:38:23,,+39,2021-09-17 02:15:54,2026-01-21 02:38:23,country_not_mapped
382,user_382@yahoo.fr,FR,2024-08-11 00:10:57,1.0,2025-09-06 18:07:31,,,2024-08-11 00:10:57,2025-09-06 18:07:31,unknown
383,user_383@yahoo.fr,,2021-03-01T02:39:30Z,0.0,2021-12-15 15:24:20,,,2021-03-01 02:39:30,2021-12-15 15:24:20,unknown
384,user_384@hotmail.com,IT,2023-04-25 17:20:39,1.0,2023-07-02 04:50:26,,+39,2023-04-25 17:20:39,2023-07-02 04:50:26,ok
385,user_385@outlook.com,AT,23/01/2025 22:40,0.0,2025-04-09 20:15:25,,+43,2025-01-23 22:40:00,2025-04-09 20:15:25,ok
386,user_386@gmail.com,FR,2020-03-17 23:49:54,1.0,2026-03-30 05:48:05,,+49,2020-03-17 23:49:54,2026-03-30 05:48:05,mismatch
387,user_387@outlook.com,BE,2021-06-24 21:07:38,0.0,2025-02-07 15:19:38,,+32,2021-06-24 21:07:38,2025-02-07 15:19:38,ok
388,user_388@hotmail.com,ES,2023-09-05 20:31:28,2.0,2026-01-10 12:29:19,,+34,2023-09-05 20:31:28,2026-01-10 12:29:19,ok
389,user_389@hotmail.com,DE,2021-05-03 23:08:05,1.0,2022-05-08 22:48:46,,,2021-05-03 23:08:05,2022-05-08 22:48:46,unknown
390,user_390@free.fr,FR,2020-08-09T17:20:17Z,0.0,2021-12-22 02:49:58,c742a9bf,+33,2020-08-09 17:20:17,2021-12-22 02:49:58,ok
391,user_391@hotmail.com,FR,2020-06-26 07:14:31,4.0,2023-10-03 08:39:58,,+43,2020-06-26 07:14:31,2023-10-03 08:39:58,mismatch
392,user_392@free.fr,,2023-11-24 20:07:42,0.0,2023-12-11 11:26:27,,+34,2023-11-24 20:07:42,2023-12-11 11:26:27,unknown
393,user_393@gmail.com,ES,2020-06-21 00:54:47,0.0,2023-07-13 17:04:18,,+34,2020-06-21 00:54:47,2023-07-13 17:04:18,ok
394,user_394@proton.me,BE,2020-04-17 17:48:39,4.0,2020-11-16 22:16:40,,+32,2020-04-17 17:48:39,2020-11-16 22:16:40,ok
395,user_395@proton.me,FR,2021-10-26 08:50:59,4.0,2025-09-08 06:08:20,d2cbba8c,+33,2021-10-26 08:50:59,2025-09-08 06:08:20,ok
396,user_396@proton.me,BE,1652194841,0.0,2026-01-30 14:52:23,,+32,2022-05-10 15:00:41,2026-01-30 14:52:23,ok
397,user_397@gmail.com,AT,2024-01-25 14:13:07,4.0,2026-01-10 07:07:17,,+43,2024-01-25 14:13:07,2026-01-10 07:07:17,ok
398,user_398@proton.me,CH,2026-11-20 04:27:08,4.0,2024-08-08 14:56:28,,+41,2026-11-20 04:27:08,2024-08-08 14:56:28,ok
399,user_399@outlook.com,IT,2024-11-17 22:21:24,0.0,2025-04-05 13:34:19,,+39,2024-11-17 22:21:24,2025-04-05 13:34:19,ok
400,user_400@outlook.com,IT,2021-11-11T08:12:59Z,1.0,2023-11-11 00:44:58,,+39,2021-11-11 08:12:59,2023-11-11 00:44:58,ok
401,user_401@proton.me,FR,2020-10-30 20:27:27,0.0,2025-01-08 12:12:43,,+33,2020-10-30 20:27:27,2025-01-08 12:12:43,ok
402,user_402@proton.me,BE,2022-07-02T13:34:47Z,0.0,2024-08-03 00:07:46,,+32,2022-07-02 13:34:47,2024-08-03 00:07:46,ok
403,user_403@free.fr,DE,1591761768,0.0,2024-09-18 07:18:50,,+39,2020-06-10 04:02:48,2024-09-18 07:18:50,mismatch
404,user_404@outlook.com,FR,2023-05-23 20:12:08,0.0,2025-11-11 09:45:31,,+34,2023-05-23 20:12:08,2025-11-11 09:45:31,mismatch
405,user_405@free.fr,DE,28/05/2024 14:59,0.0,2025-04-22 21:51:22,dab0fca0,,2024-05-28 14:59:00,2025-04-22 21:51:22,unknown
406,user_406@hotmail.com,ES,2022-06-17 16:51:50,0.0,2025-11-17 19:25:18,,+43,2022-06-17 16:51:50,2025-11-17 19:25:18,mismatch
407,user_407@outlook.com,DE,2021-04-22 18:56:06,0.0,2025-09-15 01:46:09,e7caa141,,2021-04-22 18:56:06,2025-09-15 01:46:09,unknown
408,user_408@hotmail.com,FRANCE,2024-03-20 13:21:16,0.0,2026-01-01 04:55:14,7e10d742,+39,2024-03-20 13:21:16,2026-01-01 04:55:14,country_not_mapped
409,user_409@outlook.com,NL,2025-01-26 05:20:00,0.0,2026-03-20 10:32:59,b1870f89,+31,2025-01-26 05:20:00,2026-03-20 10:32:59,ok
410,user_410@outlook.com,PT,2021-05-25 00:40:28,0.0,2022-10-27 16:00:43,6e62c04e,+351,2021-05-25 00:40:28,2022-10-27 16:00:43,ok
411,user_411@outlook.com,,10/06/2022 00:11,0.0,2025-01-05 10:34:28,,+34,2022-10-06 00:11:00,2025-01-05 10:34:28,unknown
412,user_412@free.fr,BE,2020-05-11T18:32:32Z,1.0,2021-06-04 06:11:37,52bb8fe6,+32,2020-05-11 18:32:32,2021-06-04 06:11:37,ok
413,user_413@proton.me,DE,2020-08-15 05:30:56,2.0,2020-11-05 03:25:32,,+39,2020-08-15 05:30:56,2020-11-05 03:25:32,mismatch
414,user_414@free.fr,ES,2022-04-08T15:13:16Z,0.0,2025-05-28 10:41:23,,+34,2022-04-08 15:13:16,2025-05-28 10:41:23,ok
415,user_415@proton.me,,2024-03-19 08:40:14,-1.0,2025-03-17 05:47:17,69206472,,2024-03-19 08:40:14,2025-03-17 05:47:17,unknown
416,user_416@free.fr,CH,2024-12-17 05:43:52,0.0,2025-11-20 02:17:49,,+41,2024-12-17 05:43:52,2025-11-20 02:17:49,ok
417,user_417@gmail.com,CH,2022-05-17T04:37:02Z,0.0,2023-01-14 02:11:16,141ce79b,+41,2022-05-17 04:37:02,2023-01-14 02:11:16,ok
418,user_418@outlook.com,FR,2022-09-17 20:34:46,2.0,2022-10-02 01:04:02,,+34,2022-09-17 20:34:46,2022-10-02 01:04:02,mismatch
419,user_419@gmail.com,PT,2023-06-24 19:52:22,0.0,2025-02-01 14:05:01,,+351,2023-06-24 19:52:22,2025-02-01 14:05:01,ok
420,user_420@gmail.com,ES,2024-09-08 16:38:20,0.0,2025-04-05 11:50:40,,+34,2024-09-08 16:38:20,2025-04-05 11:50:40,ok
421,user_421@proton.me,FR,2022-11-22 04:55:44,0.0,2022-12-22 08:02:30,,+33,2022-11-22 04:55:44,2022-12-22 08:02:30,ok
422,user_422@outlook.com,PT,2021-06-12T03:47:26Z,0.0,2021-07-27 21:45:17,,+351,2021-06-12 03:47:26,2021-07-27 21:45:17,ok
423,user_423@hotmail.com,DE,2021-05-28 21:05:53,0.0,2021-11-18 23:37:12,,+39,2021-05-28 21:05:53,2021-11-18 23:37:12,mismatch
424,user_424@gmail.com,IT,2023-06-09T12:36:38Z,0.0,2025-04-27 15:23:29,,+39,2023-06-09 12:36:38,2025-04-27 15:23:29,ok
425,user_425@free.fr,FR,2022-10-26 16:33:39,0.0,2024-03-11 13:13:46,740dbcb1,+33,2022-10-26 16:33:39,2024-03-11 13:13:46,ok
426,user_426@hotmail.com,NL,2022-01-06T15:28:07Z,0.0,2022-12-23 12:01:29,ec80fc18,+31,2022-01-06 15:28:07,2022-12-23 12:01:29,ok
427,user_427@outlook.com,DE,2024-03-16 14:45:01,0.0,2025-09-02 07:34:41,,,2024-03-16 14:45:01,2025-09-02 07:34:41,unknown
428,user_428@yahoo.fr,FRANCE,2020-09-03 13:49:36,0.0,2021-03-08 06:59:00,,,2020-09-03 13:49:36,2021-03-08 06:59:00,unknown
429,user_429@gmail.com,FRANCE,2023-02-13T01:53:14Z,1.0,2024-12-25 14:30:47,,,2023-02-13 01:53:14,2024-12-25 14:30:47,unknown
430,user_430@proton.me,ES,2024-10-12 05:11:08,0.0,2026-04-06 14:54:41,,+34,2024-10-12 05:11:08,2026-04-06 14:54:41,ok
431,user_431@hotmail.com,BE,2021-07-12 04:04:17,0.0,2022-02-11 03:52:54,,+32,2021-07-12 04:04:17,2022-02-11 03:52:54,ok
432,user_432@proton.me,IT,2020-04-28 03:51:12,3.0,2025-08-05 14:36:52,6871b8c7,+39,2020-04-28 03:51:12,2025-08-05 14:36:52,ok
433,user_433@free.fr,NL,2025-05-18 15:31:09,0.0,2025-09-05 14:28:24,c98f181b,+31,2025-05-18 15:31:09,2025-09-05 14:28:24,ok
434,user_434@free.fr,ES,2021-10-17 07:58:21,0.0,2022-08-20 03:34:25,dd04931b,+39,2021-10-17 07:58:21,2022-08-20 03:34:25,mismatch
435,user_435@hotmail.com,DE,2024-05-05 17:50:58,3.0,2026-03-27 20:18:52,,,2024-05-05 17:50:58,2026-03-27 20:18:52,unknown
436,user_436@gmail.com,FRANCE,2020-08-29 03:09:53,0.0,2025-11-27 21:02:52,d0770587,+39,2020-08-29 03:09:53,2025-11-27 21:02:52,country_not_mapped
437,user_437@free.fr,ES,2024-08-21 19:43:14,0.0,2026-01-14 00:47:10,,+34,2024-08-21 19:43:14,2026-01-14 00:47:10,ok
438,user_438@yahoo.fr,CH,2023-10-18 21:01:09,0.0,2024-03-28 14:14:16,,+41,2023-10-18 21:01:09,2024-03-28 14:14:16,ok
439,user_439@outlook.com,ES,2022-11-05T03:39:34Z,,2025-03-08 16:10:41,,,2022-11-05 03:39:34,2025-03-08 16:10:41,unknown
440,user_18@outlook.com,BE,2021-12-25 15:38:16,2.0,2025-03-04 22:22:03,,+32,2021-12-25 15:38:16,2025-03-04 22:22:03,ok
441,user_441@yahoo.fr,IT,2022-09-24 18:56:42,0.0,2022-10-04 23:50:55,8e0cb8d4,+39,2022-09-24 18:56:42,2022-10-04 23:50:55,ok
442,user_442@hotmail.com,NL,2025-01-09 22:28:03,0.0,2025-05-10 02:33:36,b7e6ba42,+31,2025-01-09 22:28:03,2025-05-10 02:33:36,ok
443,user_443@hotmail.com,ES,05/01/2022 13:17,1.0,2022-09-02 09:51:51,2526a275,+34,2022-05-01 13:17:00,2022-09-02 09:51:51,ok
444,user_444@gmail.com,,2025-01-24 10:49:37,0.0,2025-11-16 19:21:43,,,2025-01-24 10:49:37,2025-11-16 19:21:43,unknown
445,user_445@proton.me,,2022-02-03T09:17:41Z,0.0,2025-04-09 20:46:31,d3bb5e6c,+39,2022-02-03 09:17:41,2025-04-09 20:46:31,unknown
446,user_446@hotmail.com,AT,2021-06-19 23:13:56,1.0,2021-11-23 22:15:44,,+43,2021-06-19 23:13:56,2021-11-23 22:15:44,ok
447,user_447@free.fr,FR,2023-01-09 10:30:58,0.0,2023-05-17 16:01:15,,+33,2023-01-09 10:30:58,2023-05-17 16:01:15,ok
448,user_448@hotmail.com,FRA,2024-04-03 04:10:50,0.0,2025-06-11 14:13:01,81dbbf79,+49,2024-04-03 04:10:50,2025-06-11 14:13:01,country_not_mapped
449,user_449@outlook.com,IT,2021-02-13 14:50:06,0.0,2024-08-21 13:44:53,,+39,2021-02-13 14:50:06,2024-08-21 13:44:53,ok
450,user_450@yahoo.fr,IT,2023-12-04 21:34:30,0.0,2024-07-18 10:04:54,,+39,2023-12-04 21:34:30,2024-07-18 10:04:54,ok
451,user_451@free.fr,DE,2021-06-02 19:36:02,0.0,2023-11-13 14:57:20,,+41,2021-06-02 19:36:02,2023-11-13 14:57:20,mismatch
452,user_452@free.fr,ES,2022-05-13T14:56:18Z,0.0,2024-09-12 03:41:14,,+34,2022-05-13 14:56:18,2024-09-12 03:41:14,ok
453,user_453@free.fr,FR,2020-09-03 18:07:48,0.0,2023-02-03 03:42:52,,,2020-09-03 18:07:48,2023-02-03 03:42:52,unknown
454,user_454@free.fr,PT,2023-03-25 03:53:09,0.0,2023-09-08 18:22:12,,+351,2023-03-25 03:53:09,2023-09-08 18:22:12,ok
455,user_455@proton.me,AT,2024-09-07T12:02:05Z,0.0,2024-11-14 20:51:32,,+43,2024-09-07 12:02:05,2024-11-14 20:51:32,ok
456,user_456@outlook.com,NL,2021-07-01 19:09:36,0.0,2021-08-27 21:05:32,,+31,2021-07-01 19:09:36,2021-08-27 21:05:32,ok
457,user_457@outlook.com,IT,16/06/2023 21:31,4.0,2023-08-01 16:05:57,,+39,2023-06-16 21:31:00,2023-08-01 16:05:57,ok
458,user_458@hotmail.com,IT,2025-05-16 19:27:42,1.0,2026-01-14 17:46:24,,+39,2025-05-16 19:27:42,2026-01-14 17:46:24,ok
459,user_459@yahoo.fr,ES,2021-05-05T13:00:53Z,1.0,2025-12-12 11:16:54,,,2021-05-05 13:00:53,2025-12-12 11:16:54,unknown
460,user_460@outlook.com,DE,25/05/2021 23:20,4.0,2026-03-15 21:11:21,,+49,2021-05-25 23:20:00,2026-03-15 21:11:21,ok
461,user_461@outlook.com,AT,2022-11-16T03:03:28Z,-1.0,2024-08-20 07:35:36,424ac9bc,+43,2022-11-16 03:03:28,2024-08-20 07:35:36,ok
462,user_462@proton.me,FR,2025-05-15 08:39:19,0.0,2026-01-09 23:00:48,,+41,2025-05-15 08:39:19,2026-01-09 23:00:48,mismatch
463,user_463@outlook.com,ES,2025-04-22 18:34:36,1.0,2025-10-21 19:46:08,5c2c0312,+34,2025-04-22 18:34:36,2025-10-21 19:46:08,ok
464,user_464@yahoo.fr,DE,2023-09-05 06:47:41,1.0,2024-08-16 00:13:01,,,2023-09-05 06:47:41,2024-08-16 00:13:01,unknown
465,user_465@gmail.com,FR,2024-01-21 13:01:21,0.0,2025-02-07 21:47:27,,,2024-01-21 13:01:21,2025-02-07 21:47:27,unknown
466,user_466@gmail.com,CH,2024-08-18 20:01:36,4.0,2025-12-30 00:28:26,a070644b,+41,2024-08-18 20:01:36,2025-12-30 00:28:26,ok
467,user_467@free.fr,FR,2024-11-27 17:11:48,0.0,2025-09-24 14:48:57,db3e52aa,+33,2024-11-27 17:11:48,2025-09-24 14:48:57,ok
468,user_468@hotmail.com,ES,2020-08-17 11:17:38,4.0,2025-01-09 15:20:41,,,2020-08-17 11:17:38,2025-01-09 15:20:41,unknown
469,user_469@outlook.com,AT,2024-10-23 15:04:01,0.0,2025-02-05 17:21:58,,+43,2024-10-23 15:04:01,2025-02-05 17:21:58,ok
470,user_470@free.fr,DE,2022-12-02T20:46:00Z,0.0,2025-11-11 09:51:41,,+351,2022-12-02 20:46:00,2025-11-11 09:51:41,mismatch
471,user_471@hotmail.com,CH,2024-07-07T16:36:57Z,4.0,2025-10-26 02:28:29,,+41,2024-07-07 16:36:57,2025-10-26 02:28:29,ok
472,user_472@gmail.com,PT,2021-05-24T06:42:26Z,2.0,2022-11-30 23:58:47,9c3665a4,+351,2021-05-24 06:42:26,2022-11-30 23:58:47,ok
473,user_473@hotmail.com,CH,2022-04-26T09:19:20Z,0.0,2022-05-15 08:27:38,,+41,2022-04-26 09:19:20,2022-05-15 08:27:38,ok
474,user_474@gmail.com,IT,2023-12-03 20:36:54,0.0,2024-04-05 05:02:41,d1c22e15,+39,2023-12-03 20:36:54,2024-04-05 05:02:41,ok
475,user_475@free.fr,FR,2020-06-23 02:07:12,3.0,2021-09-17 18:01:18,,+32,2020-06-23 02:07:12,2021-09-17 18:01:18,mismatch
476,user_476@proton.me,FR,2025-05-12 14:09:17,1.0,2026-01-24 06:25:06,,+32,2025-05-12 14:09:17,2026-01-24 06:25:06,mismatch
477,user_477@gmail.com,DE,2022-11-28 23:20:31,4.0,2024-06-23 12:36:21,,+41,2022-11-28 23:20:31,2024-06-23 12:36:21,mismatch
478,user_478@yahoo.fr,FR,2023-09-07 12:01:33,0.0,2025-11-30 12:15:15,8b968364,,2023-09-07 12:01:33,2025-11-30 12:15:15,unknown
479,user_479@outlook.com,BE,1660112055,0.0,2024-06-03 15:56:59,,+32,2022-08-10 06:14:15,2024-06-03 15:56:59,ok
480,user_480@proton.me,IT,1716632162,2.0,2024-05-12 10:16:02,,+39,2024-05-25 10:16:02,2024-05-12 10:16:02,ok
481,user_481@outlook.com,NL,2021-12-05T03:42:27Z,0.0,2021-08-23 03:42:27,bddde36e,+31,2021-12-05 03:42:27,2021-08-23 03:42:27,ok
482,user_482@free.fr,NL,2022-12-02T09:30:42Z,0.0,2026-03-07 22:33:35,62d0ffe8,+31,2022-12-02 09:30:42,2026-03-07 22:33:35,ok
483,user_483@gmail.com,FRA,2024-03-28 12:54:06,0.0,2026-03-10 03:25:07,,+351,2024-03-28 12:54:06,2026-03-10 03:25:07,country_not_mapped
484,user_484@free.fr,FRA,2020-08-22 01:19:26,0.0,2025-01-26 23:21:34,,,2020-08-22 01:19:26,2025-01-26 23:21:34,unknown
485,user_485@outlook.com,ES,1677938381,-1.0,2023-06-15 10:35:44,,+49,2023-03-04 13:59:41,2023-06-15 10:35:44,mismatch
486,user_486@free.fr,FR,2022-10-14 19:07:43,3.0,2025-10-14 09:21:27,,+33,2022-10-14 19:07:43,2025-10-14 09:21:27,ok
487,user_487@outlook.com,DE,2024-08-18 10:19:30,0.0,2025-04-10 05:56:47,,,2024-08-18 10:19:30,2025-04-10 05:56:47,unknown
488,user_488@hotmail.com,FRANCE,2021-06-22 16:52:18,0.0,2023-02-03 16:04:57,4f7b6b4a,,2021-06-22 16:52:18,2023-02-03 16:04:57,unknown
489,user_489@free.fr,ES,2021-11-28 11:51:34,0.0,2022-03-22 01:24:51,,+43,2021-11-28 11:51:34,2022-03-22 01:24:51,mismatch
490,user_490@free.fr,FRANCE,2020-07-22 08:25:51,0.0,2021-06-07 16:20:06,,+32,2020-07-22 08:25:51,2021-06-07 16:20:06,country_not_mapped
491,user_491@free.fr,DE,2024-09-09 17:21:39,2.0,2025-05-15 14:44:38,,+49,2024-09-09 17:21:39,2025-05-15 14:44:38,ok
492,user_492@outlook.com,ES,2024-10-11T13:52:23Z,0.0,2025-07-10 16:16:35,,+34,2024-10-11 13:52:23,2025-07-10 16:16:35,ok
493,user_493@gmail.com,AT,2024-10-05 12:21:00,0.0,2025-09-15 02:32:29,,+43,2024-10-05 12:21:00,2025-09-15 02:32:29,ok
494,user_494@outlook.com,NL,2025-03-16T15:06:27Z,0.0,2026-02-25 22:05:52,,+31,2025-03-16 15:06:27,2026-02-25 22:05:52,ok
495,user_495@free.fr,AT,2024-02-15 20:45:47,0.0,2024-09-07 14:26:50,,+43,2024-02-15 20:45:47,2024-09-07 14:26:50,ok
496,user_496@hotmail.com,ES,2021-05-21T12:39:55Z,4.0,2023-08-01 06:28:25,,+43,2021-05-21 12:39:55,2023-08-01 06:28:25,mismatch
497,user_497@yahoo.fr,BE,2021-02-14T17:28:09Z,0.0,2024-02-11 14:47:45,,+32,2021-02-14 17:28:09,2024-02-11 14:47:45,ok
498,user_498@outlook.com,CH,2022-12-08 10:36:29,0.0,2025-04-20 09:22:39,d1b96255,+41,2022-12-08 10:36:29,2025-04-20 09:22:39,ok
499,user_499@hotmail.com,FR,2025-03-11 01:55:55,2.0,2026-02-08 23:07:20,26325a84,,2025-03-11 01:55:55,2026-02-08 23:07:20,unknown
500,user_500@outlook.com,CH,2021-02-19 04:31:49,0.0,2026-03-04 23:24:49,,+41,2021-02-19 04:31:49,2026-03-04 23:24:49,ok
501,user_501@outlook.com,AT,2025-03-27 23:12:38,3.0,2026-01-21 12:39:06,,+43,2025-03-27 23:12:38,2026-01-21 12:39:06,ok
502,user_502@hotmail.com,CH,2020-03-01T13:44:42Z,0.0,2021-05-31 10:22:49,,+41,2020-03-01 13:44:42,2021-05-31 10:22:49,ok
503,user_503@outlook.com,DE,2022-10-03T04:54:12Z,1.0,2024-08-08 12:42:06,,+41,2022-10-03 04:54:12,2024-08-08 12:42:06,mismatch
504,user_504@outlook.com,DE,13/08/2020 01:27,1.0,2020-08-15 16:20:30,,+49,2020-08-13 01:27:00,2020-08-15 16:20:30,ok
505,user_505@proton.me,IT,2023-06-03 06:51:44,0.0,2025-02-23 00:51:24,,+39,2023-06-03 06:51:44,2025-02-23 00:51:24,ok
506,user_506@free.fr,ES,2021-06-23 07:00:11,,2020-10-16 07:00:11,,+34,2021-06-23 07:00:11,2020-10-16 07:00:11,ok
507,user_507@free.fr,FR,2021-05-01T07:53:05Z,3.0,2024-11-13 08:18:55,,+39,2021-05-01 07:53:05,2024-11-13 08:18:55,mismatch
508,user_508@proton.me,AT,2021-09-29 05:35:01,0.0,2025-05-10 22:52:08,,+43,2021-09-29 05:35:01,2025-05-10 22:52:08,ok
509,user_509@outlook.com,DE,1593185117,0.0,2025-04-26 19:43:27,,+49,2020-06-26 15:25:17,2025-04-26 19:43:27,ok
510,user_510@proton.me,,2022-07-17 03:05:34,0.0,2024-07-08 09:10:31,,,2022-07-17 03:05:34,2024-07-08 09:10:31,unknown
511,user_511@gmail.com,,2024-10-01T05:27:28Z,0.0,2025-12-25 10:30:54,,,2024-10-01 05:27:28,2025-12-25 10:30:54,unknown
512,user_512@outlook.com,BE,2023-09-30T01:14:11Z,-1.0,2025-03-31 06:50:38,,+32,2023-09-30 01:14:11,2025-03-31 06:50:38,ok
513,user_513@gmail.com,FRA,2024-03-10T01:24:23Z,0.0,2025-06-02 02:44:14,219d4068,,2024-03-10 01:24:23,2025-06-02 02:44:14,unknown
514,user_514@outlook.com,ES,2022-04-23T02:16:59Z,0.0,2022-11-14 23:41:10,,,2022-04-23 02:16:59,2022-11-14 23:41:10,unknown
515,user_515@free.fr,IT,2023-04-23T19:48:46Z,0.0,2024-01-21 07:10:30,be91d514,+39,2023-04-23 19:48:46,2024-01-21 07:10:30,ok
516,user_516@hotmail.com,IT,2024-05-19T20:35:01Z,,2025-12-25 13:04:16,,+32,2024-05-19 20:35:01,2025-12-25 13:04:16,mismatch
517,user_517@hotmail.com,AT,2021-02-24T09:10:00Z,0.0,2021-08-06 13:34:49,,+43,2021-02-24 09:10:00,2021-08-06 13:34:49,ok
518,user_518@hotmail.com,FR,2024-03-14T11:57:50Z,0.0,2024-10-04 11:39:05,,+33,2024-03-14 11:57:50,2024-10-04 11:39:05,ok
519,user_519@hotmail.com,FR,28/12/2020 12:00,0.0,2025-07-06 04:06:46,d9b5710b,+39,2020-12-28 12:00:00,2025-07-06 04:06:46,mismatch
520,user_520@free.fr,FRANCE,2025-03-04 02:27:52,0.0,2025-02-27 02:27:52,a3cebaf6,,2025-03-04 02:27:52,2025-02-27 02:27:52,unknown
521,user_521@outlook.com,IT,2023-02-26T02:57:50Z,1.0,2024-02-01 23:23:50,,+39,2023-02-26 02:57:50,2024-02-01 23:23:50,ok
522,user_522@gmail.com,DE,2025-04-06 05:22:58,0.0,2025-12-10 00:44:46,,+49,2025-04-06 05:22:58,2025-12-10 00:44:46,ok
523,user_523@hotmail.com,FRA,2021-02-08T09:12:31Z,0.0,2022-09-03 20:51:12,,,2021-02-08 09:12:31,2022-09-03 20:51:12,unknown
524,user_524@gmail.com,BE,2022-11-30 18:45:34,0.0,2024-01-04 12:57:47,,+32,2022-11-30 18:45:34,2024-01-04 12:57:47,ok
525,user_525@yahoo.fr,FR,2023-11-29T19:38:27Z,0.0,2024-03-16 15:00:13,,,2023-11-29 19:38:27,2024-03-16 15:00:13,unknown
526,user_526@gmail.com,FR,2021-01-25 02:33:08,1.0,2024-10-28 01:16:14,,+33,2021-01-25 02:33:08,2024-10-28 01:16:14,ok
527,user_527@outlook.com,ES,03/03/2020 16:41,0.0,2020-06-29 05:55:28,,+34,2020-03-03 16:41:00,2020-06-29 05:55:28,ok
528,user_528@gmail.com,CH,2023-11-15 18:48:58,3.0,2025-08-04 05:46:29,4ef89510,+41,2023-11-15 18:48:58,2025-08-04 05:46:29,ok
529,user_529@free.fr,DE,27/09/2022 20:29,0.0,2024-06-11 04:30:01,,+49,2022-09-27 20:29:00,2024-06-11 04:30:01,ok
530,user_530@hotmail.com,FRA,2021-11-22T01:45:36Z,0.0,2023-05-24 19:22:31,,+43,2021-11-22 01:45:36,2023-05-24 19:22:31,country_not_mapped
531,user_531@gmail.com,FRANCE,2021-10-10 15:29:49,0.0,2022-12-19 10:23:59,,+43,2021-10-10 15:29:49,2022-12-19 10:23:59,country_not_mapped
532,user_532@outlook.com,DE,2020-04-21 00:14:10,0.0,2020-08-14 02:20:19,,,2020-04-21 00:14:10,2020-08-14 02:20:19,unknown
533,user_533@yahoo.fr,,2024-09-23T00:55:03Z,1.0,2025-01-16 17:36:51,,,2024-09-23 00:55:03,2025-01-16 17:36:51,unknown
534,user_534@gmail.com,ES,24/03/2022 23:43,0.0,2025-03-18 09:57:44,,+34,2022-03-24 23:43:00,2025-03-18 09:57:44,ok
535,user_535@proton.me,DE,2020-09-15 17:01:30,0.0,2021-08-12 01:39:14,,,2020-09-15 17:01:30,2021-08-12 01:39:14,unknown
536,user_536@free.fr,FR,2023-08-01 23:56:04,0.0,2024-12-17 16:17:21,048ecb06,+34,2023-08-01 23:56:04,2024-12-17 16:17:21,mismatch
537,user_537@proton.me,ES,11/09/2023 20:09,1.0,2024-05-29 21:32:24,,+34,2023-11-09 20:09:00,2024-05-29 21:32:24,ok
538,user_538@gmail.com,FR,2026-12-26 16:13:19,4.0,2021-08-21 16:26:48,,+33,2026-12-26 16:13:19,2021-08-21 16:26:48,ok
539,user_539@yahoo.fr,FRA,2024-03-18 22:03:44,0.0,2025-09-07 16:33:25,,,2024-03-18 22:03:44,2025-09-07 16:33:25,unknown
540,user_540@free.fr,ES,2024-06-01 02:19:24,4.0,2024-02-01 02:19:24,,,2024-06-01 02:19:24,2024-02-01 02:19:24,unknown
541,user_541@hotmail.com,DE,2023-03-30 09:19:01,0.0,2025-07-15 19:38:32,226ff8ef,+34,2023-03-30 09:19:01,2025-07-15 19:38:32,mismatch
542,user_542@outlook.com,BE,2021-07-10 08:32:19,0.0,2021-11-21 07:28:15,,+32,2021-07-10 08:32:19,2021-11-21 07:28:15,ok
543,user_543@gmail.com,AT,2020-08-10 23:26:44,0.0,2025-03-07 11:57:33,,+43,2020-08-10 23:26:44,2025-03-07 11:57:33,ok
544,user_544@outlook.com,IT,2022-12-07T20:49:50Z,2.0,2023-11-30 06:12:34,4b99cc54,+351,2022-12-07 20:49:50,2023-11-30 06:12:34,mismatch
545,user_545@hotmail.com,ES,2021-05-25 07:36:16,4.0,2023-03-27 22:02:49,,+34,2021-05-25 07:36:16,2023-03-27 22:02:49,ok
546,user_546@gmail.com,BE,31/03/2021 05:35,1.0,2021-07-08 22:44:36,,+32,2021-03-31 05:35:00,2021-07-08 22:44:36,ok
547,user_547@free.fr,FR,2025-04-19 10:21:41,2.0,2025-06-19 07:43:57,,,2025-04-19 10:21:41,2025-06-19 07:43:57,unknown
548,user_548@outlook.com,FR,2022-01-02T11:07:49Z,3.0,2026-01-12 13:01:42,,+33,2022-01-02 11:07:49,2026-01-12 13:01:42,ok
549,user_549@gmail.com,PT,2025-03-13 13:41:27,4.0,2025-07-07 06:41:14,ba3f2b62,+351,2025-03-13 13:41:27,2025-07-07 06:41:14,ok
550,user_550@gmail.com,CH,2020-12-30T11:21:01Z,0.0,2024-11-05 03:49:25,,+41,2020-12-30 11:21:01,2024-11-05 03:49:25,ok
551,user_551@outlook.com,ES,07/12/2020 21:16,0.0,2021-01-26 09:07:17,,+34,2020-07-12 21:16:00,2021-01-26 09:07:17,ok
552,user_552@outlook.com,FRA,2023-08-12T09:51:37Z,2.0,2024-05-25 17:08:13,,+33,2023-08-12 09:51:37,2024-05-25 17:08:13,country_not_mapped
553,user_553@free.fr,FR,2022-09-08T11:21:07Z,1.0,2024-07-01 02:08:19,,,2022-09-08 11:21:07,2024-07-01 02:08:19,unknown
554,user_554@free.fr,NL,2020-08-18 07:03:16,4.0,2025-01-03 12:35:17,,+31,2020-08-18 07:03:16,2025-01-03 12:35:17,ok
555,user_555@yahoo.fr,ES,2024-12-01 02:26:10,0.0,2025-01-22 03:31:00,,+34,2024-12-01 02:26:10,2025-01-22 03:31:00,ok
556,user_556@outlook.com,CH,2021-12-12 19:22:20,0.0,2023-11-13 05:11:24,,+41,2021-12-12 19:22:20,2023-11-13 05:11:24,ok
557,user_557@free.fr,ES,2021-03-17 05:52:43,1.0,2025-03-16 23:50:10,,,2021-03-17 05:52:43,2025-03-16 23:50:10,unknown
558,user_558@hotmail.com,DE,20/09/2020 21:32,4.0,2022-04-29 02:12:32,e0067adf,+49,2020-09-20 21:32:00,2022-04-29 02:12:32,ok
559,user_559@free.fr,FR,1623419817,0.0,2023-03-08 04:23:32,,+33,2021-06-11 13:56:57,2023-03-08 04:23:32,ok
560,user_560@gmail.com,ES,2020-05-06T17:50:10Z,0.0,2022-10-29 10:54:14,,,2020-05-06 17:50:10,2022-10-29 10:54:14,unknown
561,user_561@free.fr,CH,2022-12-09 19:10:10,0.0,2025-01-03 00:05:42,,+41,2022-12-09 19:10:10,2025-01-03 00:05:42,ok
562,user_562@outlook.com,DE,2022-05-17 19:33:40,0.0,2023-05-05 02:36:16,,+41,2022-05-17 19:33:40,2023-05-05 02:36:16,mismatch
563,user_563@free.fr,FRANCE,2022-08-04T05:31:37Z,-1.0,2023-05-14 09:26:12,,,2022-08-04 05:31:37,2023-05-14 09:26:12,unknown
564,user_564@yahoo.fr,CH,2023-11-30T19:02:23Z,0.0,2025-01-08 07:43:25,,+41,2023-11-30 19:02:23,2025-01-08 07:43:25,ok
565,user_565@gmail.com,PT,2024-09-13T23:18:11Z,0.0,2025-05-06 04:47:04,3ca8b717,+351,2024-09-13 23:18:11,2025-05-06 04:47:04,ok
566,user_566@hotmail.com,,25/12/2022 06:04,1.0,2025-09-25 17:04:42,ece1a3a5,,2022-12-25 06:04:00,2025-09-25 17:04:42,unknown
567,user_567@hotmail.com,,2023-01-17T06:08:29Z,0.0,2025-12-22 19:24:11,,+31,2023-01-17 06:08:29,2025-12-22 19:24:11,unknown
568,user_568@free.fr,IT,2020-12-13 07:53:34,0.0,2023-09-23 07:32:26,fe8a9446,+39,2020-12-13 07:53:34,2023-09-23 07:32:26,ok
569,user_569@hotmail.com,NL,2020-11-27 11:17:47,0.0,2025-04-05 12:56:23,,+31,2020-11-27 11:17:47,2025-04-05 12:56:23,ok
570,user_570@gmail.com,BE,2023-10-20 15:11:07,0.0,2025-05-16 19:59:21,8c3a2a7f,+32,2023-10-20 15:11:07,2025-05-16 19:59:21,ok
571,user_571@free.fr,,05/12/2023 19:31,0.0,2025-02-26 04:34:23,ff0258f9,,2023-05-12 19:31:00,2025-02-26 04:34:23,unknown
572,user_572@proton.me,DE,2024-08-19 01:17:05,0.0,2025-05-06 13:54:21,df55f8c3,,2024-08-19 01:17:05,2025-05-06 13:54:21,unknown
573,user_573@hotmail.com,BE,2021-04-30 10:01:12,0.0,2023-01-09 11:44:27,,+32,2021-04-30 10:01:12,2023-01-09 11:44:27,ok
574,user_574@gmail.com,ES,1707427705,0.0,2025-01-22 16:11:39,,+34,2024-02-08 21:28:25,2025-01-22 16:11:39,ok
575,user_575@free.fr,FRA,2023-09-18 01:27:49,0.0,2024-06-22 16:56:52,e712ea79,+351,2023-09-18 01:27:49,2024-06-22 16:56:52,country_not_mapped
576,user_576@free.fr,ES,2022-05-11 07:16:40,1.0,2025-01-10 20:40:02,767a5244,+34,2022-05-11 07:16:40,2025-01-10 20:40:02,ok
577,user_577@outlook.com,PT,1678955730,0.0,2023-11-25 01:11:13,,+39,2023-03-16 08:35:30,2023-11-25 01:11:13,mismatch
578,user_578@yahoo.fr,CH,2021-09-21 07:55:25,0.0,2022-07-11 22:59:57,e36c60d9,+41,2021-09-21 07:55:25,2022-07-11 22:59:57,ok
579,user_579@gmail.com,ES,2025-02-05 03:24:44,3.0,2025-11-05 06:15:31,,+34,2025-02-05 03:24:44,2025-11-05 06:15:31,ok
580,user_580@yahoo.fr,DE,2021-06-24T04:26:58Z,0.0,2025-10-05 03:23:54,,,2021-06-24 04:26:58,2025-10-05 03:23:54,unknown
581,user_581@gmail.com,DE,18/02/2021 01:58,0.0,2024-09-06 17:34:05,,+49,2021-02-18 01:58:00,2024-09-06 17:34:05,ok
582,user_582@outlook.com,ES,2025-03-31 19:54:45,2.0,2025-10-20 23:45:16,,+34,2025-03-31 19:54:45,2025-10-20 23:45:16,ok
583,user_583@yahoo.fr,DE,2022-02-02T22:36:51Z,0.0,2023-05-26 12:22:22,,+49,2022-02-02 22:36:51,2023-05-26 12:22:22,ok
584,user_584@free.fr,CH,2021-11-01 00:59:28,0.0,2022-10-02 00:26:16,,+49,2021-11-01 00:59:28,2022-10-02 00:26:16,mismatch
585,user_585@yahoo.fr,ES,2021-03-20 14:42:59,0.0,2022-12-18 18:32:19,e43d118e,+34,2021-03-20 14:42:59,2022-12-18 18:32:19,ok
586,user_223@free.fr,CH,2024-06-03 10:00:27,1.0,2026-01-30 21:12:51,3113de44,+41,2024-06-03 10:00:27,2026-01-30 21:12:51,ok
587,user_587@proton.me,ES,2020-03-14 10:47:16,4.0,2021-01-15 01:19:41,,+31,2020-03-14 10:47:16,2021-01-15 01:19:41,mismatch
588,user_588@yahoo.fr,PT,1684922940,0.0,2025-03-13 05:26:24,ec791713,+351,2023-05-24 10:09:00,2025-03-13 05:26:24,ok
589,user_589@gmail.com,PT,2020-07-05T03:59:38Z,0.0,2021-03-17 16:50:42,,+351,2020-07-05 03:59:38,2021-03-17 16:50:42,ok
590,user_590@gmail.com,,2022-08-20 19:54:36,0.0,2024-06-15 15:28:38,,+49,2022-08-20 19:54:36,2024-06-15 15:28:38,unknown
591,user_591@free.fr,DE,2023-07-15 11:28:16,0.0,2025-05-25 23:28:12,,+49,2023-07-15 11:28:16,2025-05-25 23:28:12,ok
592,user_592@yahoo.fr,NL,2021-08-07T04:54:53Z,0.0,2022-02-24 06:04:22,,+31,2021-08-07 04:54:53,2022-02-24 06:04:22,ok
593,user_593@free.fr,PT,2025-02-10T22:59:50Z,2.0,2025-09-10 23:34:43,,+351,2025-02-10 22:59:50,2025-09-10 23:34:43,ok
594,user_594@hotmail.com,AT,12/01/2024 12:01,0.0,2024-06-28 07:55:20,,+43,2024-12-01 12:01:00,2024-06-28 07:55:20,ok
595,user_595@free.fr,NL,2020-05-23T02:32:28Z,0.0,2021-11-30 12:53:01,,+31,2020-05-23 02:32:28,2021-11-30 12:53:01,ok
596,user_596@hotmail.com,AT,2024-02-16 21:06:23,0.0,2024-12-26 13:40:04,fe5052f1,+43,2024-02-16 21:06:23,2024-12-26 13:40:04,ok
597,user_597@hotmail.com,AT,2021-03-06 03:16:58,0.0,2024-06-10 00:47:58,,+43,2021-03-06 03:16:58,2024-06-10 00:47:58,ok
598,user_598@free.fr,PT,2024-05-05 23:22:32,0.0,2025-04-05 11:51:12,,+351,2024-05-05 23:22:32,2025-04-05 11:51:12,ok
599,user_599@proton.me,FR,2024-03-18 14:30:01,3.0,2025-05-29 07:42:02,,+33,2024-03-18 14:30:01,2025-05-29 07:42:02,ok
600,user_600@gmail.com,ES,2022-11-21 16:55:43,0.0,2023-02-25 02:58:49,,+34,2022-11-21 16:55:43,2023-02-25 02:58:49,ok
601,user_601@outlook.com,PT,2020-12-28T10:56:45Z,0.0,2024-08-19 15:59:20,,+351,2020-12-28 10:56:45,2024-08-19 15:59:20,ok
602,user_602@yahoo.fr,FR,2020-09-20 12:03:05,0.0,2023-04-25 19:58:19,,+33,2020-09-20 12:03:05,2023-04-25 19:58:19,ok
603,user_603@gmail.com,NL,2020-05-03 09:18:13,0.0,2026-04-04 15:43:43,276ae33d,+31,2020-05-03 09:18:13,2026-04-04 15:43:43,ok
604,user_604@outlook.com,PT,2023-01-19T21:53:41Z,0.0,2023-10-05 18:12:27,,+351,2023-01-19 21:53:41,2023-10-05 18:12:27,ok
605,user_605@proton.me,PT,2022-06-02T19:23:50Z,0.0,2022-08-15 15:29:41,,+351,2022-06-02 19:23:50,2022-08-15 15:29:41,ok
606,user_606@proton.me,AT,2022-06-28 07:34:00,0.0,2022-10-10 19:33:56,,+43,2022-06-28 07:34:00,2022-10-10 19:33:56,ok
607,user_607@hotmail.com,BE,2024-10-03 13:24:34,0.0,2025-06-03 22:43:55,4d18d00a,+32,2024-10-03 13:24:34,2025-06-03 22:43:55,ok
608,user_608@free.fr,AT,2024-05-29T23:19:15Z,0.0,2024-11-11 09:02:55,,+43,2024-05-29 23:19:15,2024-11-11 09:02:55,ok
609,user_609@hotmail.com,ES,2020-09-03T01:06:00Z,0.0,2025-02-11 16:20:34,,+34,2020-09-03 01:06:00,2025-02-11 16:20:34,ok
610,user_610@hotmail.com,BE,2020-09-17T04:03:52Z,0.0,2026-02-07 17:07:26,,+32,2020-09-17 04:03:52,2026-02-07 17:07:26,ok
611,user_611@outlook.com,AT,1634537862,0.0,2022-01-12 08:04:05,63055a37,+43,2021-10-18 06:17:42,2022-01-12 08:04:05,ok
612,user_612@free.fr,ES,2022-07-12T00:10:50Z,0.0,2025-04-30 05:12:16,,+32,2022-07-12 00:10:50,2025-04-30 05:12:16,mismatch
613,user_613@free.fr,FRA,2020-09-14 12:59:41,4.0,2024-03-02 01:37:29,128bc7a7,,2020-09-14 12:59:41,2024-03-02 01:37:29,unknown
614,user_614@proton.me,BE,2024-08-08 15:58:35,3.0,2026-01-06 13:52:52,,+32,2024-08-08 15:58:35,2026-01-06 13:52:52,ok
615,user_615@yahoo.fr,ES,2023-06-25 12:49:44,4.0,2024-06-26 01:14:16,,+41,2023-06-25 12:49:44,2024-06-26 01:14:16,mismatch
616,user_616@hotmail.com,AT,1683604902,0.0,2023-10-31 15:31:57,,+43,2023-05-09 04:01:42,2023-10-31 15:31:57,ok
617,user_617@proton.me,FR,2022-10-14T10:55:30Z,0.0,2022-11-16 04:37:42,,+33,2022-10-14 10:55:30,2022-11-16 04:37:42,ok
618,user_618@free.fr,NL,2024-11-12T06:22:47Z,0.0,2025-09-07 01:31:30,,+351,2024-11-12 06:22:47,2025-09-07 01:31:30,mismatch
619,user_619@yahoo.fr,BE,03/05/2022 21:58,0.0,2023-08-14 07:53:47,,+32,2022-03-05 21:58:00,2023-08-14 07:53:47,ok
620,user_620@gmail.com,ES,2023-08-15 07:05:23,0.0,2023-10-06 22:17:25,,+49,2023-08-15 07:05:23,2023-10-06 22:17:25,mismatch
621,user_621@outlook.com,PT,2021-07-12T04:03:59Z,0.0,2023-09-30 23:24:19,ca25e7b4,+351,2021-07-12 04:03:59,2023-09-30 23:24:19,ok
622,user_622@yahoo.fr,FRA,2023-12-08 14:40:15,0.0,2024-07-07 00:33:24,,,2023-12-08 14:40:15,2024-07-07 00:33:24,unknown
623,user_623@outlook.com,AT,2021-04-09T04:26:00Z,2.0,2024-10-04 23:49:36,,+43,2021-04-09 04:26:00,2024-10-04 23:49:36,ok
624,user_624@yahoo.fr,PT,08/11/2021 05:26,0.0,2022-07-28 10:40:56,,+351,2021-08-11 05:26:00,2022-07-28 10:40:56,ok
625,user_625@gmail.com,AT,2025-05-15T10:15:46Z,0.0,2026-01-13 18:51:11,,+43,2025-05-15 10:15:46,2026-01-13 18:51:11,ok
626,user_626@proton.me,DE,2020-12-02 16:53:21,0.0,2024-01-19 19:00:15,,+49,2020-12-02 16:53:21,2024-01-19 19:00:15,ok
627,user_627@outlook.com,BE,2022-01-27 10:44:11,0.0,2025-02-08 22:19:11,353e7912,+32,2022-01-27 10:44:11,2025-02-08 22:19:11,ok
628,user_628@yahoo.fr,FR,2023-09-21 17:01:11,0.0,2024-06-27 21:41:45,,+33,2023-09-21 17:01:11,2024-06-27 21:41:45,ok
629,user_629@yahoo.fr,ES,2024-01-23T11:11:32Z,0.0,2024-06-04 15:45:42,,,2024-01-23 11:11:32,2024-06-04 15:45:42,unknown
630,user_630@gmail.com,FR,2022-05-06 01:33:54,0.0,2022-08-27 13:16:33,,+33,2022-05-06 01:33:54,2022-08-27 13:16:33,ok
631,user_631@gmail.com,FR,2025-04-02T15:24:57Z,1.0,2026-01-03 05:02:59,,+33,2025-04-02 15:24:57,2026-01-03 05:02:59,ok
632,user_632@outlook.com,ES,03/12/2024 11:50,0.0,2025-01-04 10:28:20,,+34,2024-03-12 11:50:00,2025-01-04 10:28:20,ok
633,user_633@gmail.com,ES,1621083802,0.0,2023-08-02 14:20:08,,+34,2021-05-15 13:03:22,2023-08-02 14:20:08,ok
634,user_634@outlook.com,CH,27/05/2022 18:50,3.0,2025-01-03 22:34:52,,+41,2022-05-27 18:50:00,2025-01-03 22:34:52,ok
635,user_635@gmail.com,IT,2023-11-28 00:00:08,0.0,2024-02-18 16:16:09,25fb551a,+31,2023-11-28 00:00:08,2024-02-18 16:16:09,mismatch
636,user_636@gmail.com,ES,2024-12-07 12:20:39,0.0,2025-12-19 09:07:07,3ae7d0df,,2024-12-07 12:20:39,2025-12-19 09:07:07,unknown
637,user_637@proton.me,IT,1656247724,4.0,2024-11-17 12:11:48,,+43,2022-06-26 12:48:44,2024-11-17 12:11:48,mismatch
638,user_638@free.fr,FRA,2020-12-18 23:54:25,0.0,2023-10-06 02:24:26,,+43,2020-12-18 23:54:25,2023-10-06 02:24:26,country_not_mapped
639,user_639@outlook.com,FR,2024-03-30 20:35:21,0.0,2025-03-18 12:47:50,,,2024-03-30 20:35:21,2025-03-18 12:47:50,unknown
640,user_640@gmail.com,DE,2025-01-02 07:31:44,0.0,2025-04-12 18:13:55,,+351,2025-01-02 07:31:44,2025-04-12 18:13:55,mismatch
641,user_641@hotmail.com,DE,2022-05-02 18:23:59,0.0,2023-02-03 07:07:24,,+49,2022-05-02 18:23:59,2023-02-03 07:07:24,ok
642,user_642@hotmail.com,FRANCE,2021-06-22 21:06:49,0.0,2022-07-02 13:50:58,,,2021-06-22 21:06:49,2022-07-02 13:50:58,unknown
643,user_643@hotmail.com,AT,2024-07-10T18:11:43Z,0.0,2024-12-13 00:03:56,,+43,2024-07-10 18:11:43,2024-12-13 00:03:56,ok
644,user_644@outlook.com,AT,2023-10-15T14:08:14Z,0.0,2024-03-07 23:28:11,,+43,2023-10-15 14:08:14,2024-03-07 23:28:11,ok
645,user_645@gmail.com,,2020-11-16 21:15:52,0.0,2023-05-09 01:39:10,,+351,2020-11-16 21:15:52,2023-05-09 01:39:10,unknown
646,user_646@gmail.com,,2022-09-05 00:42:26,0.0,2025-02-04 05:15:14,,,2022-09-05 00:42:26,2025-02-04 05:15:14,unknown
647,user_647@gmail.com,DE,2022-04-27 05:24:25,0.0,2023-10-31 09:49:41,da423df3,+32,2022-04-27 05:24:25,2023-10-31 09:49:41,mismatch
648,user_648@free.fr,AT,2022-11-01 09:32:13,1.0,2025-05-01 14:15:08,df8610b9,+43,2022-11-01 09:32:13,2025-05-01 14:15:08,ok
649,user_649@hotmail.com,CH,2022-05-15 16:07:36,1.0,2021-06-13 16:07:36,,+41,2022-05-15 16:07:36,2021-06-13 16:07:36,ok
650,user_650@proton.me,ES,2025-04-13 23:58:48,0.0,2026-01-20 21:57:52,,+34,2025-04-13 23:58:48,2026-01-20 21:57:52,ok
651,user_651@gmail.com,FRANCE,24/04/2021 18:49,0.0,2021-06-06 21:29:24,,+41,2021-04-24 18:49:00,2021-06-06 21:29:24,country_not_mapped
652,user_652@hotmail.com,ES,2021-10-15 03:36:48,0.0,2022-07-09 15:12:49,,+34,2021-10-15 03:36:48,2022-07-09 15:12:49,ok
653,user_653@proton.me,IT,2024-03-04 20:46:58,3.0,2024-03-20 02:40:15,bf222611,+39,2024-03-04 20:46:58,2024-03-20 02:40:15,ok
654,user_654@proton.me,FRANCE,2023-09-13 11:47:14,1.0,2025-10-22 12:56:32,,,2023-09-13 11:47:14,2025-10-22 12:56:32,unknown
655,user_655@proton.me,FR,2024-04-24 20:34:20,1.0,2024-10-21 23:36:33,,+33,2024-04-24 20:34:20,2024-10-21 23:36:33,ok
656,user_656@outlook.com,AT,2024-05-16 06:07:37,4.0,2025-09-11 22:02:04,,+43,2024-05-16 06:07:37,2025-09-11 22:02:04,ok
657,user_657@outlook.com,,2022-01-12T14:11:38Z,4.0,2024-07-13 11:41:54,59274a91,+31,2022-01-12 14:11:38,2024-07-13 11:41:54,unknown
658,user_658@yahoo.fr,FR,2024-03-07T11:05:34Z,-1.0,2025-11-18 15:36:27,36966e76,+351,2024-03-07 11:05:34,2025-11-18 15:36:27,mismatch
659,user_659@proton.me,FR,2024-05-12 22:48:36,0.0,2025-01-03 19:17:29,3f84ecbe,+49,2024-05-12 22:48:36,2025-01-03 19:17:29,mismatch
660,user_660@yahoo.fr,DE,2023-01-14 07:19:43,0.0,2024-11-13 06:01:23,,+49,2023-01-14 07:19:43,2024-11-13 06:01:23,ok
661,user_661@free.fr,ES,2024-11-25T14:35:49Z,4.0,2025-06-21 08:59:41,,+49,2024-11-25 14:35:49,2025-06-21 08:59:41,mismatch
662,user_662@gmail.com,ES,2021-01-23 23:52:09,0.0,2026-04-04 23:27:27,c22eccf6,+43,2021-01-23 23:52:09,2026-04-04 23:27:27,mismatch
663,user_663@gmail.com,ES,2024-06-19 18:23:09,1.0,2025-07-11 21:04:02,,+34,2024-06-19 18:23:09,2025-07-11 21:04:02,ok
664,user_664@hotmail.com,NL,2020-03-21 11:12:19,3.0,2022-04-22 15:17:47,,+31,2020-03-21 11:12:19,2022-04-22 15:17:47,ok
665,user_665@proton.me,PT,2022-04-02 14:10:26,1.0,2022-11-24 02:38:58,,+351,2022-04-02 14:10:26,2022-11-24 02:38:58,ok
666,user_666@gmail.com,AT,2024-07-21 15:19:40,1.0,2026-03-30 19:52:56,834d2f8c,+43,2024-07-21 15:19:40,2026-03-30 19:52:56,ok
667,user_667@gmail.com,FRA,2023-11-09 14:46:30,0.0,2024-02-13 02:28:49,,,2023-11-09 14:46:30,2024-02-13 02:28:49,unknown
668,user_668@free.fr,FRANCE,2024-08-01 21:29:00,0.0,2025-03-19 14:11:10,5d2188f1,,2024-08-01 21:29:00,2025-03-19 14:11:10,unknown
669,user_669@yahoo.fr,,2021-05-31T06:48:37Z,0.0,2024-11-06 06:36:57,,,2021-05-31 06:48:37,2024-11-06 06:36:57,unknown
670,user_670@gmail.com,FR,2023-08-09 18:07:53,4.0,2024-06-11 05:51:00,,+33,2023-08-09 18:07:53,2024-06-11 05:51:00,ok
671,user_671@outlook.com,CH,2021-12-25T01:12:02Z,0.0,2022-10-09 10:19:45,,+41,2021-12-25 01:12:02,2022-10-09 10:19:45,ok
672,user_672@proton.me,DE,2022-10-01T07:33:53Z,0.0,2025-11-02 21:47:33,d87ce80b,+49,2022-10-01 07:33:53,2025-11-02 21:47:33,ok
673,user_673@hotmail.com,NL,2022-09-12T17:35:26Z,1.0,2025-02-17 23:31:28,,+31,2022-09-12 17:35:26,2025-02-17 23:31:28,ok
674,user_674@outlook.com,BE,2024-09-12T20:53:02Z,0.0,2025-12-19 10:43:13,,+32,2024-09-12 20:53:02,2025-12-19 10:43:13,ok
675,user_675@yahoo.fr,ES,2021-01-21 22:17:17,0.0,2023-11-06 12:19:45,,+351,2021-01-21 22:17:17,2023-11-06 12:19:45,mismatch
676,user_676@gmail.com,NL,2021-04-09 02:13:27,0.0,2025-04-27 18:13:38,,+31,2021-04-09 02:13:27,2025-04-27 18:13:38,ok
677,user_677@hotmail.com,FRANCE,2023-10-07T12:38:49Z,1.0,2025-08-21 04:01:00,,+41,2023-10-07 12:38:49,2025-08-21 04:01:00,country_not_mapped
678,user_678@hotmail.com,AT,2024-08-30 23:37:15,1.0,2024-11-30 16:23:03,98ea2d47,+43,2024-08-30 23:37:15,2024-11-30 16:23:03,ok
679,user_679@yahoo.fr,DE,1736502732,0.0,2025-08-23 08:13:46,,+49,2025-01-10 09:52:12,2025-08-23 08:13:46,ok
680,user_561@outlook.com,,2025-03-06 21:34:13,0.0,2026-01-28 11:41:24,46507bb9,,2025-03-06 21:34:13,2026-01-28 11:41:24,unknown
681,user_681@hotmail.com,AT,2024-12-22T18:25:11Z,4.0,2025-12-09 03:17:24,,+43,2024-12-22 18:25:11,2025-12-09 03:17:24,ok
682,user_682@outlook.com,DE,2023-12-26T05:26:22Z,3.0,2024-08-13 15:54:46,,+49,2023-12-26 05:26:22,2024-08-13 15:54:46,ok
683,user_683@yahoo.fr,FRANCE,2023-12-07T15:38:51Z,0.0,2025-02-10 12:56:26,,,2023-12-07 15:38:51,2025-02-10 12:56:26,unknown
684,user_684@proton.me,FR,1605878625,4.0,2022-07-11 09:46:21,,+41,2020-11-20 13:23:45,2022-07-11 09:46:21,mismatch
685,user_685@yahoo.fr,IT,2021-09-10T10:38:20Z,0.0,2021-11-08 09:24:43,,+39,2021-09-10 10:38:20,2021-11-08 09:24:43,ok
686,user_686@gmail.com,NL,2025-03-04 15:02:48,0.0,2025-04-08 13:36:09,2e38b0b3,+31,2025-03-04 15:02:48,2025-04-08 13:36:09,ok
687,user_687@gmail.com,ES,2022-08-04 13:22:01,0.0,2023-03-16 07:21:11,,+33,2022-08-04 13:22:01,2023-03-16 07:21:11,mismatch
688,user_688@yahoo.fr,PT,2022-09-12 22:18:18,0.0,2024-05-10 16:18:40,3b5b224f,+351,2022-09-12 22:18:18,2024-05-10 16:18:40,ok
689,user_689@hotmail.com,DE,2024-05-10 15:12:40,1.0,2025-06-09 16:35:55,11091544,+49,2024-05-10 15:12:40,2025-06-09 16:35:55,ok
690,user_690@free.fr,DE,2022-06-15 06:00:16,-1.0,2024-10-22 23:25:38,,+49,2022-06-15 06:00:16,2024-10-22 23:25:38,ok
691,user_691@yahoo.fr,NL,2024-06-02 18:56:33,2.0,2024-11-07 19:39:14,,+31,2024-06-02 18:56:33,2024-11-07 19:39:14,ok
692,user_692@proton.me,BE,2020-07-08 20:14:36,3.0,2020-07-11 22:53:15,fee39b3f,+32,2020-07-08 20:14:36,2020-07-11 22:53:15,ok
693,user_693@proton.me,BE,2023-02-25T19:37:08Z,0.0,2025-11-03 22:00:07,,+32,2023-02-25 19:37:08,2025-11-03 22:00:07,ok
694,user_694@hotmail.com,IT,1620507883,,2026-01-31 19:09:58,,+39,2021-05-08 21:04:43,2026-01-31 19:09:58,ok
695,user_695@outlook.com,NL,1704546384,0.0,2025-03-05 15:46:27,1daa5ae8,+31,2024-01-06 13:06:24,2025-03-05 15:46:27,ok
696,user_696@proton.me,,2020-03-30 18:13:58,0.0,2025-12-19 18:51:29,,,2020-03-30 18:13:58,2025-12-19 18:51:29,unknown
697,user_697@free.fr,AT,2024-09-29 12:36:18,4.0,2024-10-23 13:30:30,,+43,2024-09-29 12:36:18,2024-10-23 13:30:30,ok
698,user_698@yahoo.fr,AT,2026-10-16 14:36:29,0.0,2021-04-18 19:45:24,,+43,2026-10-16 14:36:29,2021-04-18 19:45:24,ok
699,user_699@free.fr,IT,2025-05-19 21:36:13,0.0,2026-01-17 17:13:50,,+39,2025-05-19 21:36:13,2026-01-17 17:13:50,ok
700,user_700@free.fr,PT,2021-12-10 14:36:22,0.0,2022-01-01 18:39:37,f446f24a,+351,2021-12-10 14:36:22,2022-01-01 18:39:37,ok
701,user_701@yahoo.fr,FRANCE,2024-12-20 19:54:36,0.0,2025-05-06 04:00:17,,,2024-12-20 19:54:36,2025-05-06 04:00:17,unknown
702,user_702@free.fr,FRA,2021-10-18 01:29:17,,2021-12-28 21:15:13,,,2021-10-18 01:29:17,2021-12-28 21:15:13,unknown
703,user_703@hotmail.com,BE,2020-08-09 03:10:13,0.0,2023-05-09 15:44:28,bf6a6958,+32,2020-08-09 03:10:13,2023-05-09 15:44:28,ok
704,user_704@gmail.com,PT,2023-09-27 02:05:52,0.0,2026-01-01 03:47:30,,+351,2023-09-27 02:05:52,2026-01-01 03:47:30,ok
705,user_705@yahoo.fr,ES,2023-10-08 18:19:42,4.0,2024-02-01 09:39:58,,+31,2023-10-08 18:19:42,2024-02-01 09:39:58,mismatch
706,user_706@yahoo.fr,NL,2022-04-17T23:53:00Z,0.0,2023-05-06 22:26:10,2a36cd76,+31,2022-04-17 23:53:00,2023-05-06 22:26:10,ok
707,user_707@gmail.com,,2023-12-18 02:11:11,0.0,2024-06-29 00:03:03,a990a3ae,+351,2023-12-18 02:11:11,2024-06-29 00:03:03,unknown
708,user_708@proton.me,FR,2020-09-21 09:40:38,1.0,2021-08-03 18:29:31,067b3abe,+33,2020-09-21 09:40:38,2021-08-03 18:29:31,ok
709,user_709@hotmail.com,,2024-01-08 16:47:35,0.0,2025-08-27 02:22:08,94e47e9e,+49,2024-01-08 16:47:35,2025-08-27 02:22:08,unknown
710,user_710@proton.me,DE,08/04/2020 04:18,1.0,2025-05-01 07:46:30,,+43,2020-08-04 04:18:00,2025-05-01 07:46:30,mismatch
711,user_711@gmail.com,FR,2021-09-29 15:27:15,0.0,2023-10-25 02:13:01,,+33,2021-09-29 15:27:15,2023-10-25 02:13:01,ok
712,user_712@outlook.com,FR,2024-10-07 06:35:56,0.0,2023-12-11 06:35:56,723eb09c,,2024-10-07 06:35:56,2023-12-11 06:35:56,unknown
713,user_713@yahoo.fr,FRA,2020-08-17T15:48:52Z,0.0,2024-03-20 22:58:27,,,2020-08-17 15:48:52,2024-03-20 22:58:27,unknown
714,user_714@proton.me,FR,2025-04-07T09:31:06Z,0.0,2026-01-01 07:16:59,,,2025-04-07 09:31:06,2026-01-01 07:16:59,unknown
715,user_715@gmail.com,FRA,2020-07-10 02:04:28,0.0,2024-09-27 21:20:45,,,2020-07-10 02:04:28,2024-09-27 21:20:45,unknown
716,user_716@hotmail.com,ES,2022-12-25 23:33:28,0.0,2022-06-24 23:33:28,d5988a56,+34,2022-12-25 23:33:28,2022-06-24 23:33:28,ok
717,user_717@yahoo.fr,IT,2023-03-24 04:46:40,-1.0,2023-05-31 09:40:05,,+39,2023-03-24 04:46:40,2023-05-31 09:40:05,ok
718,user_718@outlook.com,,2021-10-30T21:53:30Z,0.0,2022-01-05 16:27:12,,+39,2021-10-30 21:53:30,2022-01-05 16:27:12,unknown
719,user_719@outlook.com,FRA,2022-10-04 19:50:42,0.0,2024-09-12 12:21:03,,,2022-10-04 19:50:42,2024-09-12 12:21:03,unknown
720,user_720@yahoo.fr,DE,2021-03-04 03:30:09,4.0,2022-05-26 21:09:03,,,2021-03-04 03:30:09,2022-05-26 21:09:03,unknown
721,user_721@proton.me,BE,2020-07-22 12:33:46,0.0,2025-10-18 10:56:25,,+32,2020-07-22 12:33:46,2025-10-18 10:56:25,ok
722,user_722@gmail.com,DE,2025-02-17T16:19:36Z,0.0,2026-03-04 11:46:22,,,2025-02-17 16:19:36,2026-03-04 11:46:22,unknown
723,user_723@hotmail.com,ES,2024-06-29 21:36:39,0.0,2025-04-16 14:26:11,,+34,2024-06-29 21:36:39,2025-04-16 14:26:11,ok
724,user_724@yahoo.fr,IT,2023-07-29 16:42:21,0.0,2026-01-21 21:09:21,,+39,2023-07-29 16:42:21,2026-01-21 21:09:21,ok
725,user_725@gmail.com,ES,2021-07-02 10:22:38,0.0,2024-09-06 17:50:37,848f0c8b,+34,2021-07-02 10:22:38,2024-09-06 17:50:37,ok
726,user_726@hotmail.com,NL,2024-02-21 15:07:42,0.0,2025-12-24 12:06:29,0fc48cac,+31,2024-02-21 15:07:42,2025-12-24 12:06:29,ok
727,user_727@outlook.com,,2024-07-11 04:28:02,0.0,2025-09-08 18:47:49,,,2024-07-11 04:28:02,2025-09-08 18:47:49,unknown
728,user_728@free.fr,ES,2022-04-16T19:06:51Z,1.0,2023-07-31 01:10:08,,,2022-04-16 19:06:51,2023-07-31 01:10:08,unknown
729,user_729@outlook.com,ES,1653118813,2.0,2022-06-03 13:50:10,,+41,2022-05-21 07:40:13,2022-06-03 13:50:10,mismatch
730,user_730@free.fr,FRANCE,2021-06-07 19:12:30,0.0,2024-10-24 19:21:02,,,2021-06-07 19:12:30,2024-10-24 19:21:02,unknown
731,user_731@yahoo.fr,PT,2023-01-23T09:25:07Z,0.0,2023-06-05 19:06:09,,+351,2023-01-23 09:25:07,2023-06-05 19:06:09,ok
732,user_732@free.fr,FR,2025-01-28T06:09:02Z,0.0,2025-05-07 22:41:12,,+33,2025-01-28 06:09:02,2025-05-07 22:41:12,ok
733,user_733@gmail.com,FR,26/09/2024 06:39,0.0,2025-05-17 00:18:09,,,2024-09-26 06:39:00,2025-05-17 00:18:09,unknown
734,user_734@hotmail.com,PT,2025-04-17 11:08:47,0.0,2026-04-07 07:56:02,ac36dc25,+351,2025-04-17 11:08:47,2026-04-07 07:56:02,ok
735,user_735@free.fr,CH,2022-10-03T12:00:44Z,0.0,2023-02-25 08:18:27,650b671a,+41,2022-10-03 12:00:44,2023-02-25 08:18:27,ok
736,user_736@gmail.com,AT,2022-02-23 00:40:45,0.0,2023-05-21 05:52:47,,+43,2022-02-23 00:40:45,2023-05-21 05:52:47,ok
737,user_737@hotmail.com,FRANCE,1612748403,0.0,2022-03-16 06:52:11,99de319a,,2021-02-08 01:40:03,2022-03-16 06:52:11,unknown
738,user_738@proton.me,FRANCE,2021-07-07 07:35:16,0.0,2021-04-24 07:35:16,,,2021-07-07 07:35:16,2021-04-24 07:35:16,unknown
739,user_739@proton.me,,2022-04-06 21:44:01,0.0,2024-07-01 19:05:06,,,2022-04-06 21:44:01,2024-07-01 19:05:06,unknown
740,user_740@outlook.com,PT,2023-02-11T09:55:40Z,3.0,2026-02-03 07:37:14,,+351,2023-02-11 09:55:40,2026-02-03 07:37:14,ok
741,user_741@yahoo.fr,FRANCE,2024-01-22 10:08:28,4.0,2025-09-10 23:29:29,,+41,2024-01-22 10:08:28,2025-09-10 23:29:29,country_not_mapped
742,user_742@free.fr,FRANCE,2022-08-24 20:51:54,4.0,2025-06-25 11:38:13,,,2022-08-24 20:51:54,2025-06-25 11:38:13,unknown
743,user_743@outlook.com,PT,2020-10-24 18:45:40,0.0,2021-09-16 16:52:22,fae543ef,+351,2020-10-24 18:45:40,2021-09-16 16:52:22,ok
744,user_744@yahoo.fr,PT,2023-02-01 16:58:34,0.0,2026-04-05 12:17:06,,+351,2023-02-01 16:58:34,2026-04-05 12:17:06,ok
745,user_745@free.fr,IT,2024-02-02 09:16:17,0.0,2024-05-18 09:20:15,9d7960e7,+39,2024-02-02 09:16:17,2024-05-18 09:20:15,ok
746,user_746@hotmail.com,ES,2022-08-31T21:00:55Z,0.0,2023-03-12 17:42:51,,+34,2022-08-31 21:00:55,2023-03-12 17:42:51,ok
747,user_747@hotmail.com,FRANCE,2020-06-16T00:23:37Z,0.0,2026-03-14 07:19:56,,+32,2020-06-16 00:23:37,2026-03-14 07:19:56,country_not_mapped
748,user_748@gmail.com,DE,2023-12-10 10:02:48,0.0,2024-02-29 20:13:44,bd2750e2,,2023-12-10 10:02:48,2024-02-29 20:13:44,unknown
749,user_749@gmail.com,IT,2023-01-12 09:14:18,1.0,2023-11-06 21:10:38,,+41,2023-01-12 09:14:18,2023-11-06 21:10:38,mismatch
750,user_750@free.fr,IT,29/01/2021 13:29,0.0,2023-11-11 22:55:26,2a014171,+39,2021-01-29 13:29:00,2023-11-11 22:55:26,ok
751,user_751@yahoo.fr,AT,2023-08-02T09:41:37Z,0.0,2024-12-05 15:59:01,2bda39d2,+43,2023-08-02 09:41:37,2024-12-05 15:59:01,ok
752,user_752@gmail.com,FRANCE,1743778499,99.0,2025-10-15 15:18:08,,,2025-04-04 14:54:59,2025-10-15 15:18:08,unknown
753,user_753@free.fr,DE,2023-06-21 05:32:20,0.0,2024-01-13 17:34:55,,,2023-06-21 05:32:20,2024-01-13 17:34:55,unknown
754,user_754@free.fr,FRANCE,2025-02-20 15:30:51,0.0,2026-02-04 07:49:56,,,2025-02-20 15:30:51,2026-02-04 07:49:56,unknown
755,user_755@yahoo.fr,FR,2022-10-16 13:25:22,1.0,2023-10-18 18:54:59,,,2022-10-16 13:25:22,2023-10-18 18:54:59,unknown
756,user_756@hotmail.com,FRANCE,2022-03-10 15:20:09,1.0,2026-02-12 02:31:25,d468c930,,2022-03-10 15:20:09,2026-02-12 02:31:25,unknown
757,user_757@free.fr,NL,2022-08-14 04:46:16,0.0,2025-10-23 03:20:14,,+31,2022-08-14 04:46:16,2025-10-23 03:20:14,ok
758,user_758@proton.me,NL,2022-01-21T02:37:51Z,4.0,2024-08-22 16:52:11,,+34,2022-01-21 02:37:51,2024-08-22 16:52:11,mismatch
759,user_759@proton.me,CH,25/11/2021 11:44,0.0,2022-12-20 14:15:16,,+41,2021-11-25 11:44:00,2022-12-20 14:15:16,ok
760,user_760@proton.me,IT,2021-11-04 17:22:17,0.0,2023-12-05 16:18:00,,+39,2021-11-04 17:22:17,2023-12-05 16:18:00,ok
761,user_761@hotmail.com,AT,2023-03-23T04:22:20Z,0.0,2024-11-30 20:00:08,,+43,2023-03-23 04:22:20,2024-11-30 20:00:08,ok
762,user_762@outlook.com,FR,2023-05-30 00:41:07,3.0,2025-03-23 23:12:39,,+41,2023-05-30 00:41:07,2025-03-23 23:12:39,mismatch
763,user_513@free.fr,FRANCE,2025-04-26 20:31:33,0.0,2025-10-30 14:19:11,,+351,2025-04-26 20:31:33,2025-10-30 14:19:11,country_not_mapped
764,user_764@outlook.com,FRA,2023-07-10 03:12:50,0.0,2025-02-08 19:03:50,97b92448,+351,2023-07-10 03:12:50,2025-02-08 19:03:50,country_not_mapped
765,user_765@free.fr,NL,2022-05-03 01:26:49,4.0,2025-08-13 04:29:26,,+31,2022-05-03 01:26:49,2025-08-13 04:29:26,ok
766,user_766@outlook.com,FRA,2022-04-06 18:07:53,0.0,2023-04-18 05:42:04,,,2022-04-06 18:07:53,2023-04-18 05:42:04,unknown
767,user_767@proton.me,FRA,2021-06-01 20:30:32,0.0,2023-07-31 21:35:57,,+49,2021-06-01 20:30:32,2023-07-31 21:35:57,country_not_mapped
768,user_768@yahoo.fr,ES,2024-07-29T00:55:26Z,4.0,2024-12-22 16:50:39,,,2024-07-29 00:55:26,2024-12-22 16:50:39,unknown
769,user_769@proton.me,DE,2023-08-31T19:47:27Z,0.0,2024-01-16 21:13:58,,,2023-08-31 19:47:27,2024-01-16 21:13:58,unknown
770,user_770@gmail.com,DE,2020-03-20T22:43:57Z,3.0,2021-08-26 03:26:56,,+49,2020-03-20 22:43:57,2021-08-26 03:26:56,ok
771,user_771@yahoo.fr,AT,09/05/2023 00:01,1.0,2024-02-22 13:31:46,dc0e2123,+43,2023-09-05 00:01:00,2024-02-22 13:31:46,ok
772,user_772@hotmail.com,AT,2021-10-18T03:58:12Z,99.0,2024-01-01 22:39:01,24310040,+33,2021-10-18 03:58:12,2024-01-01 22:39:01,mismatch
773,user_597@gmail.com,DE,2025-02-22 12:57:38,0.0,2025-08-23 21:34:45,e8f07473,+41,2025-02-22 12:57:38,2025-08-23 21:34:45,mismatch
774,user_774@outlook.com,FR,2022-06-04 22:09:13,0.0,2024-06-28 18:47:37,,,2022-06-04 22:09:13,2024-06-28 18:47:37,unknown
775,user_775@outlook.com,ES,2023-07-22 00:10:38,0.0,2025-02-28 21:16:57,,,2023-07-22 00:10:38,2025-02-28 21:16:57,unknown
776,user_776@proton.me,BE,2021-05-06T10:22:41Z,0.0,2021-07-25 05:14:57,,+32,2021-05-06 10:22:41,2021-07-25 05:14:57,ok
777,user_777@gmail.com,FRA,2024-07-17T18:46:15Z,0.0,2024-01-14 18:46:15,,,2024-07-17 18:46:15,2024-01-14 18:46:15,unknown
778,user_778@hotmail.com,FRANCE,2023-12-11 09:52:07,0.0,2024-12-08 05:33:58,,,2023-12-11 09:52:07,2024-12-08 05:33:58,unknown
779,user_779@yahoo.fr,FRANCE,2021-01-07 02:31:17,0.0,2024-04-16 19:39:16,,+49,2021-01-07 02:31:17,2024-04-16 19:39:16,country_not_mapped
780,user_780@proton.me,ES,23/09/2022 06:09,1.0,2026-04-08 06:34:05,,+34,2022-09-23 06:09:00,2026-04-08 06:34:05,ok
781,user_781@free.fr,FR,03/12/2020 20:31,0.0,2021-10-27 12:54:31,b80a6c6a,+33,2020-03-12 20:31:00,2021-10-27 12:54:31,ok
782,user_782@free.fr,FRANCE,2021-03-18T10:51:36Z,4.0,2022-05-14 05:35:34,,,2021-03-18 10:51:36,2022-05-14 05:35:34,unknown
783,user_783@free.fr,FRANCE,2020-09-17 21:55:22,0.0,2026-03-11 17:02:22,,,2020-09-17 21:55:22,2026-03-11 17:02:22,unknown
784,user_784@gmail.com,DE,2022-01-24T13:09:30Z,0.0,2023-03-03 00:52:51,d9209193,+49,2022-01-24 13:09:30,2023-03-03 00:52:51,ok
785,user_785@outlook.com,FR,2023-05-26 05:24:06,1.0,2025-11-07 10:25:13,,+33,2023-05-26 05:24:06,2025-11-07 10:25:13,ok
786,user_786@proton.me,IT,2021-03-28 10:09:34,0.0,2025-08-29 05:37:53,,+39,2021-03-28 10:09:34,2025-08-29 05:37:53,ok
787,user_787@yahoo.fr,FR,2022-01-10T02:40:59Z,1.0,2024-02-25 13:47:43,896fec00,,2022-01-10 02:40:59,2024-02-25 13:47:43,unknown
788,user_788@free.fr,FR,2021-03-19T14:08:38Z,,2023-07-17 04:14:35,,,2021-03-19 14:08:38,2023-07-17 04:14:35,unknown
789,user_789@yahoo.fr,ES,2022-12-31T01:03:29Z,3.0,2023-08-25 06:12:35,,+43,2022-12-31 01:03:29,2023-08-25 06:12:35,mismatch
790,user_790@free.fr,,1688195922,99.0,2024-10-07 22:38:02,,,2023-07-01 07:18:42,2024-10-07 22:38:02,unknown
791,user_791@free.fr,BE,29/06/2023 22:07,0.0,2025-02-26 10:00:29,6d36caee,+32,2023-06-29 22:07:00,2025-02-26 10:00:29,ok
792,user_792@yahoo.fr,FR,2020-08-16T03:43:33Z,0.0,2023-03-18 21:07:38,f2acba1f,,2020-08-16 03:43:33,2023-03-18 21:07:38,unknown
793,user_793@yahoo.fr,PT,2023-03-31 09:30:41,0.0,2025-09-10 16:29:44,a509180c,+351,2023-03-31 09:30:41,2025-09-10 16:29:44,ok
794,user_794@proton.me,PT,2021-02-28T14:00:53Z,0.0,2025-07-18 23:38:49,ba6b510f,+351,2021-02-28 14:00:53,2025-07-18 23:38:49,ok
795,user_795@free.fr,FRA,2021-08-18 21:33:47,2.0,2024-10-28 03:18:04,,+33,2021-08-18 21:33:47,2024-10-28 03:18:04,country_not_mapped
796,user_796@hotmail.com,FRA,2021-03-08 19:52:38,0.0,2022-03-06 04:15:51,,+49,2021-03-08 19:52:38,2022-03-06 04:15:51,country_not_mapped
797,user_797@free.fr,FRANCE,2025-03-17 00:15:47,0.0,2025-08-04 16:08:53,,,2025-03-17 00:15:47,2025-08-04 16:08:53,unknown
798,user_798@gmail.com,PT,2021-09-26 10:23:10,3.0,2025-03-08 18:01:11,,+351,2021-09-26 10:23:10,2025-03-08 18:01:11,ok
799,user_799@gmail.com,ES,2021-03-21T12:46:15Z,-1.0,2020-08-04 12:46:15,efb916c3,+34,2021-03-21 12:46:15,2020-08-04 12:46:15,ok
800,user_800@gmail.com,DE,2020-11-28 20:24:10,0.0,2025-09-11 11:09:36,,+49,2020-11-28 20:24:10,2025-09-11 11:09:36,ok
801,user_801@proton.me,,2020-03-01T06:22:49Z,0.0,2022-04-11 19:44:08,,,2020-03-01 06:22:49,2022-04-11 19:44:08,unknown
802,user_802@yahoo.fr,FRANCE,2023-02-27T23:45:21Z,0.0,2025-09-26 15:29:27,cb41199e,+41,2023-02-27 23:45:21,2025-09-26 15:29:27,country_not_mapped
803,user_803@free.fr,FR,2022-01-01 05:06:27,0.0,2025-01-20 18:56:47,893223c5,+351,2022-01-01 05:06:27,2025-01-20 18:56:47,mismatch
804,user_804@free.fr,FRANCE,2021-05-20T01:02:34Z,0.0,2025-12-10 00:57:55,,,2021-05-20 01:02:34,2025-12-10 00:57:55,unknown
805,user_805@yahoo.fr,NL,2024-07-06 22:47:38,0.0,2025-10-19 19:46:49,ec78eeb2,+31,2024-07-06 22:47:38,2025-10-19 19:46:49,ok
806,user_806@gmail.com,NL,2023-08-16T19:48:34Z,0.0,2023-11-27 06:57:09,a3cebaf6,+31,2023-08-16 19:48:34,2023-11-27 06:57:09,ok
807,user_807@gmail.com,ES,21/05/2023 08:52,2.0,2023-10-31 11:39:34,3c445800,+34,2023-05-21 08:52:00,2023-10-31 11:39:34,ok
808,user_808@gmail.com,ES,2024-11-08T13:58:11Z,0.0,2025-06-07 02:46:54,,+34,2024-11-08 13:58:11,2025-06-07 02:46:54,ok
809,user_809@hotmail.com,AT,2024-11-08 23:37:22,4.0,2026-02-13 20:05:11,,+43,2024-11-08 23:37:22,2026-02-13 20:05:11,ok
810,user_810@free.fr,FRA,2024-12-28T08:23:55Z,0.0,2025-07-24 00:32:05,,+31,2024-12-28 08:23:55,2025-07-24 00:32:05,country_not_mapped
811,user_811@hotmail.com,CH,25/02/2024 02:15,0.0,2025-03-21 04:29:17,,+41,2024-02-25 02:15:00,2025-03-21 04:29:17,ok
812,user_812@free.fr,DE,2023-08-15 23:56:21,3.0,2024-12-13 19:36:58,f331bde5,+49,2023-08-15 23:56:21,2024-12-13 19:36:58,ok
813,user_813@free.fr,ES,2020-04-03 05:27:10,1.0,2023-11-11 11:57:46,,+34,2020-04-03 05:27:10,2023-11-11 11:57:46,ok
814,user_814@free.fr,FR,2025-05-28T17:39:36Z,4.0,2025-08-10 14:18:12,,+33,2025-05-28 17:39:36,2025-08-10 14:18:12,ok
815,user_815@proton.me,AT,2024-08-27T18:50:29Z,0.0,2026-02-10 02:58:53,f108883c,+43,2024-08-27 18:50:29,2026-02-10 02:58:53,ok
816,user_816@hotmail.com,ES,2023-03-03 15:19:32,0.0,2023-05-21 17:15:35,,+34,2023-03-03 15:19:32,2023-05-21 17:15:35,ok
817,user_817@outlook.com,BE,2021-03-02T04:40:52Z,0.0,2023-08-20 09:28:33,,+32,2021-03-02 04:40:52,2023-08-20 09:28:33,ok
818,user_818@proton.me,ES,2024-07-19 16:37:44,4.0,2024-08-16 05:04:32,,+34,2024-07-19 16:37:44,2024-08-16 05:04:32,ok
819,user_819@hotmail.com,AT,2023-08-02 04:22:11,0.0,2025-02-02 22:17:34,,+32,2023-08-02 04:22:11,2025-02-02 22:17:34,mismatch
820,user_820@outlook.com,NL,2022-02-01 10:52:57,0.0,2024-02-02 15:48:04,,+31,2022-02-01 10:52:57,2024-02-02 15:48:04,ok
821,user_821@hotmail.com,FR,16/07/2021 19:14,0.0,2022-09-24 09:01:54,1c1604ce,+33,2021-07-16 19:14:00,2022-09-24 09:01:54,ok
822,user_822@hotmail.com,FRA,2020-06-07 04:45:17,0.0,2021-10-18 06:31:15,,+351,2020-06-07 04:45:17,2021-10-18 06:31:15,country_not_mapped
823,user_823@hotmail.com,ES,2024-06-07 05:17:16,4.0,2025-12-23 02:48:25,,+34,2024-06-07 05:17:16,2025-12-23 02:48:25,ok
824,user_824@outlook.com,PT,2022-03-05T19:05:10Z,1.0,2022-05-25 15:16:18,,+351,2022-03-05 19:05:10,2022-05-25 15:16:18,ok
825,user_825@proton.me,ES,2022-04-09T17:22:38Z,0.0,2024-11-24 03:39:53,3b2bcef2,+34,2022-04-09 17:22:38,2024-11-24 03:39:53,ok
826,user_826@yahoo.fr,ES,2021-01-15T05:04:31Z,0.0,2025-04-24 21:48:31,511af9a1,+39,2021-01-15 05:04:31,2025-04-24 21:48:31,mismatch
827,user_827@proton.me,BE,1607431093,0.0,2021-05-15 20:08:39,85c93644,+32,2020-12-08 12:38:13,2021-05-15 20:08:39,ok
828,user_828@outlook.com,FRANCE,2022-06-15 12:26:37,0.0,2024-01-01 07:32:41,c8d2010a,+32,2022-06-15 12:26:37,2024-01-01 07:32:41,country_not_mapped
829,user_566@yahoo.fr,AT,2025-04-28 09:32:43,0.0,2025-06-06 12:42:44,,+43,2025-04-28 09:32:43,2025-06-06 12:42:44,ok
830,user_830@outlook.com,IT,2023-03-28 18:48:56,0.0,2025-09-28 15:00:42,72e34eb1,+39,2023-03-28 18:48:56,2025-09-28 15:00:42,ok
831,user_831@gmail.com,CH,2021-10-21 09:43:03,4.0,2025-08-06 08:43:22,,+41,2021-10-21 09:43:03,2025-08-06 08:43:22,ok
832,user_832@free.fr,BE,2021-04-02T03:50:27Z,0.0,2022-11-18 18:31:50,,+32,2021-04-02 03:50:27,2022-11-18 18:31:50,ok
833,user_833@hotmail.com,CH,2021-02-28 20:08:09,0.0,2024-11-14 20:01:48,,+41,2021-02-28 20:08:09,2024-11-14 20:01:48,ok
834,user_834@free.fr,IT,2020-07-20 04:38:28,0.0,2025-05-14 05:41:31,,+39,2020-07-20 04:38:28,2025-05-14 05:41:31,ok
835,user_835@hotmail.com,PT,2024-06-30 06:32:51,0.0,2023-09-11 06:32:51,,+351,2024-06-30 06:32:51,2023-09-11 06:32:51,ok
836,user_836@free.fr,CH,11/07/2024 04:49,0.0,2025-06-29 22:51:08,1b79d851,+41,2024-11-07 04:49:00,2025-06-29 22:51:08,ok
837,user_837@outlook.com,,30/06/2020 10:48,0.0,2025-12-08 15:59:20,,+49,2020-06-30 10:48:00,2025-12-08 15:59:20,unknown
838,user_838@proton.me,NL,05/03/2020 08:23,0.0,2025-09-10 14:54:09,2c535d4a,+31,2020-05-03 08:23:00,2025-09-10 14:54:09,ok
839,user_839@outlook.com,IT,2020-08-25 21:52:14,3.0,2025-12-22 16:28:51,,+39,2020-08-25 21:52:14,2025-12-22 16:28:51,ok
840,user_840@free.fr,PT,2025-02-15 03:06:31,1.0,2025-05-08 19:20:41,0ad8ea56,+351,2025-02-15 03:06:31,2025-05-08 19:20:41,ok
841,user_841@yahoo.fr,FRANCE,2025-02-10 03:59:46,0.0,2025-12-14 07:58:06,d1c22e15,+43,2025-02-10 03:59:46,2025-12-14 07:58:06,country_not_mapped
842,user_842@yahoo.fr,,2021-09-12 12:05:38,0.0,2024-02-05 18:50:15,e5682984,,2021-09-12 12:05:38,2024-02-05 18:50:15,unknown
843,user_843@yahoo.fr,FRANCE,2023-08-03 12:53:44,1.0,2024-01-06 05:52:56,dfbf1b42,,2023-08-03 12:53:44,2024-01-06 05:52:56,unknown
844,user_844@gmail.com,BE,2020-07-14T21:29:38Z,0.0,2020-07-09 21:29:38,0ba191d8,+32,2020-07-14 21:29:38,2020-07-09 21:29:38,ok
845,user_845@proton.me,,2020-11-19 23:27:50,0.0,2022-08-10 13:39:32,0fa4165f,,2020-11-19 23:27:50,2022-08-10 13:39:32,unknown
846,user_846@outlook.com,DE,2020-05-05T21:22:33Z,0.0,2020-09-21 05:27:49,85c93644,+49,2020-05-05 21:22:33,2020-09-21 05:27:49,ok
847,user_847@free.fr,PT,2022-08-09T04:48:12Z,4.0,2023-07-26 02:23:01,,+351,2022-08-09 04:48:12,2023-07-26 02:23:01,ok
848,user_848@outlook.com,DE,24/07/2022 13:35,0.0,2024-01-30 14:59:58,0bf19511,+49,2022-07-24 13:35:00,2024-01-30 14:59:58,ok
849,user_849@free.fr,BE,2023-10-13 04:31:55,4.0,2024-06-02 13:08:26,,+32,2023-10-13 04:31:55,2024-06-02 13:08:26,ok
850,user_850@gmail.com,DE,1798535070,4.0,2025-11-13 23:32:28,41cb6664,,2026-12-29 09:04:30,2025-11-13 23:32:28,unknown
851,user_851@proton.me,PT,2024-03-26 10:28:34,0.0,2025-12-19 04:38:54,3ac7e0bf,+351,2024-03-26 10:28:34,2025-12-19 04:38:54,ok
852,user_852@proton.me,DE,2024-04-04 07:28:31,-1.0,2025-09-24 21:46:35,,,2024-04-04 07:28:31,2025-09-24 21:46:35,unknown
853,user_853@proton.me,ES,2024-09-29 19:54:20,0.0,2025-11-18 10:06:41,,,2024-09-29 19:54:20,2025-11-18 10:06:41,unknown
854,user_854@outlook.com,FR,11/01/2022 10:43,0.0,2025-01-07 15:56:45,3d46c324,+33,2022-11-01 10:43:00,2025-01-07 15:56:45,ok
855,user_855@proton.me,,2021-05-07 22:38:06,0.0,2023-11-09 12:51:27,c1d35c7d,+33,2021-05-07 22:38:06,2023-11-09 12:51:27,unknown
856,user_856@gmail.com,FRA,2023-10-11 12:34:45,0.0,2025-05-10 21:58:18,e06cb34f,+351,2023-10-11 12:34:45,2025-05-10 21:58:18,country_not_mapped
857,user_857@yahoo.fr,FRANCE,09/06/2021 03:43,0.0,2022-12-27 22:16:56,,,2021-09-06 03:43:00,2022-12-27 22:16:56,unknown
858,user_858@gmail.com,,2020-04-11T00:57:57Z,0.0,2022-09-19 00:01:03,,+43,2020-04-11 00:57:57,2022-09-19 00:01:03,unknown
859,user_859@proton.me,BE,2024-11-16 16:51:37,4.0,2025-06-05 03:20:31,,+32,2024-11-16 16:51:37,2025-06-05 03:20:31,ok
860,user_860@gmail.com,IT,2021-03-24T18:37:08Z,0.0,2023-01-12 00:21:43,bd6cd1e2,+39,2021-03-24 18:37:08,2023-01-12 00:21:43,ok
861,user_861@outlook.com,FRA,2023-08-11 14:26:09,0.0,2025-03-24 15:23:16,,+39,2023-08-11 14:26:09,2025-03-24 15:23:16,country_not_mapped
862,user_862@gmail.com,IT,2022-07-25T18:52:26Z,0.0,2023-04-04 15:01:17,,+32,2022-07-25 18:52:26,2023-04-04 15:01:17,mismatch
863,user_863@proton.me,DE,2020-11-20 04:59:37,0.0,2025-09-26 12:25:44,,,2020-11-20 04:59:37,2025-09-26 12:25:44,unknown
864,user_864@hotmail.com,FRANCE,2023-07-20 23:12:02,0.0,2025-09-05 00:36:28,,,2023-07-20 23:12:02,2025-09-05 00:36:28,unknown
865,user_865@gmail.com,FR,2024-06-08 05:02:23,2.0,2026-02-25 09:49:30,8fe6992f,,2024-06-08 05:02:23,2026-02-25 09:49:30,unknown
866,user_866@free.fr,FRA,2020-12-15T20:16:15Z,4.0,2022-12-05 07:23:13,,,2020-12-15 20:16:15,2022-12-05 07:23:13,unknown
867,user_867@yahoo.fr,NL,2024-08-12T19:06:46Z,0.0,2026-04-01 19:31:49,,+31,2024-08-12 19:06:46,2026-04-01 19:31:49,ok
868,user_868@proton.me,DE,2022-03-13 21:22:51,,2023-02-01 06:46:42,60bab344,+49,2022-03-13 21:22:51,2023-02-01 06:46:42,ok
869,user_869@outlook.com,ES,2020-11-26 19:41:37,0.0,2025-02-23 21:17:17,74db0702,+34,2020-11-26 19:41:37,2025-02-23 21:17:17,ok
870,user_870@hotmail.com,FRA,10/03/2024 08:53,0.0,2026-04-09 09:09:12,,+351,2024-10-03 08:53:00,2026-04-09 09:09:12,country_not_mapped
871,user_871@proton.me,NL,2021-04-05T17:45:42Z,0.0,2025-01-04 08:15:20,,+31,2021-04-05 17:45:42,2025-01-04 08:15:20,ok
872,user_872@proton.me,FR,2020-08-25 06:36:11,1.0,2022-09-24 21:27:56,,+33,2020-08-25 06:36:11,2022-09-24 21:27:56,ok
873,user_873@hotmail.com,FRA,2024-02-05T05:59:19Z,0.0,2024-06-29 12:02:15,9cf23c25,,2024-02-05 05:59:19,2024-06-29 12:02:15,unknown
874,user_874@outlook.com,NL,2021-11-10 17:38:08,0.0,2025-04-11 05:10:18,1a81600a,+31,2021-11-10 17:38:08,2025-04-11 05:10:18,ok
875,user_875@gmail.com,FR,2021-05-27 02:17:43,0.0,2023-03-21 07:46:58,,+39,2021-05-27 02:17:43,2023-03-21 07:46:58,mismatch
876,user_876@outlook.com,FRA,2020-05-11 06:44:03,0.0,2026-03-05 08:58:17,,+351,2020-05-11 06:44:03,2026-03-05 08:58:17,country_not_mapped
877,user_877@outlook.com,ES,2024-08-17 10:16:47,1.0,2025-01-30 17:29:03,,+34,2024-08-17 10:16:47,2025-01-30 17:29:03,ok
878,user_878@proton.me,FRANCE,1676778931,0.0,2024-12-01 05:08:45,,,2023-02-19 03:55:31,2024-12-01 05:08:45,unknown
879,user_879@free.fr,FRA,2024-12-07 16:21:53,0.0,2026-03-16 11:38:57,,,2024-12-07 16:21:53,2026-03-16 11:38:57,unknown
880,user_880@hotmail.com,,09/11/2022 09:05,0.0,2022-12-01 10:00:43,,,2022-09-11 09:05:00,2022-12-01 10:00:43,unknown
881,user_881@yahoo.fr,FRA,1584007807,4.0,2024-01-11 06:16:47,,+41,2020-03-12 10:10:07,2024-01-11 06:16:47,country_not_mapped
882,user_882@yahoo.fr,IT,2021-07-30 01:23:25,0.0,2021-01-24 01:23:25,,+39,2021-07-30 01:23:25,2021-01-24 01:23:25,ok
883,user_883@hotmail.com,PT,2021-03-23 13:41:15,0.0,2025-06-21 07:34:02,,+351,2021-03-23 13:41:15,2025-06-21 07:34:02,ok
884,user_884@yahoo.fr,CH,2021-08-29 05:37:39,0.0,2025-07-24 17:59:31,,+41,2021-08-29 05:37:39,2025-07-24 17:59:31,ok
885,user_885@gmail.com,DE,2022-07-29 00:31:42,0.0,2025-07-23 16:26:18,,+49,2022-07-29 00:31:42,2025-07-23 16:26:18,ok
886,user_886@proton.me,FR,2024-10-18T10:17:30Z,0.0,2025-01-03 20:52:22,,,2024-10-18 10:17:30,2025-01-03 20:52:22,unknown
887,user_887@gmail.com,NL,19/02/2021 17:49,3.0,2022-10-20 07:50:56,,+31,2021-02-19 17:49:00,2022-10-20 07:50:56,ok
888,user_888@proton.me,BE,2020-03-24T15:04:47Z,2.0,2023-06-01 14:32:46,,+32,2020-03-24 15:04:47,2023-06-01 14:32:46,ok
889,user_889@gmail.com,ES,2020-03-13T22:00:35Z,0.0,2023-09-22 21:35:41,,+34,2020-03-13 22:00:35,2023-09-22 21:35:41,ok
890,user_890@hotmail.com,IT,2025-01-11 17:23:16,0.0,2025-12-11 17:32:08,,+39,2025-01-11 17:23:16,2025-12-11 17:32:08,ok
891,user_891@outlook.com,CH,2023-06-26 23:12:21,0.0,2024-03-22 19:51:18,801ca83f,+41,2023-06-26 23:12:21,2024-03-22 19:51:18,ok
892,user_892@outlook.com,IT,2022-05-18 12:09:50,0.0,2021-07-18 12:09:50,,+39,2022-05-18 12:09:50,2021-07-18 12:09:50,ok
893,user_893@free.fr,FRANCE,2020-10-31 17:42:12,0.0,2025-09-12 05:44:31,308ce950,+39,2020-10-31 17:42:12,2025-09-12 05:44:31,country_not_mapped
894,user_894@outlook.com,DE,2023-05-19T17:41:53Z,0.0,2024-06-27 09:05:09,cccd27ee,+49,2023-05-19 17:41:53,2024-06-27 09:05:09,ok
895,user_895@yahoo.fr,DE,2021-05-15T16:00:47Z,0.0,2023-10-10 05:59:02,9173d17b,+49,2021-05-15 16:00:47,2023-10-10 05:59:02,ok
896,user_183@free.fr,FRA,2021-12-14T08:48:14Z,0.0,2025-07-10 23:20:52,,,2021-12-14 08:48:14,2025-07-10 23:20:52,unknown
897,user_897@outlook.com,AT,2020-06-06 17:07:03,-1.0,2019-09-12 17:07:03,,+43,2020-06-06 17:07:03,2019-09-12 17:07:03,ok
898,user_898@proton.me,DE,31/05/2020 19:47,0.0,2024-12-21 23:26:19,,+34,2020-05-31 19:47:00,2024-12-21 23:26:19,mismatch
899,user_899@gmail.com,NL,2022-06-10T08:59:46Z,0.0,2023-08-09 12:01:19,,+31,2022-06-10 08:59:46,2023-08-09 12:01:19,ok
900,user_900@free.fr,ES,2021-10-21 19:10:03,0.0,2023-12-07 19:27:52,,+39,2021-10-21 19:10:03,2023-12-07 19:27:52,mismatch
901,user_901@hotmail.com,FR,2024-04-24T15:22:29Z,4.0,2025-03-27 07:52:20,,,2024-04-24 15:22:29,2025-03-27 07:52:20,unknown
902,user_902@hotmail.com,ES,1683405053,3.0,2026-01-13 17:13:23,,+34,2023-05-06 20:30:53,2026-01-13 17:13:23,ok
903,user_903@gmail.com,ES,2024-09-04 04:48:42,0.0,2025-06-04 19:17:23,af81f955,+34,2024-09-04 04:48:42,2025-06-04 19:17:23,ok
904,user_904@gmail.com,FRANCE,2021-03-15 23:37:04,0.0,2021-04-14 21:54:23,,+39,2021-03-15 23:37:04,2021-04-14 21:54:23,country_not_mapped
905,user_905@outlook.com,FRANCE,25/08/2024 03:31,0.0,2025-02-10 01:20:35,,+351,2024-08-25 03:31:00,2025-02-10 01:20:35,country_not_mapped
906,user_906@gmail.com,DE,2022-11-13 07:38:22,0.0,2024-03-24 14:37:50,,,2022-11-13 07:38:22,2024-03-24 14:37:50,unknown
907,user_473@outlook.com,BE,2025-03-11T16:54:43Z,0.0,2026-01-03 01:53:36,f8910246,+32,2025-03-11 16:54:43,2026-01-03 01:53:36,ok
908,user_908@gmail.com,DE,2024-08-25T22:16:16Z,0.0,2024-09-25 07:31:31,,+49,2024-08-25 22:16:16,2024-09-25 07:31:31,ok
909,user_909@hotmail.com,FR,2020-11-03 19:52:27,2.0,2025-07-29 15:48:29,,,2020-11-03 19:52:27,2025-07-29 15:48:29,unknown
910,user_910@yahoo.fr,FR,2023-05-06 16:27:29,0.0,2025-12-21 16:18:38,,+33,2023-05-06 16:27:29,2025-12-21 16:18:38,ok
911,user_911@outlook.com,ES,1606647609,1.0,2022-07-16 08:54:07,47f1f642,+32,2020-11-29 11:00:09,2022-07-16 08:54:07,mismatch
912,user_912@proton.me,DE,2020-10-20 03:33:00,0.0,2023-01-17 12:28:13,,+34,2020-10-20 03:33:00,2023-01-17 12:28:13,mismatch
913,user_913@free.fr,DE,2025-02-17 19:54:43,0.0,2026-01-04 20:16:08,66eab046,+49,2025-02-17 19:54:43,2026-01-04 20:16:08,ok
914,user_914@gmail.com,NL,29/05/2022 15:15,0.0,2025-08-31 21:19:51,4822cdb8,+31,2022-05-29 15:15:00,2025-08-31 21:19:51,ok
915,user_915@hotmail.com,ES,2021-12-21 03:19:11,1.0,2022-01-30 22:13:19,,,2021-12-21 03:19:11,2022-01-30 22:13:19,unknown
916,user_916@free.fr,AT,2022-10-30T13:44:32Z,4.0,2026-01-23 22:47:17,,+43,2022-10-30 13:44:32,2026-01-23 22:47:17,ok
917,user_917@hotmail.com,IT,2024-01-05 15:46:01,0.0,2026-03-13 07:05:38,,+39,2024-01-05 15:46:01,2026-03-13 07:05:38,ok
918,user_918@yahoo.fr,FR,2024-02-01 03:13:48,1.0,2024-07-16 14:56:36,,+33,2024-02-01 03:13:48,2024-07-16 14:56:36,ok
919,user_919@yahoo.fr,ES,2024-11-04 17:39:36,0.0,2025-01-09 00:46:41,,+351,2024-11-04 17:39:36,2025-01-09 00:46:41,mismatch
920,user_920@hotmail.com,ES,2023-10-04 22:28:23,0.0,2024-08-01 04:46:05,,+34,2023-10-04 22:28:23,2024-08-01 04:46:05,ok
921,user_921@gmail.com,FR,2021-02-09 02:56:00,0.0,2022-12-23 07:59:15,,,2021-02-09 02:56:00,2022-12-23 07:59:15,unknown
922,user_922@free.fr,ES,2023-07-01 14:47:07,0.0,2025-03-02 22:36:56,,+32,2023-07-01 14:47:07,2025-03-02 22:36:56,mismatch
923,user_923@free.fr,FR,2020-03-10 15:39:54,0.0,2020-12-28 10:54:01,,+34,2020-03-10 15:39:54,2020-12-28 10:54:01,mismatch
924,user_924@gmail.com,FRA,2022-12-27 23:17:42,0.0,2024-12-04 02:59:22,4ec4fa43,+31,2022-12-27 23:17:42,2024-12-04 02:59:22,country_not_mapped
925,user_925@yahoo.fr,AT,2024-03-12T03:20:15Z,0.0,2025-06-08 02:12:23,,+43,2024-03-12 03:20:15,2025-06-08 02:12:23,ok
926,user_926@gmail.com,BE,2021-08-02 19:08:43,2.0,2022-11-01 05:09:45,,+32,2021-08-02 19:08:43,2022-11-01 05:09:45,ok
927,user_927@outlook.com,BE,27/04/2022 17:04,0.0,2023-11-14 14:46:05,,+32,2022-04-27 17:04:00,2023-11-14 14:46:05,ok
928,user_928@free.fr,FRA,1613289868,1.0,2023-06-03 00:04:08,5d331f4b,,2021-02-14 08:04:28,2023-06-03 00:04:08,unknown
929,user_929@gmail.com,IT,2023-10-30 04:50:57,0.0,2025-05-10 12:59:43,,+39,2023-10-30 04:50:57,2025-05-10 12:59:43,ok
930,user_930@free.fr,NL,2023-12-26 19:57:00,0.0,2026-03-24 08:27:44,,+41,2023-12-26 19:57:00,2026-03-24 08:27:44,mismatch
931,user_931@hotmail.com,FR,2023-01-31T12:23:51Z,0.0,2025-09-08 19:06:36,,,2023-01-31 12:23:51,2025-09-08 19:06:36,unknown
932,user_932@outlook.com,FR,2024-02-17 19:09:03,0.0,2024-10-08 04:02:50,48b49911,+49,2024-02-17 19:09:03,2024-10-08 04:02:50,mismatch
933,user_933@hotmail.com,NL,2020-08-13 06:22:42,0.0,2024-10-08 13:37:11,1ca07df8,+31,2020-08-13 06:22:42,2024-10-08 13:37:11,ok
934,user_934@free.fr,BE,2024-12-07T04:29:04Z,4.0,2025-04-06 14:35:01,9d201064,+32,2024-12-07 04:29:04,2025-04-06 14:35:01,ok
935,user_935@gmail.com,,2023-06-14 00:12:15,0.0,2025-03-31 10:30:19,,+34,2023-06-14 00:12:15,2025-03-31 10:30:19,unknown
936,user_936@proton.me,IT,2021-11-10 20:17:43,0.0,2023-12-27 15:10:15,,+39,2021-11-10 20:17:43,2023-12-27 15:10:15,ok
937,user_937@hotmail.com,FRANCE,18/11/2023 09:05,0.0,2024-04-15 13:48:22,,+351,2023-11-18 09:05:00,2024-04-15 13:48:22,country_not_mapped
938,user_938@gmail.com,DE,2024-02-02T03:49:36Z,4.0,2024-03-16 03:32:54,b6a1eef5,,2024-02-02 03:49:36,2024-03-16 03:32:54,unknown
939,user_939@hotmail.com,ES,2024-12-22 04:17:55,0.0,2025-08-07 00:36:43,,+33,2024-12-22 04:17:55,2025-08-07 00:36:43,mismatch
940,user_940@gmail.com,NL,2022-06-18T09:41:46Z,99.0,2025-12-28 14:23:51,,+31,2022-06-18 09:41:46,2025-12-28 14:23:51,ok
941,user_941@gmail.com,FRANCE,2025-02-19 08:14:21,1.0,2026-03-23 02:37:49,34de3c0e,+32,2025-02-19 08:14:21,2026-03-23 02:37:49,country_not_mapped
942,user_942@yahoo.fr,DE,2020-03-21 01:00:22,0.0,2024-05-05 17:52:56,2e739529,+49,2020-03-21 01:00:22,2024-05-05 17:52:56,ok
943,user_943@gmail.com,BE,1702156717,0.0,2025-08-07 20:10:48,,+32,2023-12-09 21:18:37,2025-08-07 20:10:48,ok
944,user_944@free.fr,FR,2023-11-25T07:53:40Z,0.0,2024-06-03 16:59:38,,+33,2023-11-25 07:53:40,2024-06-03 16:59:38,ok
945,user_945@free.fr,DE,2024-03-19 08:56:37,0.0,2025-03-27 13:29:15,,+49,2024-03-19 08:56:37,2025-03-27 13:29:15,ok
946,user_946@outlook.com,AT,2023-09-17 06:03:12,0.0,2025-07-08 04:58:26,,+43,2023-09-17 06:03:12,2025-07-08 04:58:26,ok
947,user_947@outlook.com,ES,2023-12-11T22:47:07Z,4.0,2024-02-16 04:12:49,,+34,2023-12-11 22:47:07,2024-02-16 04:12:49,ok
948,user_948@free.fr,CH,2024-06-11 09:43:51,0.0,2024-11-22 02:57:26,,+41,2024-06-11 09:43:51,2024-11-22 02:57:26,ok
949,user_949@free.fr,BE,2021-05-10 02:05:13,2.0,2023-09-21 20:37:55,,+32,2021-05-10 02:05:13,2023-09-21 20:37:55,ok
950,user_950@proton.me,BE,2021-09-12 09:42:00,2.0,2026-01-04 12:53:06,,+32,2021-09-12 09:42:00,2026-01-04 12:53:06,ok
951,user_951@yahoo.fr,IT,2020-07-18 14:09:33,3.0,2020-10-18 07:28:01,,+39,2020-07-18 14:09:33,2020-10-18 07:28:01,ok
952,user_952@yahoo.fr,FRANCE,2022-03-06T03:27:22Z,4.0,2022-08-16 22:14:19,,+49,2022-03-06 03:27:22,2022-08-16 22:14:19,country_not_mapped
953,user_953@gmail.com,,2023-12-02 18:44:50,0.0,2025-07-06 06:29:13,,,2023-12-02 18:44:50,2025-07-06 06:29:13,unknown
954,user_954@free.fr,BE,2021-10-30T01:47:16Z,0.0,2023-12-23 13:10:31,,+32,2021-10-30 01:47:16,2023-12-23 13:10:31,ok
955,user_955@gmail.com,IT,2020-05-15 07:41:35,-1.0,2019-10-19 07:41:35,,+39,2020-05-15 07:41:35,2019-10-19 07:41:35,ok
956,user_956@yahoo.fr,FR,2024-08-27 22:03:15,0.0,2025-09-17 07:26:07,,,2024-08-27 22:03:15,2025-09-17 07:26:07,unknown
957,user_957@gmail.com,FR,2023-11-24T13:07:13Z,0.0,2025-09-18 15:54:48,8e6cfa9b,+32,2023-11-24 13:07:13,2025-09-18 15:54:48,mismatch
958,user_958@gmail.com,ES,1650500601,1.0,2023-12-18 12:32:26,,,2022-04-21 00:23:21,2023-12-18 12:32:26,unknown
959,user_959@gmail.com,CH,2024-06-01 14:12:26,0.0,2025-01-30 02:46:12,273616e2,+41,2024-06-01 14:12:26,2025-01-30 02:46:12,ok
960,user_960@gmail.com,ES,2021-11-13T23:12:11Z,4.0,2024-09-18 08:24:21,,+43,2021-11-13 23:12:11,2024-09-18 08:24:21,mismatch
961,user_961@free.fr,ES,2020-10-13 12:42:19,4.0,2025-07-31 08:52:13,,,2020-10-13 12:42:19,2025-07-31 08:52:13,unknown
962,user_962@yahoo.fr,BE,2020-11-06 09:29:08,0.0,2025-07-16 14:43:56,,+32,2020-11-06 09:29:08,2025-07-16 14:43:56,ok
963,user_963@gmail.com,DE,2022-02-06 14:39:14,4.0,2022-03-11 22:06:59,,+43,2022-02-06 14:39:14,2022-03-11 22:06:59,mismatch
964,user_964@free.fr,ES,2020-08-09 23:52:16,2.0,2023-11-25 17:59:15,,+34,2020-08-09 23:52:16,2023-11-25 17:59:15,ok
965,user_965@hotmail.com,,2023-04-17 10:20:45,0.0,2024-10-14 21:59:38,,,2023-04-17 10:20:45,2024-10-14 21:59:38,unknown
966,user_966@gmail.com,ES,2024-09-21T23:16:49Z,0.0,2025-12-07 04:28:26,b6a226eb,,2024-09-21 23:16:49,2025-12-07 04:28:26,unknown
967,user_967@hotmail.com,AT,2022-03-29T20:10:41Z,0.0,2023-06-27 02:06:52,6c818d82,+43,2022-03-29 20:10:41,2023-06-27 02:06:52,ok
968,user_968@outlook.com,DE,14/01/2022 09:48,1.0,2023-12-04 10:14:56,,,2022-01-14 09:48:00,2023-12-04 10:14:56,unknown
969,user_969@hotmail.com,FRANCE,2021-01-19 07:00:03,0.0,2021-07-06 01:20:55,,,2021-01-19 07:00:03,2021-07-06 01:20:55,unknown
970,user_970@gmail.com,NL,2022-10-04T09:54:53Z,0.0,2025-11-29 22:16:27,,+31,2022-10-04 09:54:53,2025-11-29 22:16:27,ok
971,user_971@gmail.com,BE,2021-02-18 22:15:01,0.0,2021-04-26 01:43:18,b15816fa,+351,2021-02-18 22:15:01,2021-04-26 01:43:18,mismatch
972,user_972@yahoo.fr,PT,2023-06-09 02:34:14,0.0,2025-04-28 20:49:34,,+351,2023-06-09 02:34:14,2025-04-28 20:49:34,ok
973,user_973@outlook.com,,2020-05-20 18:06:40,1.0,2025-07-25 01:00:09,7bb7cde3,+351,2020-05-20 18:06:40,2025-07-25 01:00:09,unknown
974,user_974@free.fr,,25/08/2020 11:04,0.0,2021-07-30 18:22:26,,,2020-08-25 11:04:00,2021-07-30 18:22:26,unknown
975,user_975@hotmail.com,AT,30/07/2024 04:56,0.0,2025-02-17 05:34:33,,+43,2024-07-30 04:56:00,2025-02-17 05:34:33,ok
976,user_976@outlook.com,NL,2020-11-21 18:05:27,2.0,2023-01-07 06:25:02,cbb710b3,+31,2020-11-21 18:05:27,2023-01-07 06:25:02,ok
977,user_977@outlook.com,ES,2021-03-22 04:57:29,0.0,2023-10-31 16:43:09,,,2021-03-22 04:57:29,2023-10-31 16:43:09,unknown
978,user_978@yahoo.fr,PT,31/03/2024 22:53,3.0,2025-08-09 07:17:23,,+34,2024-03-31 22:53:00,2025-08-09 07:17:23,mismatch
979,user_979@outlook.com,ES,2022-05-11 14:23:35,2.0,2025-08-13 12:04:44,,+33,2022-05-11 14:23:35,2025-08-13 12:04:44,mismatch
980,user_980@proton.me,NL,2021-09-24T11:05:07Z,3.0,2026-01-15 18:48:22,6512db96,+31,2021-09-24 11:05:07,2026-01-15 18:48:22,ok
981,user_981@proton.me,IT,2023-03-03 18:34:13,1.0,2025-06-20 07:41:03,5850ed30,+39,2023-03-03 18:34:13,2025-06-20 07:41:03,ok
982,user_982@outlook.com,ES,2023-09-14T08:56:48Z,0.0,2024-01-03 06:40:37,,+34,2023-09-14 08:56:48,2024-01-03 06:40:37,ok
983,user_983@outlook.com,FR,2022-08-31 14:55:45,0.0,2025-04-23 17:39:07,35ae51b7,+33,2022-08-31 14:55:45,2025-04-23 17:39:07,ok
984,user_984@outlook.com,IT,2024-06-26 20:48:59,0.0,2026-02-25 09:42:09,,+39,2024-06-26 20:48:59,2026-02-25 09:42:09,ok
985,user_985@proton.me,FRA,2020-10-27 04:45:31,0.0,2022-09-24 22:43:56,,+43,2020-10-27 04:45:31,2022-09-24 22:43:56,country_not_mapped
986,user_986@outlook.com,IT,2024-08-16 09:40:56,0.0,2025-09-24 13:26:53,,+39,2024-08-16 09:40:56,2025-09-24 13:26:53,ok
987,user_987@gmail.com,FRANCE,2024-01-16T04:29:24Z,1.0,2025-05-19 05:41:42,,,2024-01-16 04:29:24,2025-05-19 05:41:42,unknown
988,user_988@yahoo.fr,AT,2023-03-31 14:49:18,0.0,2026-01-09 12:43:36,,+43,2023-03-31 14:49:18,2026-01-09 12:43:36,ok
989,user_989@proton.me,BE,2023-08-19 10:09:32,0.0,2026-02-12 19:25:04,,+32,2023-08-19 10:09:32,2026-02-12 19:25:04,ok
990,user_990@yahoo.fr,,2024-05-14 10:14:25,4.0,2025-09-17 19:18:49,,,2024-05-14 10:14:25,2025-09-17 19:18:49,unknown
991,user_991@gmail.com,ES,2024-02-28T19:19:15Z,0.0,2025-09-27 19:07:22,,,2024-02-28 19:19:15,2025-09-27 19:07:22,unknown
992,user_992@free.fr,CH,2023-10-04 05:20:47,0.0,2025-04-06 17:08:04,,+41,2023-10-04 05:20:47,2025-04-06 17:08:04,ok
993,user_993@outlook.com,AT,2021-01-29T20:02:48Z,0.0,2021-06-19 09:12:50,,+43,2021-01-29 20:02:48,2021-06-19 09:12:50,ok
994,user_994@gmail.com,FR,2021-09-21T23:04:53Z,0.0,2026-01-21 12:45:32,f6d124d3,,2021-09-21 23:04:53,2026-01-21 12:45:32,unknown
995,user_995@outlook.com,FR,27/12/2020 01:17,0.0,2022-12-18 16:06:31,,+33,2020-12-27 01:17:00,2022-12-18 16:06:31,ok
996,user_996@yahoo.fr,FR,2022-11-15T18:55:11Z,0.0,2026-02-04 05:07:05,,+33,2022-11-15 18:55:11,2026-02-04 05:07:05,ok
997,user_997@outlook.com,ES,2025-05-26 05:19:42,0.0,2025-09-25 07:26:41,d9e526b5,+34,2025-05-26 05:19:42,2025-09-25 07:26:41,ok
998,user_998@yahoo.fr,DE,2021-01-24T16:50:22Z,0.0,2023-01-14 11:44:54,,+49,2021-01-24 16:50:22,2023-01-14 11:44:54,ok
999,user_999@gmail.com,AT,2024-10-03 04:37:24,2.0,2025-11-25 00:06:10,,+43,2024-10-03 04:37:24,2025-11-25 00:06:10,ok
1000,user_1000@outlook.com,,2024-08-05T08:39:51Z,3.0,2024-11-11 08:48:20,,+34,2024-08-05 08:39:51,2024-11-11 08:48:20,unknown
1001,user_1001@outlook.com,DE,2022-07-14T02:58:31Z,1.0,2025-08-23 16:15:29,,+41,2022-07-14 02:58:31,2025-08-23 16:15:29,mismatch
1002,user_1002@gmail.com,PT,2020-10-17T04:26:21Z,4.0,2023-06-22 06:22:06,,+351,2020-10-17 04:26:21,2023-06-22 06:22:06,ok
1003,user_1003@yahoo.fr,ES,19/06/2020 17:13,0.0,2025-11-12 00:45:48,,+34,2020-06-19 17:13:00,2025-11-12 00:45:48,ok
1004,user_1004@yahoo.fr,FRA,1633246376,0.0,2025-12-24 14:09:15,151e7f97,,2021-10-03 07:32:56,2025-12-24 14:09:15,unknown
1005,user_1005@outlook.com,FR,2021-09-05 09:13:09,0.0,2022-01-03 23:18:22,,+32,2021-09-05 09:13:09,2022-01-03 23:18:22,mismatch
1006,user_1006@hotmail.com,AT,2022-02-19 11:13:13,0.0,2025-11-09 19:02:29,8d9484a9,+43,2022-02-19 11:13:13,2025-11-09 19:02:29,ok
1007,user_1007@outlook.com,IT,2022-08-10 12:30:17,-1.0,2024-05-23 08:06:13,51838d34,+39,2022-08-10 12:30:17,2024-05-23 08:06:13,ok
1008,user_1008@hotmail.com,FR,2024-04-11 22:10:27,2.0,2026-01-24 11:09:41,,,2024-04-11 22:10:27,2026-01-24 11:09:41,unknown
1009,user_1009@outlook.com,FRA,2020-09-05 21:49:10,2.0,2025-06-18 18:45:46,,+39,2020-09-05 21:49:10,2025-06-18 18:45:46,country_not_mapped
1010,user_1010@outlook.com,AT,2023-01-20 20:25:23,3.0,2025-10-05 06:08:45,,+43,2023-01-20 20:25:23,2025-10-05 06:08:45,ok
1011,user_1011@proton.me,CH,2025-05-19T11:15:31Z,0.0,2026-01-11 15:52:27,,+41,2025-05-19 11:15:31,2026-01-11 15:52:27,ok
1012,user_1012@proton.me,IT,2024-11-12 18:46:45,0.0,2025-01-01 01:50:54,,+39,2024-11-12 18:46:45,2025-01-01 01:50:54,ok
1013,user_1013@yahoo.fr,CH,15/07/2021 11:10,0.0,2024-09-19 01:40:36,,+41,2021-07-15 11:10:00,2024-09-19 01:40:36,ok
1014,user_1014@outlook.com,BE,2023-07-20T08:21:48Z,0.0,2025-08-11 14:44:37,,+32,2023-07-20 08:21:48,2025-08-11 14:44:37,ok
1015,user_1015@free.fr,,2023-05-18 23:02:24,0.0,2026-03-01 21:29:54,,+33,2023-05-18 23:02:24,2026-03-01 21:29:54,unknown
1016,user_1016@gmail.com,FRANCE,2024-10-08 23:55:36,4.0,2026-01-21 19:33:19,,+33,2024-10-08 23:55:36,2026-01-21 19:33:19,country_not_mapped
1017,user_1017@gmail.com,BE,2022-09-25 18:14:00,0.0,2023-11-25 11:32:53,5ed292c6,+32,2022-09-25 18:14:00,2023-11-25 11:32:53,ok
1018,user_1018@gmail.com,AT,1726151633,0.0,2025-10-11 02:09:07,,+43,2024-09-12 14:33:53,2025-10-11 02:09:07,ok
1019,user_1019@hotmail.com,NL,2020-05-17 08:04:20,2.0,2023-10-03 20:31:56,,+31,2020-05-17 08:04:20,2023-10-03 20:31:56,ok
1020,user_1020@hotmail.com,FR,2024-12-07 14:38:55,0.0,2025-04-18 01:48:13,,,2024-12-07 14:38:55,2025-04-18 01:48:13,unknown
1021,user_1021@outlook.com,PT,2022-02-21 03:13:08,2.0,2022-05-23 16:23:55,,+351,2022-02-21 03:13:08,2022-05-23 16:23:55,ok
1022,user_1022@proton.me,DE,2020-03-18 07:27:41,1.0,2022-06-29 09:47:38,,+41,2020-03-18 07:27:41,2022-06-29 09:47:38,mismatch
1023,user_1023@gmail.com,PT,2020-11-09 00:10:54,0.0,2021-10-01 08:49:14,eef4dae1,+351,2020-11-09 00:10:54,2021-10-01 08:49:14,ok
1024,user_121@hotmail.com,AT,17/05/2024 11:38,0.0,2024-09-27 02:07:30,,+43,2024-05-17 11:38:00,2024-09-27 02:07:30,ok
1025,user_1025@outlook.com,FR,2022-06-21 07:15:00,0.0,2024-09-09 22:43:12,,,2022-06-21 07:15:00,2024-09-09 22:43:12,unknown
1026,user_1026@hotmail.com,IT,31/07/2024 15:45,0.0,2025-11-13 04:47:30,6e57fe82,+39,2024-07-31 15:45:00,2025-11-13 04:47:30,ok
1027,user_1027@hotmail.com,DE,2022-11-13 00:32:10,0.0,2024-08-20 17:26:05,377959ef,+43,2022-11-13 00:32:10,2024-08-20 17:26:05,mismatch
1028,user_1028@free.fr,CH,2025-03-21 21:44:15,0.0,2024-12-12 21:44:15,,+41,2025-03-21 21:44:15,2024-12-12 21:44:15,ok
1029,user_1029@hotmail.com,,2025-02-18 21:07:16,0.0,2025-10-14 08:43:12,6d4086be,+49,2025-02-18 21:07:16,2025-10-14 08:43:12,unknown
1030,user_1030@hotmail.com,NL,29/03/2021 15:44,0.0,2025-09-07 10:34:46,,+31,2021-03-29 15:44:00,2025-09-07 10:34:46,ok
1031,user_1031@yahoo.fr,IT,2024-03-10T19:46:20Z,0.0,2024-08-20 09:31:55,,+39,2024-03-10 19:46:20,2024-08-20 09:31:55,ok
1032,user_1032@hotmail.com,PT,2020-08-10 03:30:28,0.0,2021-10-09 17:05:55,,+351,2020-08-10 03:30:28,2021-10-09 17:05:55,ok
1033,user_1033@proton.me,NL,11/06/2023 19:11,0.0,2025-06-17 21:00:41,,+31,2023-11-06 19:11:00,2025-06-17 21:00:41,ok
1034,user_1034@hotmail.com,FRANCE,2021-05-18T22:12:11Z,0.0,2025-02-05 09:25:20,,+31,2021-05-18 22:12:11,2025-02-05 09:25:20,country_not_mapped
1035,user_1035@yahoo.fr,FR,1708132091,1.0,2025-08-07 12:38:11,47a07bb4,+31,2024-02-17 01:08:11,2025-08-07 12:38:11,mismatch
1036,user_1036@outlook.com,NL,2024-08-21 05:35:46,0.0,2025-01-19 14:34:59,,+32,2024-08-21 05:35:46,2025-01-19 14:34:59,mismatch
1037,user_1037@free.fr,FRANCE,2024-03-27T09:03:33Z,0.0,2025-01-30 17:47:51,,,2024-03-27 09:03:33,2025-01-30 17:47:51,unknown
1038,user_1038@yahoo.fr,AT,2025-05-01T13:55:58Z,0.0,2026-01-02 02:50:14,,+43,2025-05-01 13:55:58,2026-01-02 02:50:14,ok
1039,user_1039@yahoo.fr,DE,2021-06-19T22:48:17Z,4.0,2022-12-21 13:59:48,eb3054bd,+49,2021-06-19 22:48:17,2022-12-21 13:59:48,ok
1040,user_1040@free.fr,ES,25/10/2021 07:17,0.0,2021-12-16 02:37:30,,+33,2021-10-25 07:17:00,2021-12-16 02:37:30,mismatch
1041,user_1041@free.fr,FR,2023-08-05T14:45:50Z,3.0,2025-05-13 10:29:16,abd84507,+33,2023-08-05 14:45:50,2025-05-13 10:29:16,ok
1042,user_1042@free.fr,ES,2024-06-18 10:15:50,0.0,2025-05-02 07:15:54,,,2024-06-18 10:15:50,2025-05-02 07:15:54,unknown
1043,user_1043@gmail.com,DE,2020-11-23 11:43:33,4.0,2025-09-17 13:51:31,,+34,2020-11-23 11:43:33,2025-09-17 13:51:31,mismatch
1044,user_1044@hotmail.com,DE,02/04/2020 10:21,0.0,2022-02-07 06:16:09,,+49,2020-02-04 10:21:00,2022-02-07 06:16:09,ok
1045,user_1045@free.fr,BE,2021-04-17 09:25:30,0.0,2023-12-08 01:01:07,aafafad1,+32,2021-04-17 09:25:30,2023-12-08 01:01:07,ok
1046,user_1046@gmail.com,AT,2022-05-15 18:50:33,0.0,2025-05-03 09:41:44,,+43,2022-05-15 18:50:33,2025-05-03 09:41:44,ok
1047,user_1047@proton.me,PT,2021-08-12 15:30:38,4.0,2021-12-04 18:22:44,,+351,2021-08-12 15:30:38,2021-12-04 18:22:44,ok
1048,user_1048@proton.me,CH,2022-08-14T22:12:44Z,0.0,2023-07-03 04:23:43,17c3a6b5,+41,2022-08-14 22:12:44,2023-07-03 04:23:43,ok
1049,user_1049@hotmail.com,ES,2024-07-24 08:32:14,0.0,2025-12-17 16:44:18,,+34,2024-07-24 08:32:14,2025-12-17 16:44:18,ok
1050,user_1050@gmail.com,ES,2021-01-20 00:30:29,4.0,2024-02-09 00:50:57,,+34,2021-01-20 00:30:29,2024-02-09 00:50:57,ok
1051,user_1051@hotmail.com,DE,2024-02-19 10:12:19,1.0,2024-12-04 14:46:48,,+31,2024-02-19 10:12:19,2024-12-04 14:46:48,mismatch
1052,user_1052@hotmail.com,BE,11/04/2025 01:28,0.0,2025-08-20 06:43:52,,+32,2025-11-04 01:28:00,2025-08-20 06:43:52,ok
1053,user_1053@hotmail.com,FR,2023-10-15 04:58:31,4.0,2024-12-06 15:28:49,,,2023-10-15 04:58:31,2024-12-06 15:28:49,unknown
1054,user_1054@outlook.com,DE,1636295075,0.0,2023-01-15 03:57:10,,+34,2021-11-07 14:24:35,2023-01-15 03:57:10,mismatch
1055,user_1055@yahoo.fr,,2024-01-30 23:54:37,0.0,2024-02-01 07:20:50,,,2024-01-30 23:54:37,2024-02-01 07:20:50,unknown
1056,user_1056@outlook.com,FR,2021-06-22 21:21:27,3.0,2026-03-14 07:07:21,,+33,2021-06-22 21:21:27,2026-03-14 07:07:21,ok
1057,user_1057@gmail.com,PT,2023-05-14T02:20:01Z,1.0,2025-05-03 02:16:08,,+351,2023-05-14 02:20:01,2025-05-03 02:16:08,ok
1058,user_1058@outlook.com,AT,1696996464,0.0,2025-06-13 23:42:44,03acae45,+43,2023-10-11 03:54:24,2025-06-13 23:42:44,ok
1059,user_1059@hotmail.com,,2020-03-05 22:40:25,0.0,2025-05-15 21:48:47,,+351,2020-03-05 22:40:25,2025-05-15 21:48:47,unknown
1060,user_1060@outlook.com,PT,2021-09-10 20:30:00,0.0,2025-04-25 11:50:12,cf9e7347,+351,2021-09-10 20:30:00,2025-04-25 11:50:12,ok
1061,user_1061@free.fr,DE,2024-02-13 11:08:56,0.0,2024-06-20 20:12:32,0c8d8591,+49,2024-02-13 11:08:56,2024-06-20 20:12:32,ok
1062,user_1062@hotmail.com,PT,2024-04-19 09:10:46,-1.0,2025-09-09 05:12:57,,+351,2024-04-19 09:10:46,2025-09-09 05:12:57,ok
1063,user_1063@hotmail.com,FRANCE,2023-12-29 22:33:36,0.0,2026-02-16 20:46:21,,,2023-12-29 22:33:36,2026-02-16 20:46:21,unknown
1064,user_1064@outlook.com,,2023-06-05 09:43:52,0.0,2023-10-07 16:41:13,,+43,2023-06-05 09:43:52,2023-10-07 16:41:13,unknown
1065,user_1065@hotmail.com,AT,24/07/2022 06:06,0.0,2022-09-24 03:37:26,,+43,2022-07-24 06:06:00,2022-09-24 03:37:26,ok
1066,user_1066@outlook.com,NL,2020-05-13 02:32:59,0.0,2024-12-24 08:48:39,1e92f20d,+31,2020-05-13 02:32:59,2024-12-24 08:48:39,ok
1067,user_1067@gmail.com,ES,2022-04-12T10:57:06Z,0.0,2023-01-09 16:08:08,,+34,2022-04-12 10:57:06,2023-01-09 16:08:08,ok
1068,user_1068@free.fr,ES,2022-03-29 09:28:03,3.0,2026-02-23 15:53:13,8b968364,,2022-03-29 09:28:03,2026-02-23 15:53:13,unknown
1069,user_1069@gmail.com,NL,2023-05-31T13:29:48Z,99.0,2025-08-04 21:48:47,,+31,2023-05-31 13:29:48,2025-08-04 21:48:47,ok
1070,user_1070@yahoo.fr,FR,2020-11-02 07:47:23,-1.0,2024-07-10 23:03:59,25fb28e6,,2020-11-02 07:47:23,2024-07-10 23:03:59,unknown
1071,user_1071@free.fr,DE,2021-12-29 15:09:56,0.0,2025-09-17 04:11:37,5fc59240,+33,2021-12-29 15:09:56,2025-09-17 04:11:37,mismatch
1072,user_1072@hotmail.com,FR,2023-09-09T06:17:57Z,0.0,2024-03-28 20:21:41,,+32,2023-09-09 06:17:57,2024-03-28 20:21:41,mismatch
1073,user_1073@hotmail.com,FRA,2025-05-07 01:54:19,0.0,2026-03-24 05:52:14,,+43,2025-05-07 01:54:19,2026-03-24 05:52:14,country_not_mapped
1074,user_1074@hotmail.com,IT,2021-06-15 13:26:05,3.0,2025-05-20 18:44:25,,+39,2021-06-15 13:26:05,2025-05-20 18:44:25,ok
1075,user_1075@outlook.com,DE,1604122112,0.0,2026-03-15 20:53:01,,+49,2020-10-31 05:28:32,2026-03-15 20:53:01,ok
1076,user_1076@yahoo.fr,FR,2020-05-31 20:29:39,0.0,2021-09-28 05:16:39,,,2020-05-31 20:29:39,2021-09-28 05:16:39,unknown
1077,user_1077@proton.me,ES,03/05/2024 17:29,0.0,2024-11-02 00:57:21,79042bf8,+34,2024-03-05 17:29:00,2024-11-02 00:57:21,ok
1078,user_1078@outlook.com,DE,08/07/2021 08:39,0.0,2024-12-05 14:04:35,,,2021-08-07 08:39:00,2024-12-05 14:04:35,unknown
1079,user_1079@hotmail.com,IT,2022-11-13 07:01:43,0.0,2025-01-01 14:18:14,,+39,2022-11-13 07:01:43,2025-01-01 14:18:14,ok
1080,user_1080@proton.me,ES,2021-09-03 20:48:04,0.0,2025-01-28 19:00:59,,,2021-09-03 20:48:04,2025-01-28 19:00:59,unknown
1081,user_1081@gmail.com,FR,2023-09-21T12:26:25Z,0.0,2025-06-19 21:18:07,,+33,2023-09-21 12:26:25,2025-06-19 21:18:07,ok
1082,user_1082@proton.me,FRA,2022-12-05 19:16:15,0.0,2025-07-10 02:43:44,,,2022-12-05 19:16:15,2025-07-10 02:43:44,unknown
1083,user_1083@yahoo.fr,AT,10/11/2024 04:22,3.0,2025-12-12 08:21:50,,+43,2024-10-11 04:22:00,2025-12-12 08:21:50,ok
1084,user_1084@yahoo.fr,FR,2022-08-28 06:18:55,4.0,2022-12-06 22:42:44,,,2022-08-28 06:18:55,2022-12-06 22:42:44,unknown
1085,user_1085@proton.me,ES,02/06/2024 02:43,0.0,2025-10-13 06:54:18,,+33,2024-02-06 02:43:00,2025-10-13 06:54:18,mismatch
1086,user_1086@hotmail.com,DE,1692098663,,2025-10-30 21:44:37,,+49,2023-08-15 11:24:23,2025-10-30 21:44:37,ok
1087,user_1087@hotmail.com,ES,2024-09-15 14:39:45,0.0,2026-03-24 18:49:59,,+41,2024-09-15 14:39:45,2026-03-24 18:49:59,mismatch
1088,user_1088@gmail.com,ES,2023-11-28T04:11:36Z,2.0,2025-09-23 23:07:55,,+34,2023-11-28 04:11:36,2025-09-23 23:07:55,ok
1089,user_1089@hotmail.com,IT,2023-01-20 19:54:23,4.0,2023-08-29 08:11:22,,+39,2023-01-20 19:54:23,2023-08-29 08:11:22,ok
1090,user_1090@hotmail.com,NL,2022-05-17T18:58:18Z,0.0,2023-10-31 18:10:06,,+31,2022-05-17 18:58:18,2023-10-31 18:10:06,ok
1091,user_1091@outlook.com,FR,2022-08-14 02:55:55,0.0,2022-09-23 10:03:48,,+43,2022-08-14 02:55:55,2022-09-23 10:03:48,mismatch
1092,user_1092@free.fr,ES,2022-09-03 03:49:04,1.0,2023-05-01 01:48:22,58a8be40,+34,2022-09-03 03:49:04,2023-05-01 01:48:22,ok
1093,user_1093@proton.me,FRANCE,2020-04-07 11:45:34,0.0,2022-06-22 11:36:15,,,2020-04-07 11:45:34,2022-06-22 11:36:15,unknown
1094,user_1094@outlook.com,PT,2025-02-27 03:59:25,0.0,2026-03-23 09:05:00,fba061f7,+351,2025-02-27 03:59:25,2026-03-23 09:05:00,ok
1095,user_1095@yahoo.fr,IT,2020-09-18T04:18:13Z,0.0,2023-08-17 21:02:14,d1fa638a,+39,2020-09-18 04:18:13,2023-08-17 21:02:14,ok
1096,user_1096@free.fr,IT,2020-04-07 21:45:22,4.0,2024-09-22 06:51:04,,+39,2020-04-07 21:45:22,2024-09-22 06:51:04,ok
1097,user_1097@gmail.com,AT,2024-09-17 10:08:19,4.0,2025-11-09 02:08:07,,+43,2024-09-17 10:08:19,2025-11-09 02:08:07,ok
1098,user_1098@hotmail.com,ES,2022-04-01T11:00:54Z,1.0,2023-03-22 04:08:40,500bb1af,+34,2022-04-01 11:00:54,2023-03-22 04:08:40,ok
1099,user_1099@yahoo.fr,IT,2021-04-16T19:33:55Z,0.0,2025-09-26 08:17:29,,+49,2021-04-16 19:33:55,2025-09-26 08:17:29,mismatch
1100,user_1100@gmail.com,AT,2021-11-01 06:34:17,0.0,2025-11-26 07:08:00,,+43,2021-11-01 06:34:17,2025-11-26 07:08:00,ok
1101,user_834@proton.me,FR,2021-02-10T11:49:29Z,2.0,2024-11-16 17:35:25,c543d5e5,,2021-02-10 11:49:29,2024-11-16 17:35:25,unknown
1102,user_1102@outlook.com,BE,2024-07-15 13:32:54,4.0,2025-02-20 23:08:16,,+32,2024-07-15 13:32:54,2025-02-20 23:08:16,ok
1103,user_1103@proton.me,AT,2021-09-18 00:20:47,0.0,2025-11-10 20:58:45,633a04d0,+43,2021-09-18 00:20:47,2025-11-10 20:58:45,ok
1104,user_1104@gmail.com,DE,2024-09-29 08:11:17,0.0,2025-02-18 05:08:11,,,2024-09-29 08:11:17,2025-02-18 05:08:11,unknown
1105,user_1105@yahoo.fr,NL,2025-05-07T17:36:15Z,0.0,2025-07-28 09:40:01,,+31,2025-05-07 17:36:15,2025-07-28 09:40:01,ok
1106,user_1106@hotmail.com,DE,2024-07-22 14:31:04,0.0,2025-07-25 14:19:39,,+32,2024-07-22 14:31:04,2025-07-25 14:19:39,mismatch
1107,user_1107@free.fr,NL,2023-01-01 20:07:41,0.0,2026-02-03 17:49:37,,+31,2023-01-01 20:07:41,2026-02-03 17:49:37,ok
1108,user_1108@yahoo.fr,AT,2023-08-23 01:25:32,0.0,2025-02-22 09:02:05,,+43,2023-08-23 01:25:32,2025-02-22 09:02:05,ok
1109,user_1109@hotmail.com,NL,2023-05-05T08:19:43Z,0.0,2023-06-11 03:08:44,,+31,2023-05-05 08:19:43,2023-06-11 03:08:44,ok
1110,user_1110@free.fr,AT,2020-10-18 05:40:23,0.0,2022-11-12 15:20:34,,+43,2020-10-18 05:40:23,2022-11-12 15:20:34,ok
1111,user_1111@proton.me,FR,2024-04-22 04:26:07,0.0,2024-11-02 05:54:16,,,2024-04-22 04:26:07,2024-11-02 05:54:16,unknown
1112,user_1112@free.fr,DE,2021-02-08T23:03:20Z,0.0,2025-02-13 22:03:39,58b023f0,+49,2021-02-08 23:03:20,2025-02-13 22:03:39,ok
1113,user_1113@proton.me,DE,2023-11-22 15:07:24,0.0,2024-12-07 13:50:10,b44844d6,,2023-11-22 15:07:24,2024-12-07 13:50:10,unknown
1114,user_1114@hotmail.com,FRANCE,2022-11-01 10:38:46,4.0,2024-05-15 14:15:43,,,2022-11-01 10:38:46,2024-05-15 14:15:43,unknown
1115,user_1115@gmail.com,ES,2022-05-14 18:21:54,0.0,2023-06-15 10:47:34,a9ced606,+34,2022-05-14 18:21:54,2023-06-15 10:47:34,ok
1116,user_1116@gmail.com,CH,2023-05-05 08:16:01,0.0,2023-05-30 12:17:38,,+49,2023-05-05 08:16:01,2023-05-30 12:17:38,mismatch
1117,user_1117@gmail.com,CH,2024-12-21 08:19:50,-1.0,2025-03-02 22:00:36,,+41,2024-12-21 08:19:50,2025-03-02 22:00:36,ok
1118,user_1118@hotmail.com,ES,2021-10-15 01:36:01,2.0,2022-05-30 03:06:19,,+31,2021-10-15 01:36:01,2022-05-30 03:06:19,mismatch
1119,user_1119@free.fr,ES,10/01/2024 16:12,2.0,2026-04-09 10:48:23,,+33,2024-10-01 16:12:00,2026-04-09 10:48:23,mismatch
1120,user_1120@outlook.com,ES,2022-01-29T18:21:41Z,0.0,2023-06-14 13:43:10,,,2022-01-29 18:21:41,2023-06-14 13:43:10,unknown
1121,user_1121@free.fr,ES,2025-01-18 17:13:56,4.0,2025-10-21 04:17:59,17ceb172,,2025-01-18 17:13:56,2025-10-21 04:17:59,unknown
1122,user_1122@gmail.com,NL,31/03/2021 13:55,0.0,2025-11-03 12:56:07,a93ed9fc,+31,2021-03-31 13:55:00,2025-11-03 12:56:07,ok
1123,user_1123@hotmail.com,DE,2023-03-10 00:25:34,0.0,2023-04-21 10:06:40,,+49,2023-03-10 00:25:34,2023-04-21 10:06:40,ok
1124,user_1124@yahoo.fr,DE,2023-12-19T04:44:46Z,0.0,2025-10-30 10:57:28,,,2023-12-19 04:44:46,2025-10-30 10:57:28,unknown
1125,user_1125@gmail.com,AT,2021-03-14 02:53:22,2.0,2022-08-02 04:19:32,cd070e62,+43,2021-03-14 02:53:22,2022-08-02 04:19:32,ok
1126,user_1126@hotmail.com,FR,2026-11-09 00:20:22,0.0,2024-07-01 10:25:10,,+33,2026-11-09 00:20:22,2024-07-01 10:25:10,ok
1127,user_1127@free.fr,BE,2020-09-19T21:32:19Z,4.0,2024-05-30 18:01:31,,+32,2020-09-19 21:32:19,2024-05-30 18:01:31,ok
1128,user_1128@yahoo.fr,ES,2022-11-30 08:49:41,0.0,2023-02-08 20:19:31,,+39,2022-11-30 08:49:41,2023-02-08 20:19:31,mismatch
1129,user_1129@yahoo.fr,PT,28/08/2022 13:58,0.0,2024-03-28 00:06:04,,+351,2022-08-28 13:58:00,2024-03-28 00:06:04,ok
1130,user_1130@yahoo.fr,BE,2021-02-03 20:49:36,0.0,2022-06-23 08:17:18,97a969e5,+32,2021-02-03 20:49:36,2022-06-23 08:17:18,ok
1131,user_1131@gmail.com,CH,2020-06-15 07:50:04,4.0,2021-09-06 18:39:54,fba061f7,+41,2020-06-15 07:50:04,2021-09-06 18:39:54,ok
1132,user_1132@hotmail.com,PT,2020-09-23 01:36:16,-1.0,2021-09-07 07:32:42,,+351,2020-09-23 01:36:16,2021-09-07 07:32:42,ok
1133,user_1133@yahoo.fr,NL,2024-02-27 15:29:10,4.0,2026-01-26 08:17:40,,+31,2024-02-27 15:29:10,2026-01-26 08:17:40,ok
1134,user_1134@proton.me,ES,2025-01-08 18:42:25,0.0,2025-06-10 05:45:49,,+34,2025-01-08 18:42:25,2025-06-10 05:45:49,ok
1135,user_1135@outlook.com,ES,2025-05-24 18:48:32,0.0,2025-07-04 15:36:24,,+34,2025-05-24 18:48:32,2025-07-04 15:36:24,ok
1136,user_1136@outlook.com,PT,2022-06-07 16:31:21,4.0,2025-08-31 03:24:35,,+351,2022-06-07 16:31:21,2025-08-31 03:24:35,ok
1137,user_1137@gmail.com,ES,2020-07-28T04:30:48Z,99.0,2022-04-04 00:43:10,b89ef616,+34,2020-07-28 04:30:48,2022-04-04 00:43:10,ok
1138,user_1138@yahoo.fr,AT,2025-01-27 07:15:43,0.0,2025-12-08 09:15:13,,+43,2025-01-27 07:15:43,2025-12-08 09:15:13,ok
1139,user_1139@hotmail.com,DE,2023-01-12T19:31:29Z,0.0,2023-10-29 06:00:55,,+31,2023-01-12 19:31:29,2023-10-29 06:00:55,mismatch
1140,user_1140@yahoo.fr,DE,2023-10-17 03:13:39,-1.0,2023-11-25 14:43:46,c98f181b,+49,2023-10-17 03:13:39,2023-11-25 14:43:46,ok
1141,user_1141@proton.me,ES,14/11/2024 00:55,-1.0,2025-01-17 11:33:02,,+34,2024-11-14 00:55:00,2025-01-17 11:33:02,ok
1142,user_1142@outlook.com,CH,2020-04-21 22:40:37,1.0,2021-12-30 05:06:59,,+41,2020-04-21 22:40:37,2021-12-30 05:06:59,ok
1143,user_1143@proton.me,ES,2022-02-14 21:37:29,4.0,2025-01-27 12:26:21,,+34,2022-02-14 21:37:29,2025-01-27 12:26:21,ok
1144,user_1144@proton.me,PT,2021-06-16 09:45:01,4.0,2026-01-21 16:19:44,505f53e4,+351,2021-06-16 09:45:01,2026-01-21 16:19:44,ok
1145,user_1145@free.fr,BE,2026-04-08T14:33:29Z,0.0,2025-03-19 02:03:42,,+32,2026-04-08 14:33:29,2025-03-19 02:03:42,ok
1146,user_1146@yahoo.fr,ES,2020-09-24 14:04:23,1.0,2021-03-27 14:00:08,,+34,2020-09-24 14:04:23,2021-03-27 14:00:08,ok
1147,user_1147@yahoo.fr,IT,2021-07-09 08:55:57,0.0,2025-01-31 04:31:43,,+39,2021-07-09 08:55:57,2025-01-31 04:31:43,ok
1148,user_1148@yahoo.fr,FRA,2025-02-23 10:05:13,0.0,2025-06-21 08:42:19,,,2025-02-23 10:05:13,2025-06-21 08:42:19,unknown
1149,user_1149@hotmail.com,BE,2025-04-03 07:24:18,0.0,2025-10-03 06:27:44,,+32,2025-04-03 07:24:18,2025-10-03 06:27:44,ok
1150,user_1150@gmail.com,PT,2023-01-25 14:55:40,4.0,2024-03-23 07:39:17,d5617bc7,+351,2023-01-25 14:55:40,2024-03-23 07:39:17,ok
1151,user_1151@gmail.com,FRANCE,2022-08-22 10:30:21,0.0,2023-08-06 09:26:47,,,2022-08-22 10:30:21,2023-08-06 09:26:47,unknown
1152,user_1152@gmail.com,ES,2023-11-04T15:50:44Z,0.0,2025-08-20 16:59:46,,+32,2023-11-04 15:50:44,2025-08-20 16:59:46,mismatch
1153,user_1153@free.fr,DE,2023-03-14 02:35:37,0.0,2023-07-21 04:32:19,41cbb8c1,+351,2023-03-14 02:35:37,2023-07-21 04:32:19,mismatch
1154,user_1154@free.fr,PT,2025-04-28 17:26:59,4.0,2025-11-16 06:34:14,ea250b49,+351,2025-04-28 17:26:59,2025-11-16 06:34:14,ok
1155,user_1155@proton.me,PT,2023-03-26T15:48:10Z,1.0,2025-09-12 20:19:14,,+351,2023-03-26 15:48:10,2025-09-12 20:19:14,ok
1156,user_1156@free.fr,FRANCE,2024-08-11T04:12:46Z,4.0,2024-09-09 03:05:31,377988df,+351,2024-08-11 04:12:46,2024-09-09 03:05:31,country_not_mapped
1157,user_1157@outlook.com,NL,2020-05-28 03:45:42,3.0,2024-04-15 20:03:10,,+43,2020-05-28 03:45:42,2024-04-15 20:03:10,mismatch
1158,user_1158@yahoo.fr,CH,2022-05-27 15:39:10,2.0,2025-09-02 15:33:10,,+41,2022-05-27 15:39:10,2025-09-02 15:33:10,ok
1159,user_1159@outlook.com,FR,2024-05-31T22:30:13Z,0.0,2026-03-28 07:32:57,,,2024-05-31 22:30:13,2026-03-28 07:32:57,unknown
1160,user_1160@hotmail.com,FRA,2020-12-06 23:08:04,0.0,2024-05-21 13:33:19,,,2020-12-06 23:08:04,2024-05-21 13:33:19,unknown
1161,user_1161@outlook.com,FR,2023-03-29 00:39:02,-1.0,2023-12-01 08:42:15,,+33,2023-03-29 00:39:02,2023-12-01 08:42:15,ok
1162,user_1162@free.fr,DE,2024-09-28 07:09:14,0.0,2025-02-13 11:36:04,,+49,2024-09-28 07:09:14,2025-02-13 11:36:04,ok
1163,user_1163@yahoo.fr,,2023-01-21T20:27:44Z,0.0,2025-04-28 13:43:14,,,2023-01-21 20:27:44,2025-04-28 13:43:14,unknown
1164,user_1164@hotmail.com,ES,2020-11-11 10:08:29,,2023-08-14 13:07:32,,,2020-11-11 10:08:29,2023-08-14 13:07:32,unknown
1165,user_1165@hotmail.com,FRA,2022-01-10 07:58:17,4.0,2023-01-26 11:20:49,,+43,2022-01-10 07:58:17,2023-01-26 11:20:49,country_not_mapped
1166,user_1166@proton.me,IT,2023-09-09T21:17:13Z,0.0,2026-01-21 02:29:14,,+39,2023-09-09 21:17:13,2026-01-21 02:29:14,ok
1167,user_1167@outlook.com,DE,2022-05-22 10:16:39,2.0,2025-05-24 07:40:31,6c962e65,,2022-05-22 10:16:39,2025-05-24 07:40:31,unknown
1168,user_1168@free.fr,IT,2021-04-22 20:30:36,3.0,2024-01-17 05:24:29,,+39,2021-04-22 20:30:36,2024-01-17 05:24:29,ok
1169,user_1169@proton.me,IT,2024-09-19T07:19:42Z,0.0,2025-05-20 19:06:29,,+39,2024-09-19 07:19:42,2025-05-20 19:06:29,ok
1170,user_1170@hotmail.com,AT,2025-01-18 03:51:57,0.0,2025-02-28 11:36:46,,+43,2025-01-18 03:51:57,2025-02-28 11:36:46,ok
1171,user_1171@yahoo.fr,DE,2023-02-13 23:09:56,4.0,2025-02-23 09:05:14,,+49,2023-02-13 23:09:56,2025-02-23 09:05:14,ok
1172,user_1172@yahoo.fr,PT,2025-04-01 02:36:50,0.0,2025-10-08 17:17:34,,+351,2025-04-01 02:36:50,2025-10-08 17:17:34,ok
1173,user_1173@proton.me,FRA,26/06/2024 03:51,0.0,2025-05-08 09:32:29,,,2024-06-26 03:51:00,2025-05-08 09:32:29,unknown
1174,user_1174@hotmail.com,FRANCE,2020-10-07 15:08:32,0.0,2025-12-27 19:09:00,,,2020-10-07 15:08:32,2025-12-27 19:09:00,unknown
1175,user_1175@free.fr,DE,2020-05-31 14:45:05,4.0,2025-12-09 06:02:52,,+49,2020-05-31 14:45:05,2025-12-09 06:02:52,ok
1176,user_1176@outlook.com,ES,2023-05-29 15:05:45,0.0,2025-06-04 14:17:30,,+34,2023-05-29 15:05:45,2025-06-04 14:17:30,ok
1177,user_1177@free.fr,FRA,2023-07-31 04:37:23,0.0,2024-06-06 19:48:18,,+41,2023-07-31 04:37:23,2024-06-06 19:48:18,country_not_mapped
1178,user_1178@gmail.com,CH,2020-08-31 18:15:37,0.0,2023-11-04 02:06:57,,+41,2020-08-31 18:15:37,2023-11-04 02:06:57,ok
1179,user_1179@proton.me,AT,2020-10-02 14:02:09,0.0,2022-03-22 04:35:11,,+43,2020-10-02 14:02:09,2022-03-22 04:35:11,ok
1180,user_1180@free.fr,ES,2025-01-17 07:25:28,4.0,2025-06-03 17:36:24,b657490d,,2025-01-17 07:25:28,2025-06-03 17:36:24,unknown
1181,user_1181@gmail.com,NL,2021-03-09 16:57:22,4.0,2023-11-03 00:24:31,67ff0197,+31,2021-03-09 16:57:22,2023-11-03 00:24:31,ok
1182,user_1182@gmail.com,FRA,2024-01-12 14:26:07,2.0,2025-09-07 15:39:32,,+351,2024-01-12 14:26:07,2025-09-07 15:39:32,country_not_mapped
1183,user_1183@hotmail.com,DE,2020-07-08T05:12:15Z,0.0,2023-07-26 11:35:05,,+31,2020-07-08 05:12:15,2023-07-26 11:35:05,mismatch
1184,user_1184@proton.me,CH,2024-08-25 09:07:59,0.0,2025-11-05 16:09:07,,+41,2024-08-25 09:07:59,2025-11-05 16:09:07,ok
1185,user_1185@gmail.com,AT,2023-10-16 12:39:49,0.0,2025-07-05 11:45:06,,+43,2023-10-16 12:39:49,2025-07-05 11:45:06,ok
1186,user_1186@gmail.com,CH,2022-08-10 06:43:55,1.0,2025-11-19 17:49:55,,+41,2022-08-10 06:43:55,2025-11-19 17:49:55,ok
1187,user_1187@proton.me,FR,2021-08-21 14:33:57,1.0,2024-04-22 02:16:32,8865b2d1,+33,2021-08-21 14:33:57,2024-04-22 02:16:32,ok
1188,user_1188@proton.me,NL,2024-06-27 11:10:29,3.0,2025-08-08 10:57:09,5b65ccb5,+39,2024-06-27 11:10:29,2025-08-08 10:57:09,mismatch
1189,user_1189@proton.me,FR,2024-05-17 18:23:46,0.0,2024-10-25 08:15:07,ee3d035b,+33,2024-05-17 18:23:46,2024-10-25 08:15:07,ok
1190,user_1190@yahoo.fr,NL,2022-12-23 14:33:32,99.0,2023-09-24 15:45:00,,+31,2022-12-23 14:33:32,2023-09-24 15:45:00,ok
1191,user_1191@free.fr,BE,05/10/2023 17:16,1.0,2026-03-10 00:32:34,,+32,2023-05-10 17:16:00,2026-03-10 00:32:34,ok
1192,user_1192@yahoo.fr,ES,2023-09-07 03:13:22,0.0,2022-09-17 03:13:22,,+39,2023-09-07 03:13:22,2022-09-17 03:13:22,mismatch
1193,user_1193@yahoo.fr,,2020-10-06 02:40:36,0.0,2026-03-10 01:21:32,,,2020-10-06 02:40:36,2026-03-10 01:21:32,unknown
1194,user_1194@outlook.com,ES,2023-07-21 04:16:57,0.0,2024-10-05 14:38:56,,,2023-07-21 04:16:57,2024-10-05 14:38:56,unknown
1195,user_1195@proton.me,FR,2024-11-18 13:09:24,0.0,2025-12-10 07:56:18,ec791713,+351,2024-11-18 13:09:24,2025-12-10 07:56:18,mismatch
1196,user_1196@yahoo.fr,AT,2025-05-25 17:38:47,0.0,2025-10-16 18:42:09,0f0c0705,+33,2025-05-25 17:38:47,2025-10-16 18:42:09,mismatch
1197,user_1197@outlook.com,,2021-06-18 10:55:20,3.0,2024-05-13 23:38:08,,,2021-06-18 10:55:20,2024-05-13 23:38:08,unknown
1198,user_1198@free.fr,IT,2024-06-18T19:51:56Z,0.0,2024-08-07 06:22:33,,+39,2024-06-18 19:51:56,2024-08-07 06:22:33,ok
1199,user_1199@proton.me,NL,2022-08-12T04:24:39Z,0.0,2024-12-24 05:24:01,,+31,2022-08-12 04:24:39,2024-12-24 05:24:01,ok
1200,user_1200@gmail.com,FRA,2022-11-25 08:25:44,0.0,2024-06-22 16:54:12,,+39,2022-11-25 08:25:44,2024-06-22 16:54:12,country_not_mapped
1201,user_1201@gmail.com,FRA,2020-06-18 08:20:45,0.0,2025-04-04 12:17:52,,+39,2020-06-18 08:20:45,2025-04-04 12:17:52,country_not_mapped
1202,user_1202@free.fr,AT,03/05/2024 02:58,0.0,2025-08-21 22:49:44,c7a7b296,+43,2024-03-05 02:58:00,2025-08-21 22:49:44,ok
1203,user_1203@outlook.com,FRANCE,2023-06-20T21:03:49Z,4.0,2024-07-24 10:34:58,,,2023-06-20 21:03:49,2024-07-24 10:34:58,unknown
1204,user_1204@free.fr,NL,2022-02-04 05:16:25,0.0,2023-10-22 01:31:49,,+31,2022-02-04 05:16:25,2023-10-22 01:31:49,ok
1205,user_1205@free.fr,PT,2024-02-09 02:20:39,0.0,2025-08-26 20:51:11,,+351,2024-02-09 02:20:39,2025-08-26 20:51:11,ok
1206,user_1206@hotmail.com,NL,2023-04-04 02:10:45,0.0,2025-03-23 22:05:09,,+31,2023-04-04 02:10:45,2025-03-23 22:05:09,ok
1207,user_1207@outlook.com,CH,2023-09-02T09:44:03Z,0.0,2023-11-20 10:53:27,,+39,2023-09-02 09:44:03,2023-11-20 10:53:27,mismatch
1208,user_1208@outlook.com,FRANCE,2023-06-13T04:03:33Z,1.0,2025-11-10 13:59:59,,+31,2023-06-13 04:03:33,2025-11-10 13:59:59,country_not_mapped
1209,user_1209@yahoo.fr,DE,2024-02-24 19:50:23,4.0,2024-09-02 15:59:28,,,2024-02-24 19:50:23,2024-09-02 15:59:28,unknown
1210,user_1210@gmail.com,,2020-12-27 13:39:42,0.0,2021-07-18 15:11:07,,+34,2020-12-27 13:39:42,2021-07-18 15:11:07,unknown
1211,user_1211@outlook.com,FR,2021-12-22 19:18:54,3.0,2024-08-04 08:47:16,,+49,2021-12-22 19:18:54,2024-08-04 08:47:16,mismatch
1212,user_1212@yahoo.fr,ES,2024-12-10 17:22:22,4.0,2025-04-13 20:29:30,,+34,2024-12-10 17:22:22,2025-04-13 20:29:30,ok
1213,user_1213@yahoo.fr,DE,2022-07-22 18:22:21,3.0,2025-06-28 14:05:02,7e320cfd,+49,2022-07-22 18:22:21,2025-06-28 14:05:02,ok
1214,user_1214@outlook.com,,2020-05-01 23:53:13,1.0,2025-04-27 04:17:26,,,2020-05-01 23:53:13,2025-04-27 04:17:26,unknown
1215,user_1215@outlook.com,DE,2023-02-02T05:44:05Z,99.0,2024-07-14 01:31:34,1240a9aa,+49,2023-02-02 05:44:05,2024-07-14 01:31:34,ok
1216,user_1216@gmail.com,NL,2022-11-22T09:01:10Z,1.0,2022-01-23 09:01:10,1d28d94b,+31,2022-11-22 09:01:10,2022-01-23 09:01:10,ok
1217,user_1217@yahoo.fr,FR,2024-08-03T22:11:35Z,0.0,2024-08-22 03:13:38,,+33,2024-08-03 22:11:35,2024-08-22 03:13:38,ok
1218,user_1218@gmail.com,ES,23/01/2024 05:28,0.0,2023-04-04 05:28:52,,+34,2024-01-23 05:28:00,2023-04-04 05:28:52,ok
1219,user_1219@free.fr,BE,2023-05-25 16:06:59,0.0,2025-01-18 00:36:40,,+32,2023-05-25 16:06:59,2025-01-18 00:36:40,ok
1220,user_1220@free.fr,BE,2023-01-27 22:57:50,4.0,2023-08-21 12:57:41,,+32,2023-01-27 22:57:50,2023-08-21 12:57:41,ok
1221,user_1221@gmail.com,DE,2022-11-15T21:34:33Z,4.0,2025-01-14 06:41:22,a3dc1953,,2022-11-15 21:34:33,2025-01-14 06:41:22,unknown
1222,user_1222@free.fr,DE,21/10/2020 07:05,1.0,2020-11-20 06:17:37,,,2020-10-21 07:05:00,2020-11-20 06:17:37,unknown
1223,user_1223@gmail.com,FR,2022-12-24 01:44:23,0.0,2025-10-22 00:25:40,c6d30426,+33,2022-12-24 01:44:23,2025-10-22 00:25:40,ok
1224,user_1224@gmail.com,PT,2022-02-23 03:23:14,0.0,2023-01-15 16:55:16,,+351,2022-02-23 03:23:14,2023-01-15 16:55:16,ok
1225,user_361@yahoo.fr,FR,2021-09-30 02:00:11,0.0,2025-09-26 20:52:14,c68f822d,,2021-09-30 02:00:11,2025-09-26 20:52:14,unknown
1226,user_1226@outlook.com,DE,2021-03-21 06:52:43,0.0,2021-11-11 17:25:38,,,2021-03-21 06:52:43,2021-11-11 17:25:38,unknown
1227,user_1227@outlook.com,FRANCE,2022-08-04 17:11:29,0.0,2023-07-09 18:26:52,1684e81b,+31,2022-08-04 17:11:29,2023-07-09 18:26:52,country_not_mapped
1228,user_1228@hotmail.com,DE,04/09/2020 16:02,2.0,2025-12-13 11:04:06,,+49,2020-04-09 16:02:00,2025-12-13 11:04:06,ok
1229,user_1229@free.fr,DE,2023-03-29T01:53:10Z,1.0,2026-03-17 12:02:41,,+49,2023-03-29 01:53:10,2026-03-17 12:02:41,ok
1230,user_1230@proton.me,FRANCE,2022-09-19 20:03:06,0.0,2025-12-18 18:07:54,,+351,2022-09-19 20:03:06,2025-12-18 18:07:54,country_not_mapped
1231,user_1231@yahoo.fr,FRANCE,2024-02-09 10:18:01,0.0,2026-01-30 20:06:37,,,2024-02-09 10:18:01,2026-01-30 20:06:37,unknown
1232,user_1232@hotmail.com,DE,08/06/2021 02:52,0.0,2024-10-31 01:39:23,17fde567,+31,2021-08-06 02:52:00,2024-10-31 01:39:23,mismatch
1233,user_1233@yahoo.fr,BE,05/11/2021 09:47,0.0,2022-01-11 18:25:13,,+32,2021-05-11 09:47:00,2022-01-11 18:25:13,ok
1234,user_1234@free.fr,FR,2023-11-12 19:58:19,0.0,2024-07-18 02:31:03,,+33,2023-11-12 19:58:19,2024-07-18 02:31:03,ok
1235,user_1235@hotmail.com,AT,2024-07-29 17:45:01,2.0,2025-08-17 14:53:41,,+43,2024-07-29 17:45:01,2025-08-17 14:53:41,ok
1236,user_1236@outlook.com,FRANCE,2021-03-14T13:35:59Z,0.0,2022-04-20 16:27:24,,+31,2021-03-14 13:35:59,2022-04-20 16:27:24,country_not_mapped
1237,user_1237@outlook.com,FRANCE,17/09/2023 13:49,0.0,2024-10-03 21:27:25,,,2023-09-17 13:49:00,2024-10-03 21:27:25,unknown
1238,user_1238@outlook.com,FRANCE,2024-11-19 07:28:56,0.0,2025-08-10 23:39:33,,+39,2024-11-19 07:28:56,2025-08-10 23:39:33,country_not_mapped
1239,user_1239@gmail.com,NL,2022-04-13 22:10:21,0.0,2024-05-11 22:03:01,853f0a3b,+31,2022-04-13 22:10:21,2024-05-11 22:03:01,ok
1240,user_1240@yahoo.fr,DE,2022-06-05T10:56:37Z,0.0,2022-09-17 10:06:18,,+33,2022-06-05 10:56:37,2022-09-17 10:06:18,mismatch
1241,user_1241@hotmail.com,CH,2022-12-12 14:52:21,3.0,2024-06-17 21:48:24,,+41,2022-12-12 14:52:21,2024-06-17 21:48:24,ok
1242,user_1242@gmail.com,FRANCE,2021-10-06 16:50:25,0.0,2022-10-15 15:42:45,,,2021-10-06 16:50:25,2022-10-15 15:42:45,unknown
1243,user_1243@yahoo.fr,BE,2020-04-03T21:48:29Z,0.0,2022-10-17 07:29:51,,+32,2020-04-03 21:48:29,2022-10-17 07:29:51,ok
1244,user_1244@proton.me,ES,2021-06-02T14:57:11Z,0.0,2025-03-21 10:12:28,598ec285,+34,2021-06-02 14:57:11,2025-03-21 10:12:28,ok
1245,user_1245@gmail.com,DE,2025-02-25 03:08:36,0.0,2025-06-04 23:13:19,,+49,2025-02-25 03:08:36,2025-06-04 23:13:19,ok
1246,user_1246@outlook.com,PT,2020-05-19T02:49:39Z,0.0,2025-09-24 00:17:24,,+351,2020-05-19 02:49:39,2025-09-24 00:17:24,ok
1247,user_1247@free.fr,FRANCE,2020-07-01 08:29:43,0.0,2024-11-07 04:14:13,,,2020-07-01 08:29:43,2024-11-07 04:14:13,unknown
1248,user_1248@outlook.com,NL,2022-03-01 03:53:02,1.0,2022-07-21 20:39:02,94a79151,+31,2022-03-01 03:53:02,2022-07-21 20:39:02,ok
1249,user_1249@yahoo.fr,AT,2021-06-25T12:26:42Z,3.0,2026-02-22 09:33:28,6871b8c7,+39,2021-06-25 12:26:42,2026-02-22 09:33:28,mismatch
1250,user_1250@yahoo.fr,ES,2024-03-27 05:57:16,0.0,2024-04-29 04:15:05,,+34,2024-03-27 05:57:16,2024-04-29 04:15:05,ok
1251,user_1251@gmail.com,FRA,2024-07-03 06:46:11,0.0,2026-02-17 21:24:27,5bf0c9c7,+49,2024-07-03 06:46:11,2026-02-17 21:24:27,country_not_mapped
1252,user_1252@yahoo.fr,PT,2025-02-09 21:59:15,0.0,2025-11-22 20:12:31,65b96f42,+351,2025-02-09 21:59:15,2025-11-22 20:12:31,ok
1253,user_1253@outlook.com,,2021-11-17 07:20:07,0.0,2024-01-22 12:49:30,,,2021-11-17 07:20:07,2024-01-22 12:49:30,unknown
1254,user_1254@yahoo.fr,DE,2024-07-08T02:57:16Z,0.0,2026-02-26 05:06:19,65cc306c,+49,2024-07-08 02:57:16,2026-02-26 05:06:19,ok
1255,user_1255@gmail.com,FRA,2021-12-26 22:31:47,0.0,2024-07-26 11:28:54,,+39,2021-12-26 22:31:47,2024-07-26 11:28:54,country_not_mapped
1256,user_1256@free.fr,PT,2021-09-14 02:18:32,0.0,2024-07-17 14:05:05,,+351,2021-09-14 02:18:32,2024-07-17 14:05:05,ok
1257,user_64@proton.me,ES,2025-03-29 00:11:15,2.0,2025-07-17 19:46:19,7e49b075,,2025-03-29 00:11:15,2025-07-17 19:46:19,unknown
1258,user_1258@proton.me,ES,2022-09-29 18:36:53,0.0,2024-08-21 03:40:37,,+34,2022-09-29 18:36:53,2024-08-21 03:40:37,ok
1259,user_1259@outlook.com,DE,2022-07-18 20:43:24,0.0,2024-04-27 09:46:04,,,2022-07-18 20:43:24,2024-04-27 09:46:04,unknown
1260,user_1260@free.fr,FRA,26/11/2021 21:00,4.0,2022-12-05 17:05:01,1d3c8dc8,,2021-11-26 21:00:00,2022-12-05 17:05:01,unknown
1261,user_1261@free.fr,FR,2025-02-04T07:18:24Z,0.0,2025-09-04 10:54:13,,+43,2025-02-04 07:18:24,2025-09-04 10:54:13,mismatch
1262,user_1262@gmail.com,FR,2023-11-04T16:36:24Z,0.0,2025-10-28 03:13:12,,,2023-11-04 16:36:24,2025-10-28 03:13:12,unknown
1263,user_1263@outlook.com,ES,2021-11-20T18:18:18Z,0.0,2024-02-29 04:28:39,b1b01847,+43,2021-11-20 18:18:18,2024-02-29 04:28:39,mismatch
1264,user_1264@gmail.com,BE,2022-02-18 07:26:53,3.0,2025-03-05 21:48:21,a34a4947,+32,2022-02-18 07:26:53,2025-03-05 21:48:21,ok
1265,user_1265@free.fr,NL,2024-10-06 02:30:40,0.0,2025-01-27 06:28:32,,+31,2024-10-06 02:30:40,2025-01-27 06:28:32,ok
1266,user_1266@outlook.com,PT,2024-05-15 09:23:18,0.0,2025-10-22 05:32:55,,+351,2024-05-15 09:23:18,2025-10-22 05:32:55,ok
1267,user_1267@gmail.com,NL,01/10/2024 06:32,0.0,2026-03-13 16:57:31,,+31,2024-01-10 06:32:00,2026-03-13 16:57:31,ok
1268,user_1268@yahoo.fr,ES,2021-07-09 07:48:38,-1.0,2022-09-15 19:16:21,,+49,2021-07-09 07:48:38,2022-09-15 19:16:21,mismatch
1269,user_1269@proton.me,FRA,2025-01-21T21:45:01Z,0.0,2025-01-25 01:04:14,,+31,2025-01-21 21:45:01,2025-01-25 01:04:14,country_not_mapped
1270,user_1270@hotmail.com,IT,2024-10-29T23:26:54Z,0.0,2025-09-01 18:02:45,b67c7be7,+39,2024-10-29 23:26:54,2025-09-01 18:02:45,ok
1271,user_1271@proton.me,DE,2021-10-07 02:59:13,4.0,2021-10-08 23:26:11,777996af,+49,2021-10-07 02:59:13,2021-10-08 23:26:11,ok
1272,user_1272@outlook.com,DE,2021-10-15T10:28:57Z,0.0,2021-12-27 11:11:18,,+49,2021-10-15 10:28:57,2021-12-27 11:11:18,ok
1273,user_1273@free.fr,FR,2023-03-16 18:11:51,0.0,2026-01-07 11:52:33,,+33,2023-03-16 18:11:51,2026-01-07 11:52:33,ok
1274,user_1274@outlook.com,FR,2024-05-05 12:28:42,0.0,2024-05-30 00:01:01,,+33,2024-05-05 12:28:42,2024-05-30 00:01:01,ok
1275,user_1275@free.fr,AT,2025-02-27 03:11:31,4.0,2025-11-26 19:19:47,0245e8fd,+43,2025-02-27 03:11:31,2025-11-26 19:19:47,ok
1276,user_1276@outlook.com,IT,2020-12-18 01:34:02,0.0,2024-10-30 17:25:39,,+39,2020-12-18 01:34:02,2024-10-30 17:25:39,ok
1277,user_1277@free.fr,ES,2025-05-20T18:04:31Z,0.0,2025-10-27 05:12:38,473e98d8,+34,2025-05-20 18:04:31,2025-10-27 05:12:38,ok
1278,user_1278@gmail.com,BE,2023-06-20T00:39:27Z,0.0,2025-09-29 03:37:07,0108fcce,+32,2023-06-20 00:39:27,2025-09-29 03:37:07,ok
1279,user_1279@gmail.com,IT,2023-10-17 19:24:52,1.0,2024-04-05 04:22:43,,+39,2023-10-17 19:24:52,2024-04-05 04:22:43,ok
1280,user_1280@yahoo.fr,NL,2023-05-15 10:15:00,0.0,2023-07-22 14:00:59,,+31,2023-05-15 10:15:00,2023-07-22 14:00:59,ok
1281,user_1281@yahoo.fr,FRANCE,2021-02-24T16:15:49Z,0.0,2022-01-06 03:27:54,,+41,2021-02-24 16:15:49,2022-01-06 03:27:54,country_not_mapped
1282,user_1282@hotmail.com,AT,2023-04-19 05:33:57,0.0,2025-12-30 09:49:05,fb790ffe,+43,2023-04-19 05:33:57,2025-12-30 09:49:05,ok
1283,user_1283@yahoo.fr,DE,2023-07-30 21:06:28,4.0,2025-09-25 15:40:18,,+49,2023-07-30 21:06:28,2025-09-25 15:40:18,ok
1284,user_1284@free.fr,ES,2024-11-26 16:24:21,0.0,2025-06-18 23:12:20,,+34,2024-11-26 16:24:21,2025-06-18 23:12:20,ok
1285,user_1285@proton.me,DE,2023-06-27 21:25:52,0.0,2023-07-15 06:45:34,,,2023-06-27 21:25:52,2023-07-15 06:45:34,unknown
1286,user_1286@yahoo.fr,IT,2022-11-18 17:49:24,3.0,2023-12-02 06:43:42,,+39,2022-11-18 17:49:24,2023-12-02 06:43:42,ok
1287,user_1287@proton.me,ES,2020-10-07 08:04:10,1.0,2022-01-04 06:59:56,,+34,2020-10-07 08:04:10,2022-01-04 06:59:56,ok
1288,user_1288@outlook.com,PT,2023-09-06 17:26:14,4.0,2025-03-21 15:25:47,e52cbea8,+351,2023-09-06 17:26:14,2025-03-21 15:25:47,ok
1289,user_1289@yahoo.fr,AT,2023-12-28T13:37:55Z,1.0,2024-12-11 15:50:24,,+43,2023-12-28 13:37:55,2024-12-11 15:50:24,ok
1290,user_1290@gmail.com,PT,2025-04-04 23:06:01,0.0,2025-10-24 09:34:53,,+351,2025-04-04 23:06:01,2025-10-24 09:34:53,ok
1291,user_1291@outlook.com,AT,1593744407,0.0,2023-08-25 04:16:20,,+43,2020-07-03 02:46:47,2023-08-25 04:16:20,ok
1292,user_1292@free.fr,FR,28/02/2024 23:10,0.0,2025-04-01 05:06:05,,+49,2024-02-28 23:10:00,2025-04-01 05:06:05,mismatch
1293,user_1293@proton.me,FRA,2024-04-30T08:51:15Z,0.0,2025-01-21 07:50:22,,+31,2024-04-30 08:51:15,2025-01-21 07:50:22,country_not_mapped
1294,user_1294@outlook.com,IT,2022-03-14 20:03:38,0.0,2024-08-10 02:37:35,,+39,2022-03-14 20:03:38,2024-08-10 02:37:35,ok
1295,user_1295@free.fr,BE,2025-05-18T16:35:57Z,0.0,2026-03-20 06:58:37,a6a13f31,+32,2025-05-18 16:35:57,2026-03-20 06:58:37,ok
1296,user_1296@proton.me,DE,2022-08-23 12:54:57,0.0,2025-05-11 13:28:35,,+32,2022-08-23 12:54:57,2025-05-11 13:28:35,mismatch
1297,user_1297@yahoo.fr,BE,2024-12-30 07:16:16,0.0,2025-12-21 21:07:41,,+39,2024-12-30 07:16:16,2025-12-21 21:07:41,mismatch
1298,user_1298@proton.me,FR,2022-05-01 16:04:28,0.0,2024-06-08 17:05:06,,,2022-05-01 16:04:28,2024-06-08 17:05:06,unknown
1299,user_1299@hotmail.com,PT,2024-04-30 00:12:32,0.0,2025-08-05 08:52:44,,+49,2024-04-30 00:12:32,2025-08-05 08:52:44,mismatch
1300,user_1300@outlook.com,ES,10/07/2022 17:09,0.0,2022-12-24 15:37:25,,+34,2022-10-07 17:09:00,2022-12-24 15:37:25,ok
1301,user_1301@proton.me,FRANCE,2020-03-31 14:55:26,0.0,2021-03-12 19:53:56,,+41,2020-03-31 14:55:26,2021-03-12 19:53:56,country_not_mapped
1302,user_1302@proton.me,FR,2023-03-04 10:42:20,0.0,2024-03-05 14:55:55,e6b99268,+32,2023-03-04 10:42:20,2024-03-05 14:55:55,mismatch
1303,user_1303@hotmail.com,IT,2024-04-19T17:57:21Z,0.0,2024-07-25 11:59:01,ff764439,+39,2024-04-19 17:57:21,2024-07-25 11:59:01,ok
1304,user_1304@yahoo.fr,DE,2025-02-03 20:54:35,0.0,2025-12-01 05:34:53,,+49,2025-02-03 20:54:35,2025-12-01 05:34:53,ok
1305,user_1305@outlook.com,IT,2023-05-26 02:58:50,0.0,2023-06-30 21:28:26,,+39,2023-05-26 02:58:50,2023-06-30 21:28:26,ok
1306,user_1306@proton.me,IT,2025-05-26T17:17:02Z,3.0,2025-10-24 08:46:48,,+39,2025-05-26 17:17:02,2025-10-24 08:46:48,ok
1307,user_1307@hotmail.com,BE,2021-12-04 12:48:00,0.0,2023-10-12 14:42:59,,+39,2021-12-04 12:48:00,2023-10-12 14:42:59,mismatch
1308,user_1308@gmail.com,PT,2020-09-18 00:00:20,1.0,2024-07-24 01:53:48,,+351,2020-09-18 00:00:20,2024-07-24 01:53:48,ok
1309,user_1309@outlook.com,NL,2023-11-19 20:06:01,0.0,2024-12-19 20:25:13,,+31,2023-11-19 20:06:01,2024-12-19 20:25:13,ok
1310,user_1310@hotmail.com,NL,2024-09-05 13:29:56,3.0,2025-02-04 13:50:21,,+31,2024-09-05 13:29:56,2025-02-04 13:50:21,ok
1311,user_1311@outlook.com,AT,2022-04-17 22:30:55,0.0,2022-08-19 01:22:09,e478b37e,+43,2022-04-17 22:30:55,2022-08-19 01:22:09,ok
1312,user_1312@gmail.com,FR,2022-02-19T05:25:35Z,0.0,2025-11-04 12:51:47,0691cf50,+34,2022-02-19 05:25:35,2025-11-04 12:51:47,mismatch
1313,user_1313@yahoo.fr,FR,2022-03-04 23:43:14,2.0,2022-03-31 16:18:17,4e5240a1,,2022-03-04 23:43:14,2022-03-31 16:18:17,unknown
1314,user_1314@yahoo.fr,IT,2023-04-21 05:27:30,0.0,2024-01-24 04:13:40,,+39,2023-04-21 05:27:30,2024-01-24 04:13:40,ok
1315,user_1315@gmail.com,AT,2020-08-24 15:02:55,0.0,2023-12-31 03:19:42,,+43,2020-08-24 15:02:55,2023-12-31 03:19:42,ok
1316,user_1316@gmail.com,FRANCE,2022-04-03T15:21:01Z,0.0,2024-03-10 08:53:52,,+43,2022-04-03 15:21:01,2024-03-10 08:53:52,country_not_mapped
1317,user_1317@hotmail.com,CH,2024-08-30 05:07:27,1.0,2025-09-14 18:34:32,,+41,2024-08-30 05:07:27,2025-09-14 18:34:32,ok
1318,user_1318@free.fr,PT,2025-04-25 06:37:55,1.0,2025-12-05 13:03:35,,+351,2025-04-25 06:37:55,2025-12-05 13:03:35,ok
1319,user_1319@outlook.com,ES,2021-12-03T19:03:41Z,0.0,2022-07-19 21:26:05,,+39,2021-12-03 19:03:41,2022-07-19 21:26:05,mismatch
1320,user_1320@free.fr,DE,19/04/2020 20:08,0.0,2022-02-18 14:14:26,,+39,2020-04-19 20:08:00,2022-02-18 14:14:26,mismatch
1321,user_1321@hotmail.com,BE,2021-05-17 03:48:00,4.0,2021-07-07 01:02:06,,+32,2021-05-17 03:48:00,2021-07-07 01:02:06,ok
1322,user_1322@free.fr,,2020-08-07 12:39:15,4.0,2022-09-08 20:28:09,,,2020-08-07 12:39:15,2022-09-08 20:28:09,unknown
1323,user_1323@proton.me,CH,29/10/2020 17:18,0.0,2025-12-01 09:03:08,,+41,2020-10-29 17:18:00,2025-12-01 09:03:08,ok
1324,user_1324@gmail.com,ES,2024-06-22 07:35:58,0.0,2024-10-29 05:02:45,,+34,2024-06-22 07:35:58,2024-10-29 05:02:45,ok
1325,user_1325@proton.me,AT,2023-12-24 00:02:40,0.0,2025-09-10 16:20:09,,+43,2023-12-24 00:02:40,2025-09-10 16:20:09,ok
1326,user_1326@gmail.com,FRA,2024-04-23T15:53:21Z,2.0,2025-03-26 07:12:11,,,2024-04-23 15:53:21,2025-03-26 07:12:11,unknown
1327,user_1327@hotmail.com,FRANCE,2023-05-19 04:07:47,0.0,2024-10-13 01:05:26,533e2fad,+33,2023-05-19 04:07:47,2024-10-13 01:05:26,country_not_mapped
1328,user_1328@yahoo.fr,PT,2022-09-28 02:37:42,4.0,2022-10-16 22:17:53,,+351,2022-09-28 02:37:42,2022-10-16 22:17:53,ok
1329,user_1329@yahoo.fr,ES,2021-12-15T08:39:58Z,,2021-12-17 02:56:35,,+43,2021-12-15 08:39:58,2021-12-17 02:56:35,mismatch
1330,user_1330@outlook.com,FR,2021-02-18 22:07:46,1.0,2021-10-25 09:05:22,,,2021-02-18 22:07:46,2021-10-25 09:05:22,unknown
1331,user_1331@proton.me,ES,2022-12-23T03:18:45Z,0.0,2025-08-30 04:15:11,,+34,2022-12-23 03:18:45,2025-08-30 04:15:11,ok
1332,user_1332@hotmail.com,AT,02/04/2022 02:38,3.0,2023-03-19 11:56:29,,+32,2022-02-04 02:38:00,2023-03-19 11:56:29,mismatch
1333,user_1333@proton.me,IT,2022-05-10 11:12:03,3.0,2022-10-22 21:41:21,1d415520,+39,2022-05-10 11:12:03,2022-10-22 21:41:21,ok
1334,user_1334@outlook.com,BE,2023-09-04 01:02:35,0.0,2025-05-17 04:33:28,7f1f8c73,+351,2023-09-04 01:02:35,2025-05-17 04:33:28,mismatch
1335,user_1335@gmail.com,NL,2023-11-03 16:45:37,0.0,2024-06-30 00:00:33,,+31,2023-11-03 16:45:37,2024-06-30 00:00:33,ok
1336,user_1336@yahoo.fr,BE,2025-03-03T04:00:57Z,0.0,2025-08-16 09:47:51,,+32,2025-03-03 04:00:57,2025-08-16 09:47:51,ok
1337,user_1337@free.fr,FR,2021-01-07 17:44:29,0.0,2021-09-19 19:10:41,,+33,2021-01-07 17:44:29,2021-09-19 19:10:41,ok
1338,user_1338@yahoo.fr,FR,1623792837,0.0,2021-11-22 11:04:50,,+33,2021-06-15 21:33:57,2021-11-22 11:04:50,ok
1339,user_1339@outlook.com,NL,1736565145,0.0,2025-03-20 02:42:05,77be57b3,+31,2025-01-11 03:12:25,2025-03-20 02:42:05,ok
1340,user_1340@proton.me,BE,2023-06-28 08:56:39,0.0,2025-07-29 02:53:36,4139197c,+32,2023-06-28 08:56:39,2025-07-29 02:53:36,ok
1341,user_1341@yahoo.fr,FRANCE,2024-07-17 17:05:23,0.0,2024-09-30 08:53:59,,+41,2024-07-17 17:05:23,2024-09-30 08:53:59,country_not_mapped
1342,user_1342@hotmail.com,PT,2022-10-08 22:44:51,0.0,2024-01-08 02:56:05,,+351,2022-10-08 22:44:51,2024-01-08 02:56:05,ok
1343,user_1343@gmail.com,FR,2021-06-06 01:26:06,0.0,2022-10-01 07:24:30,,+31,2021-06-06 01:26:06,2022-10-01 07:24:30,mismatch
1344,user_1344@hotmail.com,PT,20/11/2022 01:13,0.0,2025-05-07 21:59:32,,+351,2022-11-20 01:13:00,2025-05-07 21:59:32,ok
1345,user_1345@outlook.com,ES,2021-12-12 17:43:28,0.0,2025-12-22 00:10:56,,+34,2021-12-12 17:43:28,2025-12-22 00:10:56,ok
1346,user_1346@hotmail.com,DE,2024-05-25 01:00:27,0.0,2025-05-20 01:20:50,,+31,2024-05-25 01:00:27,2025-05-20 01:20:50,mismatch
1347,user_1347@yahoo.fr,BE,2024-12-25 06:25:36,0.0,2025-05-17 03:43:29,,+32,2024-12-25 06:25:36,2025-05-17 03:43:29,ok
1348,user_1348@yahoo.fr,FRANCE,2025-04-20 07:40:33,-1.0,2024-10-17 07:40:33,,+33,2025-04-20 07:40:33,2024-10-17 07:40:33,country_not_mapped
1349,user_1349@proton.me,IT,2021-01-19 23:20:11,2.0,2025-02-27 23:23:29,,+39,2021-01-19 23:20:11,2025-02-27 23:23:29,ok
1350,user_1350@proton.me,IT,29/08/2024 17:21,0.0,2025-12-01 08:50:27,,+39,2024-08-29 17:21:00,2025-12-01 08:50:27,ok
1351,user_1351@outlook.com,FR,2024-09-29T23:15:42Z,0.0,2025-09-19 11:51:08,,+33,2024-09-29 23:15:42,2025-09-19 11:51:08,ok
1352,user_1352@outlook.com,ES,2025-05-05 08:28:11,0.0,2025-12-13 10:56:31,4d0e1221,,2025-05-05 08:28:11,2025-12-13 10:56:31,unknown
1353,user_98@gmail.com,FR,2023-07-10T15:21:34Z,0.0,2024-08-25 20:55:04,,+33,2023-07-10 15:21:34,2024-08-25 20:55:04,ok
1354,user_1354@free.fr,DE,2024-10-24T01:25:04Z,0.0,2025-09-12 18:17:42,,,2024-10-24 01:25:04,2025-09-12 18:17:42,unknown
1355,user_1355@gmail.com,ES,1726389494,0.0,2026-02-10 23:56:59,,+351,2024-09-15 08:38:14,2026-02-10 23:56:59,mismatch
1356,user_1356@hotmail.com,FR,03/11/2020 13:08,0.0,2023-08-22 00:22:03,41aa14bd,+33,2020-03-11 13:08:00,2023-08-22 00:22:03,ok
1357,user_1357@outlook.com,BE,2021-11-25T02:18:05Z,0.0,2023-04-18 08:06:56,551591da,+39,2021-11-25 02:18:05,2023-04-18 08:06:56,mismatch
1358,user_1358@gmail.com,DE,2020-09-21 23:59:40,-1.0,2023-01-09 00:27:50,,+32,2020-09-21 23:59:40,2023-01-09 00:27:50,mismatch
1359,user_1359@outlook.com,ES,2020-11-14 16:55:11,2.0,2023-11-26 13:31:14,,+34,2020-11-14 16:55:11,2023-11-26 13:31:14,ok
1360,user_1360@outlook.com,ES,2020-11-24T12:15:18Z,0.0,2021-06-09 14:09:38,,+34,2020-11-24 12:15:18,2021-06-09 14:09:38,ok
1361,user_1361@hotmail.com,DE,2023-01-21T21:43:00Z,2.0,2024-09-17 15:03:36,,+49,2023-01-21 21:43:00,2024-09-17 15:03:36,ok
1362,user_1362@free.fr,IT,24/02/2025 17:45,-1.0,2025-04-17 16:52:30,,+39,2025-02-24 17:45:00,2025-04-17 16:52:30,ok
1363,user_1363@gmail.com,AT,2023-04-21 01:00:02,4.0,2022-05-15 01:00:02,,+43,2023-04-21 01:00:02,2022-05-15 01:00:02,ok
1364,user_1364@gmail.com,ES,2020-03-24 02:36:09,3.0,2022-11-28 07:23:37,64017716,+34,2020-03-24 02:36:09,2022-11-28 07:23:37,ok
1365,user_1365@gmail.com,DE,2023-01-23 12:40:54,0.0,2023-07-28 13:23:55,340b569c,,2023-01-23 12:40:54,2023-07-28 13:23:55,unknown
1366,user_1366@yahoo.fr,BE,2021-04-30 09:27:23,3.0,2023-07-11 20:18:48,6ae8740c,+32,2021-04-30 09:27:23,2023-07-11 20:18:48,ok
1367,user_1367@free.fr,DE,21/05/2020 05:43,0.0,2022-10-24 04:26:00,,+49,2020-05-21 05:43:00,2022-10-24 04:26:00,ok
1368,user_1368@gmail.com,ES,2022-05-30 20:10:06,0.0,2025-09-04 21:14:17,,+34,2022-05-30 20:10:06,2025-09-04 21:14:17,ok
1369,user_1369@proton.me,,2024-10-07T18:43:31Z,3.0,2024-12-08 15:45:13,25fb551a,,2024-10-07 18:43:31,2024-12-08 15:45:13,unknown
1370,user_1370@outlook.com,BE,2022-10-26 00:22:03,0.0,2024-08-08 17:29:01,2e6082c3,+32,2022-10-26 00:22:03,2024-08-08 17:29:01,ok
1371,user_1371@outlook.com,ES,2023-03-27 23:40:12,0.0,2024-12-17 16:01:31,4bc661a0,+34,2023-03-27 23:40:12,2024-12-17 16:01:31,ok
1372,user_1372@free.fr,FRANCE,2021-01-17T17:23:31Z,0.0,2021-03-11 01:28:58,b33e70b5,,2021-01-17 17:23:31,2021-03-11 01:28:58,unknown
1373,user_1373@yahoo.fr,AT,2022-06-28 03:47:59,2.0,2024-12-10 00:23:21,7b059029,+43,2022-06-28 03:47:59,2024-12-10 00:23:21,ok
1374,user_1374@outlook.com,BE,10/03/2025 11:00,4.0,2026-01-24 02:43:53,,+32,2025-10-03 11:00:00,2026-01-24 02:43:53,ok
1375,user_1375@free.fr,BE,2021-02-20 01:59:40,0.0,2024-08-03 01:37:06,,+32,2021-02-20 01:59:40,2024-08-03 01:37:06,ok
1376,user_1376@free.fr,FR,2020-07-03T21:59:28Z,,2022-06-21 03:50:08,,+33,2020-07-03 21:59:28,2022-06-21 03:50:08,ok
1377,user_1377@gmail.com,PT,2021-12-14 02:01:05,3.0,2022-11-23 05:57:01,,+351,2021-12-14 02:01:05,2022-11-23 05:57:01,ok
1378,user_1378@proton.me,FRA,2022-12-06T02:04:43Z,0.0,2024-09-04 17:59:53,,+39,2022-12-06 02:04:43,2024-09-04 17:59:53,country_not_mapped
1379,user_1379@hotmail.com,FR,2024-05-01 02:35:08,4.0,2025-05-15 20:35:38,,+33,2024-05-01 02:35:08,2025-05-15 20:35:38,ok
1380,user_1380@gmail.com,,2024-08-15 21:17:56,0.0,2025-03-28 10:00:30,,,2024-08-15 21:17:56,2025-03-28 10:00:30,unknown
1381,user_1381@outlook.com,FRA,2020-09-19 20:45:00,0.0,2025-09-16 00:12:00,,+43,2020-09-19 20:45:00,2025-09-16 00:12:00,country_not_mapped
1382,user_1382@gmail.com,DE,2022-01-15 06:34:02,4.0,2023-11-26 21:12:39,,,2022-01-15 06:34:02,2023-11-26 21:12:39,unknown
1383,user_1383@proton.me,BE,2021-02-05 05:06:03,1.0,2023-05-17 20:27:16,,+49,2021-02-05 05:06:03,2023-05-17 20:27:16,mismatch
1384,user_1384@yahoo.fr,DE,20/03/2022 11:05,0.0,2026-01-14 15:52:56,,,2022-03-20 11:05:00,2026-01-14 15:52:56,unknown
1385,user_1385@gmail.com,NL,2024-05-23T05:44:31Z,0.0,2025-07-07 14:29:09,,+31,2024-05-23 05:44:31,2025-07-07 14:29:09,ok
1386,user_1386@outlook.com,FRANCE,2022-10-08 18:13:14,2.0,2025-11-01 14:36:12,,,2022-10-08 18:13:14,2025-11-01 14:36:12,unknown
1387,user_1387@proton.me,IT,2023-03-14 19:27:41,0.0,2023-08-11 01:57:13,,+39,2023-03-14 19:27:41,2023-08-11 01:57:13,ok
1388,user_1388@proton.me,FR,2024-05-11 03:58:12,0.0,2024-11-03 22:19:31,,+33,2024-05-11 03:58:12,2024-11-03 22:19:31,ok
1389,user_1389@gmail.com,DE,1693712811,,2025-12-12 05:18:26,,+49,2023-09-03 03:46:51,2025-12-12 05:18:26,ok
1390,user_1390@proton.me,PT,2020-12-26 22:07:15,0.0,2021-04-19 16:23:51,b2c03114,+351,2020-12-26 22:07:15,2021-04-19 16:23:51,ok
1391,user_1391@proton.me,FRANCE,2020-12-16T12:37:20Z,2.0,2023-02-02 05:35:11,,,2020-12-16 12:37:20,2023-02-02 05:35:11,unknown
1392,user_1392@yahoo.fr,DE,2020-03-20 17:58:56,3.0,2024-05-19 17:26:05,,+351,2020-03-20 17:58:56,2024-05-19 17:26:05,mismatch
1393,user_1393@proton.me,FRANCE,2023-02-18T04:15:16Z,1.0,2024-08-25 14:26:19,,+34,2023-02-18 04:15:16,2024-08-25 14:26:19,country_not_mapped
1394,user_1394@yahoo.fr,IT,2022-02-26 16:40:32,0.0,2025-04-17 07:44:11,,+39,2022-02-26 16:40:32,2025-04-17 07:44:11,ok
1395,user_1395@free.fr,IT,2020-06-06T20:07:55Z,1.0,2021-06-08 01:37:14,,+39,2020-06-06 20:07:55,2021-06-08 01:37:14,ok
1396,user_1396@yahoo.fr,NL,2021-07-08 05:02:04,0.0,2025-07-19 00:54:26,ba832192,+31,2021-07-08 05:02:04,2025-07-19 00:54:26,ok
1397,user_1397@yahoo.fr,BE,2021-01-31T21:51:07Z,0.0,2024-10-13 05:21:11,,+32,2021-01-31 21:51:07,2024-10-13 05:21:11,ok
1398,user_1398@yahoo.fr,ES,2025-02-22 11:01:37,4.0,2025-11-05 19:35:29,,,2025-02-22 11:01:37,2025-11-05 19:35:29,unknown
1399,user_1399@proton.me,IT,2023-12-13T19:15:23Z,0.0,2025-02-19 11:40:09,66eab046,+39,2023-12-13 19:15:23,2025-02-19 11:40:09,ok
1400,user_1400@yahoo.fr,,2025-02-09T08:30:51Z,2.0,2025-05-09 22:44:51,,+34,2025-02-09 08:30:51,2025-05-09 22:44:51,unknown
1401,user_1401@yahoo.fr,DE,12/08/2020 03:25,0.0,2025-01-07 08:53:54,,+41,2020-12-08 03:25:00,2025-01-07 08:53:54,mismatch
1402,user_1402@gmail.com,BE,2020-11-15 15:16:23,0.0,2023-10-05 05:17:35,,+32,2020-11-15 15:16:23,2023-10-05 05:17:35,ok
1403,user_1403@gmail.com,CH,2021-05-09 01:42:48,1.0,2023-03-25 03:58:05,692fb413,+41,2021-05-09 01:42:48,2023-03-25 03:58:05,ok
1404,user_1404@gmail.com,DE,2022-07-07 11:15:41,0.0,2026-02-12 14:07:52,,+31,2022-07-07 11:15:41,2026-02-12 14:07:52,mismatch
1405,user_1405@yahoo.fr,AT,2021-07-26 09:37:10,0.0,2022-04-04 06:07:47,,+43,2021-07-26 09:37:10,2022-04-04 06:07:47,ok
1406,user_1406@outlook.com,NL,2025-04-23 06:26:02,1.0,2025-05-03 07:17:30,,+31,2025-04-23 06:26:02,2025-05-03 07:17:30,ok
1407,user_1407@proton.me,FRA,2020-11-20 05:04:28,3.0,2025-07-12 21:01:30,d7331bef,+33,2020-11-20 05:04:28,2025-07-12 21:01:30,country_not_mapped
1408,user_1408@proton.me,PT,2022-11-01 22:00:37,0.0,2024-06-13 08:45:17,,+351,2022-11-01 22:00:37,2024-06-13 08:45:17,ok
1409,user_1409@proton.me,BE,2023-01-25 23:16:34,0.0,2023-06-12 17:49:30,f657317b,+32,2023-01-25 23:16:34,2023-06-12 17:49:30,ok
1410,user_1410@outlook.com,ES,2023-04-23 04:51:37,0.0,2026-02-13 12:48:09,1beab8af,+351,2023-04-23 04:51:37,2026-02-13 12:48:09,mismatch
1411,user_1411@hotmail.com,FR,1744646463,0.0,2026-03-13 02:45:16,,,2025-04-14 16:01:03,2026-03-13 02:45:16,unknown
1412,user_1412@gmail.com,BE,20/08/2024 16:06,0.0,2025-01-11 04:24:42,,+32,2024-08-20 16:06:00,2025-01-11 04:24:42,ok
1413,user_1413@free.fr,FRANCE,31/08/2024 10:41,0.0,2026-03-28 01:26:56,,,2024-08-31 10:41:00,2026-03-28 01:26:56,unknown
1414,user_1414@yahoo.fr,CH,2024-07-20 02:38:47,0.0,2024-12-17 16:23:16,040fca41,+41,2024-07-20 02:38:47,2024-12-17 16:23:16,ok
1415,user_1415@free.fr,FRA,2021-08-13 21:04:30,0.0,2026-01-20 19:35:48,,,2021-08-13 21:04:30,2026-01-20 19:35:48,unknown
1416,user_1416@gmail.com,BE,2023-04-19 03:11:45,0.0,2025-07-17 20:25:55,,+32,2023-04-19 03:11:45,2025-07-17 20:25:55,ok
1417,user_1417@outlook.com,DE,25/06/2023 07:37,0.0,2024-02-23 16:46:46,,+41,2023-06-25 07:37:00,2024-02-23 16:46:46,mismatch
1418,user_1418@free.fr,FR,2021-10-02 20:23:54,0.0,2024-04-02 18:10:57,,+33,2021-10-02 20:23:54,2024-04-02 18:10:57,ok
1419,user_1419@gmail.com,DE,2024-09-03 18:07:51,4.0,2025-10-01 04:02:45,,,2024-09-03 18:07:51,2025-10-01 04:02:45,unknown
1420,user_1420@yahoo.fr,AT,2022-07-04T17:47:15Z,1.0,2023-12-01 18:54:47,933ee1fa,+43,2022-07-04 17:47:15,2023-12-01 18:54:47,ok
1421,user_1421@yahoo.fr,DE,2022-03-12 23:29:39,4.0,2023-01-24 21:01:17,,+39,2022-03-12 23:29:39,2023-01-24 21:01:17,mismatch
1422,user_1422@free.fr,FR,2021-05-14 08:44:48,0.0,2022-03-27 19:30:58,24f0c200,,2021-05-14 08:44:48,2022-03-27 19:30:58,unknown
1423,user_1423@hotmail.com,FRA,2021-11-06 03:12:57,0.0,2026-01-14 12:43:18,,,2021-11-06 03:12:57,2026-01-14 12:43:18,unknown
1424,user_1424@outlook.com,PT,1747269789,0.0,2026-03-06 17:02:56,,+351,2025-05-15 00:43:09,2026-03-06 17:02:56,ok
1425,user_1425@yahoo.fr,ES,2020-03-27T01:00:13Z,4.0,2020-04-29 04:45:40,,,2020-03-27 01:00:13,2020-04-29 04:45:40,unknown
1426,user_1426@yahoo.fr,FRANCE,2025-03-30 10:12:38,4.0,2025-10-19 21:01:49,ab01a4a5,,2025-03-30 10:12:38,2025-10-19 21:01:49,unknown
1427,user_1427@free.fr,IT,2023-09-12T22:44:18Z,4.0,2023-09-17 17:20:57,1ba7178f,+39,2023-09-12 22:44:18,2023-09-17 17:20:57,ok
1428,user_1428@outlook.com,DE,2024-08-21 02:31:32,2.0,2025-12-30 15:43:35,,+49,2024-08-21 02:31:32,2025-12-30 15:43:35,ok
1429,user_1429@free.fr,ES,2023-08-18T08:55:31Z,0.0,2024-06-15 20:05:18,,+34,2023-08-18 08:55:31,2024-06-15 20:05:18,ok
1430,user_1430@gmail.com,FRANCE,2023-09-21T12:23:44Z,0.0,2024-01-18 17:38:33,,+31,2023-09-21 12:23:44,2024-01-18 17:38:33,country_not_mapped
1431,user_1431@hotmail.com,PT,2020-05-06T00:49:43Z,0.0,2023-03-20 14:02:31,efb916c3,+351,2020-05-06 00:49:43,2023-03-20 14:02:31,ok
1432,user_1432@gmail.com,CH,2020-07-09 23:34:00,4.0,2022-03-01 10:06:33,,+41,2020-07-09 23:34:00,2022-03-01 10:06:33,ok
1433,user_1433@gmail.com,NL,2023-06-14 03:25:54,1.0,2024-02-08 08:39:45,b2c03114,+31,2023-06-14 03:25:54,2024-02-08 08:39:45,ok
1434,user_1434@proton.me,DE,2024-06-29T15:26:39Z,0.0,2025-08-31 01:37:09,,+49,2024-06-29 15:26:39,2025-08-31 01:37:09,ok
1435,user_1435@gmail.com,DE,16/08/2024 12:58,0.0,2023-11-19 12:58:05,,+49,2024-08-16 12:58:00,2023-11-19 12:58:05,ok
1436,user_1436@proton.me,FRANCE,2022-03-08 15:44:28,3.0,2024-03-18 11:22:21,,,2022-03-08 15:44:28,2024-03-18 11:22:21,unknown
1437,user_1437@hotmail.com,FRANCE,2020-08-13T21:49:04Z,1.0,2021-06-28 06:53:17,,,2020-08-13 21:49:04,2021-06-28 06:53:17,unknown
1438,user_1438@gmail.com,FRANCE,1660692493,0.0,2023-11-03 21:32:23,,,2022-08-16 23:28:13,2023-11-03 21:32:23,unknown
1439,user_1439@free.fr,BE,2023-09-29T04:29:35Z,2.0,2026-03-06 20:51:55,,+32,2023-09-29 04:29:35,2026-03-06 20:51:55,ok
1440,user_1440@outlook.com,ES,2024-01-17 08:54:21,4.0,2024-06-04 15:28:28,62d0ffe8,+34,2024-01-17 08:54:21,2024-06-04 15:28:28,ok
1441,user_1441@yahoo.fr,ES,2024-06-02 19:23:24,0.0,2025-01-29 06:37:38,c496ab4b,+34,2024-06-02 19:23:24,2025-01-29 06:37:38,ok
1442,user_1442@gmail.com,PT,2023-08-08 20:14:39,0.0,2025-12-31 20:31:27,,+351,2023-08-08 20:14:39,2025-12-31 20:31:27,ok
1443,user_1443@yahoo.fr,FRANCE,2023-09-19 18:14:31,0.0,2023-11-06 04:07:20,,+31,2023-09-19 18:14:31,2023-11-06 04:07:20,country_not_mapped
1444,user_1444@yahoo.fr,FRA,2022-03-28T23:06:34Z,4.0,2026-01-22 18:26:01,,,2022-03-28 23:06:34,2026-01-22 18:26:01,unknown
1445,user_1445@free.fr,FR,2023-08-18 23:19:39,99.0,2024-02-17 23:25:35,18a43ca1,,2023-08-18 23:19:39,2024-02-17 23:25:35,unknown
1446,user_1446@gmail.com,DE,2021-05-30 12:12:11,0.0,2025-02-07 08:26:35,,+41,2021-05-30 12:12:11,2025-02-07 08:26:35,mismatch
1447,user_1447@free.fr,ES,2024-04-06 07:14:10,0.0,2025-12-25 11:16:56,,,2024-04-06 07:14:10,2025-12-25 11:16:56,unknown
1448,user_1448@outlook.com,PT,2021-03-09 09:42:46,3.0,2023-05-01 03:00:54,,+351,2021-03-09 09:42:46,2023-05-01 03:00:54,ok
1449,user_1449@yahoo.fr,AT,2020-07-05 00:31:39,3.0,2020-10-04 12:47:03,,+43,2020-07-05 00:31:39,2020-10-04 12:47:03,ok
1450,user_1450@gmail.com,ES,2023-06-23 11:17:22,,2023-09-28 17:22:17,f2aae26b,,2023-06-23 11:17:22,2023-09-28 17:22:17,unknown
1451,user_1451@hotmail.com,CH,2020-05-19T04:19:26Z,4.0,2020-10-15 01:12:38,90a4dbe6,+41,2020-05-19 04:19:26,2020-10-15 01:12:38,ok
1452,user_1452@proton.me,AT,2021-09-02T12:11:04Z,0.0,2026-02-09 16:59:16,,+43,2021-09-02 12:11:04,2026-02-09 16:59:16,ok
1453,user_1453@outlook.com,PT,2024-05-17T17:55:05Z,0.0,2025-04-25 00:13:15,,+351,2024-05-17 17:55:05,2025-04-25 00:13:15,ok
1454,user_1454@proton.me,DE,08/04/2021 23:38,0.0,2022-06-09 05:30:29,,,2021-08-04 23:38:00,2022-06-09 05:30:29,unknown
1455,user_1455@outlook.com,FR,2021-07-14 02:55:41,2.0,2022-02-06 15:27:27,76b044ee,+33,2021-07-14 02:55:41,2022-02-06 15:27:27,ok
1456,user_1456@yahoo.fr,IT,1618632968,0.0,2023-12-19 08:43:48,73dcc9ee,+39,2021-04-17 04:16:08,2023-12-19 08:43:48,ok
1457,user_1457@yahoo.fr,FR,2021-07-24 09:04:23,0.0,2022-06-05 05:08:07,,+33,2021-07-24 09:04:23,2022-06-05 05:08:07,ok
1458,user_1458@outlook.com,PT,2024-02-22 04:18:21,0.0,2026-04-02 07:08:02,47803975,+351,2024-02-22 04:18:21,2026-04-02 07:08:02,ok
1459,user_1459@hotmail.com,BE,1628304136,0.0,2024-05-06 17:01:12,,+32,2021-08-07 02:42:16,2024-05-06 17:01:12,ok
1460,user_1460@hotmail.com,AT,27/11/2021 13:43,3.0,2024-01-13 16:28:13,,+43,2021-11-27 13:43:00,2024-01-13 16:28:13,ok
1461,user_1461@yahoo.fr,FRA,2021-10-01 21:30:28,0.0,2022-05-23 11:13:41,89a261de,,2021-10-01 21:30:28,2022-05-23 11:13:41,unknown
1462,user_1462@outlook.com,FRANCE,2023-09-26T11:36:25Z,0.0,2024-06-19 02:03:00,,,2023-09-26 11:36:25,2024-06-19 02:03:00,unknown
1463,user_1463@yahoo.fr,,2022-02-18 15:29:40,3.0,2025-11-08 11:54:49,,+43,2022-02-18 15:29:40,2025-11-08 11:54:49,unknown
1464,user_1464@proton.me,CH,2020-05-11 04:56:27,2.0,2024-07-20 08:43:01,,+41,2020-05-11 04:56:27,2024-07-20 08:43:01,ok
1465,user_1465@hotmail.com,CH,2023-08-04 00:27:22,0.0,2025-09-13 05:59:26,93a6f65c,+41,2023-08-04 00:27:22,2025-09-13 05:59:26,ok
1466,user_1466@outlook.com,NL,2021-08-14 02:13:49,0.0,2023-02-25 17:28:52,,+31,2021-08-14 02:13:49,2023-02-25 17:28:52,ok
1467,user_1467@free.fr,BE,2024-09-30 20:18:35,4.0,2025-09-13 06:15:23,,+34,2024-09-30 20:18:35,2025-09-13 06:15:23,mismatch
1468,user_1468@hotmail.com,DE,2022-12-13 04:09:27,0.0,2025-05-13 07:46:30,1665383c,,2022-12-13 04:09:27,2025-05-13 07:46:30,unknown
1469,user_1469@yahoo.fr,,24/10/2024 14:51,4.0,2024-11-06 04:12:53,,+41,2024-10-24 14:51:00,2024-11-06 04:12:53,unknown
1470,user_1470@outlook.com,FRA,06/11/2023 18:04,0.0,2024-11-30 07:30:05,,,2023-06-11 18:04:00,2024-11-30 07:30:05,unknown
1471,user_1471@free.fr,CH,1605573171,0.0,2023-04-17 00:45:21,,+41,2020-11-17 00:32:51,2023-04-17 00:45:21,ok
1472,user_1472@hotmail.com,AT,2021-09-08 06:21:41,4.0,2023-09-09 06:10:42,371d795b,+43,2021-09-08 06:21:41,2023-09-09 06:10:42,ok
1473,user_1473@free.fr,FRA,2020-10-29 07:29:39,0.0,2026-01-19 00:27:30,583f2414,+43,2020-10-29 07:29:39,2026-01-19 00:27:30,country_not_mapped
1474,user_1474@proton.me,IT,2021-06-22T04:45:29Z,0.0,2022-07-29 12:02:49,,+34,2021-06-22 04:45:29,2022-07-29 12:02:49,mismatch
1475,user_1475@outlook.com,,08/03/2022 19:54,0.0,2023-10-02 13:20:04,,,2022-08-03 19:54:00,2023-10-02 13:20:04,unknown
1476,user_1476@gmail.com,ES,2024-01-18 17:12:24,0.0,2024-03-18 05:43:23,,+34,2024-01-18 17:12:24,2024-03-18 05:43:23,ok
1477,user_1477@hotmail.com,IT,2024-08-13T17:19:04Z,0.0,2025-06-15 02:36:01,c6d30426,+39,2024-08-13 17:19:04,2025-06-15 02:36:01,ok
1478,user_1478@yahoo.fr,ES,2025-01-23 17:38:23,2.0,2025-08-20 20:52:10,60667240,+31,2025-01-23 17:38:23,2025-08-20 20:52:10,mismatch
1479,user_1479@hotmail.com,ES,2021-10-01 18:02:17,1.0,2024-08-16 12:47:19,,+34,2021-10-01 18:02:17,2024-08-16 12:47:19,ok
1480,user_1480@free.fr,NL,20/01/2022 13:41,0.0,2023-07-07 21:46:11,,+31,2022-01-20 13:41:00,2023-07-07 21:46:11,ok
1481,user_1481@outlook.com,PT,2020-05-19 17:17:37,0.0,2019-12-06 17:17:37,,+351,2020-05-19 17:17:37,2019-12-06 17:17:37,ok
1482,user_1482@outlook.com,FRA,23/05/2022 02:17,0.0,2023-05-06 09:19:16,7dfb0cb8,+43,2022-05-23 02:17:00,2023-05-06 09:19:16,country_not_mapped
1483,user_1483@free.fr,NL,2021-07-26 01:29:21,0.0,2021-12-18 17:50:56,76a07990,+31,2021-07-26 01:29:21,2021-12-18 17:50:56,ok
1484,user_1484@yahoo.fr,DE,2021-01-29 01:28:07,3.0,2023-11-10 07:02:38,,+49,2021-01-29 01:28:07,2023-11-10 07:02:38,ok
1485,user_1485@hotmail.com,AT,2024-08-16 15:24:08,0.0,2024-10-31 06:39:27,,+43,2024-08-16 15:24:08,2024-10-31 06:39:27,ok
1486,user_1486@gmail.com,FR,2021-02-02 23:26:08,4.0,2023-07-03 17:08:49,,+33,2021-02-02 23:26:08,2023-07-03 17:08:49,ok
1487,user_1487@proton.me,FRANCE,2024-08-14T03:28:04Z,0.0,2024-02-11 03:28:04,,,2024-08-14 03:28:04,2024-02-11 03:28:04,unknown
1488,user_1488@yahoo.fr,,2023-02-16T04:20:33Z,0.0,2024-11-01 23:12:25,3e141516,,2023-02-16 04:20:33,2024-11-01 23:12:25,unknown
1489,user_1489@outlook.com,BE,2023-09-12 22:52:12,0.0,2025-08-11 15:52:17,,+32,2023-09-12 22:52:12,2025-08-11 15:52:17,ok
1490,user_1490@free.fr,FR,2022-07-17 17:30:44,0.0,2024-11-04 16:28:58,,+41,2022-07-17 17:30:44,2024-11-04 16:28:58,mismatch
1491,user_1491@gmail.com,DE,2021-04-05 11:14:42,-1.0,2023-11-07 15:31:14,,+49,2021-04-05 11:14:42,2023-11-07 15:31:14,ok
1492,user_1492@outlook.com,FRA,2020-07-12T04:59:13Z,2.0,2021-11-08 16:56:59,a3c3cbfa,,2020-07-12 04:59:13,2021-11-08 16:56:59,unknown
1493,user_1493@gmail.com,IT,2026-05-13 00:22:30,4.0,2023-12-03 08:27:05,,+39,2026-05-13 00:22:30,2023-12-03 08:27:05,ok
1494,user_1494@proton.me,CH,2021-01-06 20:05:00,0.0,2023-06-07 21:54:31,f2573794,+41,2021-01-06 20:05:00,2023-06-07 21:54:31,ok
1495,user_1495@free.fr,DE,19/01/2022 23:53,0.0,2023-11-08 05:10:34,a625e605,,2022-01-19 23:53:00,2023-11-08 05:10:34,unknown
1496,user_1496@gmail.com,CH,2021-08-04T01:17:06Z,0.0,2024-09-22 23:34:01,68d8c9ab,+39,2021-08-04 01:17:06,2024-09-22 23:34:01,mismatch
1497,user_1497@free.fr,FR,2025-04-28T13:49:35Z,4.0,2025-06-23 04:39:52,,+33,2025-04-28 13:49:35,2025-06-23 04:39:52,ok
1498,user_1498@yahoo.fr,FRANCE,2023-09-12 12:04:58,0.0,2024-10-24 02:42:17,,,2023-09-12 12:04:58,2024-10-24 02:42:17,unknown
1499,user_1499@outlook.com,AT,2024-01-16 19:52:22,2.0,2024-10-17 16:43:02,f9055627,+43,2024-01-16 19:52:22,2024-10-17 16:43:02,ok
1500,user_1500@gmail.com,CH,10/06/2020 13:49,0.0,2023-03-18 15:57:38,,+41,2020-10-06 13:49:00,2023-03-18 15:57:38,ok
1501,user_1501@yahoo.fr,FRANCE,2021-01-12 16:18:31,0.0,2024-05-16 02:53:57,,+39,2021-01-12 16:18:31,2024-05-16 02:53:57,country_not_mapped
1502,user_1502@gmail.com,NL,2024-12-18 19:02:24,-1.0,2026-03-16 06:38:29,6c38404a,+31,2024-12-18 19:02:24,2026-03-16 06:38:29,ok
1503,user_1503@proton.me,DE,2023-10-18 22:53:16,0.0,2025-03-09 20:38:33,cbb710b3,+49,2023-10-18 22:53:16,2025-03-09 20:38:33,ok
1504,user_1504@proton.me,BE,2025-01-28 13:21:42,0.0,2026-03-24 02:44:24,,+32,2025-01-28 13:21:42,2026-03-24 02:44:24,ok
1505,user_1505@gmail.com,FR,15/07/2021 22:54,0.0,2024-11-18 05:12:58,,,2021-07-15 22:54:00,2024-11-18 05:12:58,unknown
1506,user_1506@proton.me,ES,2021-02-25 21:17:48,4.0,2020-05-08 21:17:48,ff06bff7,,2021-02-25 21:17:48,2020-05-08 21:17:48,unknown
1507,user_1507@hotmail.com,FRANCE,2025-03-26 09:12:36,2.0,2025-09-24 08:02:56,,,2025-03-26 09:12:36,2025-09-24 08:02:56,unknown
1508,user_1508@gmail.com,DE,1722324014,0.0,2025-02-04 01:41:33,,,2024-07-30 07:20:14,2025-02-04 01:41:33,unknown
1509,user_1509@gmail.com,,2020-08-16T16:12:07Z,0.0,2025-04-15 04:30:48,,+41,2020-08-16 16:12:07,2025-04-15 04:30:48,unknown
1510,user_1510@free.fr,IT,2024-06-19T19:47:08Z,0.0,2025-09-04 17:14:50,,+39,2024-06-19 19:47:08,2025-09-04 17:14:50,ok
1511,user_1511@gmail.com,IT,1726630969,4.0,2025-07-21 10:51:05,56d8a753,+39,2024-09-18 03:42:49,2025-07-21 10:51:05,ok
1512,user_1512@yahoo.fr,IT,2021-02-04 03:28:58,0.0,2025-01-03 23:35:00,,+39,2021-02-04 03:28:58,2025-01-03 23:35:00,ok
1513,user_1513@gmail.com,BE,2021-08-03 08:13:08,0.0,2024-07-20 07:26:17,53e944b4,+351,2021-08-03 08:13:08,2024-07-20 07:26:17,mismatch
1514,user_1514@proton.me,AT,1709211398,0.0,2024-05-03 17:36:39,e2439b3b,+43,2024-02-29 12:56:38,2024-05-03 17:36:39,ok
1515,user_1515@free.fr,ES,2024-01-30T05:47:34Z,0.0,2025-10-28 07:51:29,d56f0cb9,+34,2024-01-30 05:47:34,2025-10-28 07:51:29,ok
1516,user_1516@gmail.com,AT,2020-07-09 00:38:45,0.0,2021-07-19 19:50:15,,+43,2020-07-09 00:38:45,2021-07-19 19:50:15,ok
1517,user_1517@yahoo.fr,PT,2021-12-26 03:38:58,0.0,2021-09-25 03:38:58,,+351,2021-12-26 03:38:58,2021-09-25 03:38:58,ok
1518,user_1518@outlook.com,ES,2024-08-05 16:01:56,0.0,2024-10-25 03:49:38,,+34,2024-08-05 16:01:56,2024-10-25 03:49:38,ok
1519,user_1519@outlook.com,ES,2023-01-12 12:08:42,0.0,2023-01-26 02:04:34,,+34,2023-01-12 12:08:42,2023-01-26 02:04:34,ok
1520,user_1520@gmail.com,DE,2023-04-14T09:09:40Z,1.0,2024-10-09 01:11:13,,,2023-04-14 09:09:40,2024-10-09 01:11:13,unknown
1521,user_1521@gmail.com,DE,1617435119,0.0,2026-03-21 01:22:48,,+31,2021-04-03 07:31:59,2026-03-21 01:22:48,mismatch
1522,user_1522@yahoo.fr,IT,2024-10-02 14:25:29,0.0,2025-07-14 10:01:59,7e3808a4,+39,2024-10-02 14:25:29,2025-07-14 10:01:59,ok
1523,user_1523@yahoo.fr,AT,2023-10-04 12:53:06,0.0,2024-04-12 18:51:53,9d1bc1cb,+43,2023-10-04 12:53:06,2024-04-12 18:51:53,ok
1524,user_1524@yahoo.fr,ES,2023-10-16 03:41:29,0.0,2023-11-19 22:05:34,,+34,2023-10-16 03:41:29,2023-11-19 22:05:34,ok
1525,user_1525@free.fr,ES,2021-07-06 17:57:25,0.0,2021-07-30 06:58:28,,+43,2021-07-06 17:57:25,2021-07-30 06:58:28,mismatch
1526,user_1526@outlook.com,FR,2024-12-18 14:49:22,0.0,2025-12-04 06:54:03,,+34,2024-12-18 14:49:22,2025-12-04 06:54:03,mismatch
1527,user_1527@gmail.com,ES,2022-04-04 14:21:44,0.0,2023-04-29 22:48:18,,+34,2022-04-04 14:21:44,2023-04-29 22:48:18,ok
1528,user_1528@gmail.com,DE,2024-07-15T12:15:54Z,0.0,2024-10-18 18:22:51,,,2024-07-15 12:15:54,2024-10-18 18:22:51,unknown
1529,user_1529@proton.me,FR,2020-12-05 13:26:46,0.0,2025-02-01 18:45:05,,+33,2020-12-05 13:26:46,2025-02-01 18:45:05,ok
1530,user_1530@free.fr,FR,2020-06-03 16:54:22,-1.0,2021-05-05 19:30:42,df55f8c3,+33,2020-06-03 16:54:22,2021-05-05 19:30:42,ok
1531,user_1531@proton.me,BE,2020-07-27 12:06:21,0.0,2023-01-07 10:27:34,066a01b5,+32,2020-07-27 12:06:21,2023-01-07 10:27:34,ok
1532,user_1532@hotmail.com,PT,2024-09-07 21:48:20,1.0,2025-10-23 02:43:09,,+351,2024-09-07 21:48:20,2025-10-23 02:43:09,ok
1533,user_1533@hotmail.com,,2021-11-13 12:20:34,0.0,2025-04-17 06:52:20,39e0bdcc,+34,2021-11-13 12:20:34,2025-04-17 06:52:20,unknown
1534,user_1534@outlook.com,PT,2024-03-15 18:49:13,0.0,2024-03-30 12:38:39,bddde36e,+43,2024-03-15 18:49:13,2024-03-30 12:38:39,mismatch
1535,user_1535@gmail.com,FR,2024-02-21 00:47:05,4.0,2024-09-01 03:53:51,,+33,2024-02-21 00:47:05,2024-09-01 03:53:51,ok
1536,user_1536@outlook.com,IT,2024-12-13T22:24:56Z,0.0,2025-07-11 07:18:30,f5500434,+39,2024-12-13 22:24:56,2025-07-11 07:18:30,ok
1537,user_1537@hotmail.com,,2022-09-11T16:48:59Z,3.0,2025-06-12 03:13:02,de561d00,,2022-09-11 16:48:59,2025-06-12 03:13:02,unknown
1538,user_1538@proton.me,FRANCE,2021-03-09 16:34:21,0.0,2024-09-17 17:37:10,c7a7b296,+32,2021-03-09 16:34:21,2024-09-17 17:37:10,country_not_mapped
1539,user_1539@outlook.com,PT,2022-04-11T06:15:02Z,3.0,2023-04-08 16:15:47,,+351,2022-04-11 06:15:02,2023-04-08 16:15:47,ok
1540,user_1540@gmail.com,FRANCE,2021-02-17 23:51:57,2.0,2024-12-04 21:06:18,,+39,2021-02-17 23:51:57,2024-12-04 21:06:18,country_not_mapped
1541,user_1541@proton.me,ES,2024-02-20 18:03:47,0.0,2024-05-09 22:45:53,,+32,2024-02-20 18:03:47,2024-05-09 22:45:53,mismatch
1542,user_1542@gmail.com,IT,2020-12-21T09:31:59Z,4.0,2025-08-12 23:25:42,,+39,2020-12-21 09:31:59,2025-08-12 23:25:42,ok
1543,user_1543@gmail.com,DE,1739978486,4.0,2026-02-03 01:29:57,,+49,2025-02-19 15:21:26,2026-02-03 01:29:57,ok
1544,user_1544@gmail.com,CH,26/06/2024 23:26,3.0,2024-07-20 16:40:17,,+41,2024-06-26 23:26:00,2024-07-20 16:40:17,ok
1545,user_1545@yahoo.fr,FR,1678597475,0.0,2025-05-31 00:38:40,,+33,2023-03-12 05:04:35,2025-05-31 00:38:40,ok
1546,user_1546@hotmail.com,NL,2022-05-16 05:46:23,0.0,2024-09-01 05:58:24,,+31,2022-05-16 05:46:23,2024-09-01 05:58:24,ok
1547,user_1547@free.fr,FRA,2025-03-25 17:08:56,0.0,2025-08-29 07:31:13,,,2025-03-25 17:08:56,2025-08-29 07:31:13,unknown
1548,user_1548@proton.me,ES,2025-04-07T19:54:49Z,0.0,2025-12-24 04:36:34,,+34,2025-04-07 19:54:49,2025-12-24 04:36:34,ok
1549,user_1549@outlook.com,IT,2020-08-03 10:09:45,0.0,2022-11-11 09:09:07,,+39,2020-08-03 10:09:45,2022-11-11 09:09:07,ok
1550,user_1550@free.fr,IT,2020-07-15 18:27:28,4.0,2024-09-28 16:16:24,,+39,2020-07-15 18:27:28,2024-09-28 16:16:24,ok
1551,user_1551@hotmail.com,FR,2023-05-17T12:00:08Z,0.0,2024-11-17 11:39:59,1a0ea34a,,2023-05-17 12:00:08,2024-11-17 11:39:59,unknown
1552,user_1552@hotmail.com,CH,2022-07-28 08:59:27,0.0,2026-02-14 15:16:33,,+41,2022-07-28 08:59:27,2026-02-14 15:16:33,ok
1553,user_1553@proton.me,NL,2020-09-18 04:51:01,0.0,2024-06-28 11:53:43,,+31,2020-09-18 04:51:01,2024-06-28 11:53:43,ok
1554,user_1554@yahoo.fr,FR,2023-08-16 08:36:07,0.0,2024-10-16 21:26:38,,+33,2023-08-16 08:36:07,2024-10-16 21:26:38,ok
1555,user_1555@hotmail.com,ES,2024-06-07 01:34:31,0.0,2024-12-01 02:54:34,,+34,2024-06-07 01:34:31,2024-12-01 02:54:34,ok
1556,user_1556@gmail.com,DE,2020-09-28 17:37:19,0.0,2024-05-10 21:32:20,,+49,2020-09-28 17:37:19,2024-05-10 21:32:20,ok
1557,user_1557@proton.me,FRA,1679052809,1.0,2026-01-07 14:10:38,64cdef60,+33,2023-03-17 11:33:29,2026-01-07 14:10:38,country_not_mapped
1558,user_1558@gmail.com,,2023-01-26 17:09:45,99.0,2023-11-12 13:22:57,,+34,2023-01-26 17:09:45,2023-11-12 13:22:57,unknown
1559,user_1559@hotmail.com,ES,2023-03-25T11:07:19Z,1.0,2024-05-30 23:14:50,,+34,2023-03-25 11:07:19,2024-05-30 23:14:50,ok
1560,user_1560@hotmail.com,PT,2022-06-29 01:06:07,2.0,2022-08-11 22:31:23,,+41,2022-06-29 01:06:07,2022-08-11 22:31:23,mismatch
1561,user_1561@proton.me,DE,2021-03-29 21:11:57,0.0,2023-06-11 14:39:44,db839079,,2021-03-29 21:11:57,2023-06-11 14:39:44,unknown
1562,user_1562@outlook.com,PT,1609031688,0.0,2023-04-19 13:38:56,,+351,2020-12-27 01:14:48,2023-04-19 13:38:56,ok
1563,user_1563@proton.me,FRA,2023-05-14T20:14:34Z,0.0,2024-06-29 13:08:42,,,2023-05-14 20:14:34,2024-06-29 13:08:42,unknown
1564,user_1564@hotmail.com,FR,29/11/2023 02:37,4.0,2025-03-27 04:30:11,7f1f8c73,+49,2023-11-29 02:37:00,2025-03-27 04:30:11,mismatch
1565,user_1565@free.fr,ES,2025-05-20T16:34:23Z,1.0,2025-07-12 00:41:56,,+34,2025-05-20 16:34:23,2025-07-12 00:41:56,ok
1566,user_1566@hotmail.com,DE,2020-07-17T05:17:53Z,0.0,2023-07-13 13:13:11,,+49,2020-07-17 05:17:53,2023-07-13 13:13:11,ok
1567,user_1567@yahoo.fr,PT,2023-07-10T20:49:00Z,0.0,2024-05-27 15:36:46,,+351,2023-07-10 20:49:00,2024-05-27 15:36:46,ok
1568,user_1568@gmail.com,FR,2023-05-22 11:00:54,0.0,2025-06-14 16:04:12,,+33,2023-05-22 11:00:54,2025-06-14 16:04:12,ok
1569,user_1569@free.fr,ES,29/08/2022 07:19,,2024-04-04 22:07:55,,+31,2022-08-29 07:19:00,2024-04-04 22:07:55,mismatch
1570,user_1570@outlook.com,NL,2023-11-14 23:54:02,0.0,2024-12-26 04:50:42,,+31,2023-11-14 23:54:02,2024-12-26 04:50:42,ok
1571,user_1571@yahoo.fr,IT,2022-10-15T13:01:22Z,0.0,2026-01-20 14:20:20,,+39,2022-10-15 13:01:22,2026-01-20 14:20:20,ok
1572,user_1572@free.fr,ES,2023-08-09 12:58:32,2.0,2025-03-23 19:23:36,,+34,2023-08-09 12:58:32,2025-03-23 19:23:36,ok
1573,user_1573@gmail.com,FRANCE,2023-02-12 03:56:47,4.0,2024-02-02 18:02:08,bc790379,,2023-02-12 03:56:47,2024-02-02 18:02:08,unknown
1574,user_1574@hotmail.com,BE,2023-10-22T07:33:45Z,1.0,2025-11-03 10:17:54,d43e9fe2,+32,2023-10-22 07:33:45,2025-11-03 10:17:54,ok
1575,user_1575@proton.me,ES,2020-12-12 18:23:54,4.0,2024-02-13 02:42:09,cd87067f,,2020-12-12 18:23:54,2024-02-13 02:42:09,unknown
1576,user_1576@hotmail.com,AT,1612105204,0.0,2025-02-14 02:38:52,5cd86303,+43,2021-01-31 15:00:04,2025-02-14 02:38:52,ok
1577,user_1577@free.fr,PT,12/04/2020 07:34,0.0,2022-08-09 02:37:56,e64e3bd6,+41,2020-12-04 07:34:00,2022-08-09 02:37:56,mismatch
1578,user_1578@hotmail.com,NL,2022-04-20 12:57:22,1.0,2023-04-10 23:31:13,,+41,2022-04-20 12:57:22,2023-04-10 23:31:13,mismatch
1579,user_1579@outlook.com,CH,2023-02-22 12:19:05,0.0,2025-11-05 19:38:17,3e141516,+41,2023-02-22 12:19:05,2025-11-05 19:38:17,ok
1580,user_1580@hotmail.com,BE,2022-06-12 17:58:50,0.0,2022-08-24 23:49:32,e4d7b020,+34,2022-06-12 17:58:50,2022-08-24 23:49:32,mismatch
1581,user_1581@hotmail.com,BE,2021-10-23T08:03:58Z,4.0,2023-02-14 07:21:15,,+32,2021-10-23 08:03:58,2023-02-14 07:21:15,ok
1582,user_1582@hotmail.com,DE,2020-11-19T16:07:34Z,0.0,2024-09-20 02:29:27,3b904218,,2020-11-19 16:07:34,2024-09-20 02:29:27,unknown
1583,user_1583@yahoo.fr,ES,2024-11-19 14:25:27,0.0,2026-01-12 04:10:22,4ac60119,,2024-11-19 14:25:27,2026-01-12 04:10:22,unknown
1584,user_1584@outlook.com,FRANCE,2022-04-07 05:01:46,0.0,2025-10-12 10:41:52,9d1bc1cb,,2022-04-07 05:01:46,2025-10-12 10:41:52,unknown
1585,user_1585@outlook.com,ES,2022-06-07 19:27:53,4.0,2025-02-01 08:40:43,,,2022-06-07 19:27:53,2025-02-01 08:40:43,unknown
1586,user_1586@hotmail.com,AT,2021-01-17 14:38:43,0.0,2025-06-04 17:37:27,,+43,2021-01-17 14:38:43,2025-06-04 17:37:27,ok
1587,user_1587@outlook.com,BE,2022-04-29 11:15:48,4.0,2023-05-29 15:43:58,,+32,2022-04-29 11:15:48,2023-05-29 15:43:58,ok
1588,user_1588@hotmail.com,FRANCE,2024-03-16 02:52:34,0.0,2025-06-27 07:16:29,,,2024-03-16 02:52:34,2025-06-27 07:16:29,unknown
1589,user_1589@gmail.com,ES,1669053981,0.0,2023-12-01 00:23:14,,+34,2022-11-21 18:06:21,2023-12-01 00:23:14,ok
1590,user_1590@proton.me,CH,2024-12-29 09:35:02,0.0,2026-03-24 08:08:26,834d2f8c,+41,2024-12-29 09:35:02,2026-03-24 08:08:26,ok
1591,user_1591@hotmail.com,FRA,2024-03-29 06:16:35,0.0,2024-06-18 13:10:14,,,2024-03-29 06:16:35,2024-06-18 13:10:14,unknown
1592,user_1592@yahoo.fr,,2023-05-29 18:39:36,0.0,2024-06-25 05:30:34,,+49,2023-05-29 18:39:36,2024-06-25 05:30:34,unknown
1593,user_1593@free.fr,CH,2021-06-12 23:29:20,99.0,2022-05-29 05:13:04,,+41,2021-06-12 23:29:20,2022-05-29 05:13:04,ok
1594,user_1594@free.fr,FR,2024-07-24 12:21:41,4.0,2025-08-28 06:45:55,df8610b9,,2024-07-24 12:21:41,2025-08-28 06:45:55,unknown
1595,user_1595@hotmail.com,AT,2020-04-20 13:44:05,1.0,2020-11-02 09:38:55,,+43,2020-04-20 13:44:05,2020-11-02 09:38:55,ok
1596,user_1596@gmail.com,FR,2024-11-28T23:34:44Z,1.0,2025-12-07 11:12:22,5f5b136b,+33,2024-11-28 23:34:44,2025-12-07 11:12:22,ok
1597,user_1597@free.fr,IT,2024-11-13 05:05:37,4.0,2025-06-25 23:12:38,,+39,2024-11-13 05:05:37,2025-06-25 23:12:38,ok
1598,user_1598@outlook.com,BE,1730749277,0.0,2026-03-18 02:23:08,3ba9853c,+32,2024-11-04 19:41:17,2026-03-18 02:23:08,ok
1599,user_1599@hotmail.com,,2020-04-22 12:16:54,3.0,2024-03-12 11:57:24,,,2020-04-22 12:16:54,2024-03-12 11:57:24,unknown
1600,user_1600@free.fr,FR,1700470673,0.0,2024-03-15 03:45:06,042d87f3,+33,2023-11-20 08:57:53,2024-03-15 03:45:06,ok
1601,user_1601@free.fr,DE,27/04/2023 13:24,4.0,2024-08-04 04:19:35,71813df7,+49,2023-04-27 13:24:00,2024-08-04 04:19:35,ok
1602,user_1602@proton.me,BE,2025-05-21 23:59:38,4.0,2026-04-04 15:47:34,,+32,2025-05-21 23:59:38,2026-04-04 15:47:34,ok
1603,user_1603@outlook.com,CH,2023-10-27 15:24:25,0.0,2025-08-09 14:35:59,920a557b,+39,2023-10-27 15:24:25,2025-08-09 14:35:59,mismatch
1604,user_1604@proton.me,,2024-10-03 12:31:02,0.0,2025-09-05 04:35:34,,,2024-10-03 12:31:02,2025-09-05 04:35:34,unknown
1605,user_1605@proton.me,PT,2020-10-12 17:00:59,0.0,2023-11-17 21:06:52,,+351,2020-10-12 17:00:59,2023-11-17 21:06:52,ok
1606,user_1606@gmail.com,ES,2022-03-06T13:10:37Z,0.0,2022-09-19 01:35:43,,+34,2022-03-06 13:10:37,2022-09-19 01:35:43,ok
1607,user_1607@outlook.com,DE,2024-12-01 23:07:00,0.0,2025-04-26 00:47:54,,+49,2024-12-01 23:07:00,2025-04-26 00:47:54,ok
1608,user_1608@proton.me,NL,2020-10-13 07:19:06,0.0,2024-09-14 12:53:22,47a07bb4,+31,2020-10-13 07:19:06,2024-09-14 12:53:22,ok
1609,user_1609@gmail.com,CH,2025-04-14T17:33:31Z,2.0,2025-06-25 12:44:54,,+41,2025-04-14 17:33:31,2025-06-25 12:44:54,ok
1610,user_1610@yahoo.fr,ES,2021-05-03 00:56:00,0.0,2025-01-15 20:14:45,01d853a7,+34,2021-05-03 00:56:00,2025-01-15 20:14:45,ok
1611,user_1611@outlook.com,,2022-05-31T06:09:26Z,1.0,2025-06-24 07:12:45,,,2022-05-31 06:09:26,2025-06-24 07:12:45,unknown
1612,user_1612@yahoo.fr,FR,2022-11-16 23:24:52,2.0,2024-09-22 21:46:35,,+33,2022-11-16 23:24:52,2024-09-22 21:46:35,ok
1613,user_1613@hotmail.com,IT,26/04/2020 02:47,0.0,2020-09-27 18:43:48,,+39,2020-04-26 02:47:00,2020-09-27 18:43:48,ok
1614,user_1614@hotmail.com,ES,27/04/2021 13:49,3.0,2023-09-09 16:16:11,,+34,2021-04-27 13:49:00,2023-09-09 16:16:11,ok
1615,user_1615@free.fr,,2020-08-29 11:25:21,0.0,2021-06-01 20:43:00,4f3b53f4,+41,2020-08-29 11:25:21,2021-06-01 20:43:00,unknown
1616,user_1616@gmail.com,DE,2023-05-04 07:27:22,0.0,2023-05-14 00:21:39,3855f5e4,+34,2023-05-04 07:27:22,2023-05-14 00:21:39,mismatch
1617,user_1617@free.fr,DE,2024-02-10 01:03:51,99.0,2024-07-28 16:36:26,,+49,2024-02-10 01:03:51,2024-07-28 16:36:26,ok
1618,user_1618@yahoo.fr,IT,2023-11-29 20:41:27,3.0,2024-02-20 13:37:33,,+43,2023-11-29 20:41:27,2024-02-20 13:37:33,mismatch
1619,user_1619@free.fr,DE,2022-05-06 16:29:05,1.0,2026-03-14 04:30:45,,+49,2022-05-06 16:29:05,2026-03-14 04:30:45,ok
1620,user_1620@hotmail.com,FR,2021-05-12 14:28:50,0.0,2026-03-10 17:22:35,,+43,2021-05-12 14:28:50,2026-03-10 17:22:35,mismatch
1621,user_1621@gmail.com,FR,2021-02-23 01:18:22,3.0,2024-08-30 12:06:21,,,2021-02-23 01:18:22,2024-08-30 12:06:21,unknown
1622,user_1622@free.fr,DE,2020-11-12 18:16:07,4.0,2022-09-06 04:54:34,,,2020-11-12 18:16:07,2022-09-06 04:54:34,unknown
1623,user_1623@hotmail.com,,1642554157,0.0,2024-12-17 12:52:11,,,2022-01-19 01:02:37,2024-12-17 12:52:11,unknown
1624,user_1624@yahoo.fr,PT,2022-03-22 17:35:24,4.0,2023-08-28 20:35:28,704dbfeb,+351,2022-03-22 17:35:24,2023-08-28 20:35:28,ok
1625,user_1625@outlook.com,,2022-01-10 12:00:55,1.0,2026-03-27 23:41:28,e2b79197,,2022-01-10 12:00:55,2026-03-27 23:41:28,unknown
1626,user_1626@proton.me,FR,2022-09-12 14:10:25,4.0,2024-06-04 02:55:52,,+33,2022-09-12 14:10:25,2024-06-04 02:55:52,ok
1627,user_70@proton.me,PT,2023-12-25 22:47:44,0.0,2025-05-30 05:30:40,,+351,2023-12-25 22:47:44,2025-05-30 05:30:40,ok
1628,user_1628@free.fr,FRANCE,2022-12-04 08:23:05,0.0,2023-05-19 18:51:30,1eb3f237,+41,2022-12-04 08:23:05,2023-05-19 18:51:30,country_not_mapped
1629,user_1629@free.fr,FR,2023-06-19T03:56:16Z,0.0,2023-11-13 08:38:59,,+33,2023-06-19 03:56:16,2023-11-13 08:38:59,ok
1630,user_1630@hotmail.com,FRANCE,02/09/2021 09:04,0.0,2023-02-06 22:14:40,0f6fa658,+33,2021-02-09 09:04:00,2023-02-06 22:14:40,country_not_mapped
1631,user_1631@outlook.com,DE,2020-11-12 22:02:13,0.0,2022-01-07 01:45:09,7ae76ee4,,2020-11-12 22:02:13,2022-01-07 01:45:09,unknown
1632,user_1632@outlook.com,IT,05/08/2020 17:58,0.0,2021-04-08 00:09:46,,+39,2020-05-08 17:58:00,2021-04-08 00:09:46,ok
1633,user_1633@proton.me,NL,2025-03-02 11:24:42,0.0,2025-09-20 03:15:34,,+31,2025-03-02 11:24:42,2025-09-20 03:15:34,ok
1634,user_1634@gmail.com,,2021-04-06T05:00:48Z,0.0,2025-03-16 20:39:45,,,2021-04-06 05:00:48,2025-03-16 20:39:45,unknown
1635,user_1635@hotmail.com,BE,2020-09-21T07:38:03Z,0.0,2021-02-17 21:32:54,3b544b9e,+32,2020-09-21 07:38:03,2021-02-17 21:32:54,ok
1636,user_1636@gmail.com,,2022-07-10 22:59:23,0.0,2024-01-02 21:11:32,bdd6abaa,,2022-07-10 22:59:23,2024-01-02 21:11:32,unknown
1637,user_1637@outlook.com,,17/12/2020 09:52,,2022-11-05 05:16:24,,+31,2020-12-17 09:52:00,2022-11-05 05:16:24,unknown
1638,user_1638@outlook.com,PT,2024-12-26 20:42:50,0.0,2025-09-17 07:29:24,,+351,2024-12-26 20:42:50,2025-09-17 07:29:24,ok
1639,user_1639@proton.me,FR,2023-07-19 20:53:05,0.0,2025-12-23 04:30:06,,+33,2023-07-19 20:53:05,2025-12-23 04:30:06,ok
1640,user_1640@free.fr,ES,1711596547,0.0,2025-04-21 05:56:30,d45fa9f6,+34,2024-03-28 03:29:07,2025-04-21 05:56:30,ok
1641,user_1641@hotmail.com,AT,2022-01-29T03:19:35Z,0.0,2022-03-02 00:02:21,a0593b84,+43,2022-01-29 03:19:35,2022-03-02 00:02:21,ok
1642,user_1642@yahoo.fr,,2021-12-21 06:23:00,0.0,2025-03-14 06:40:56,,,2021-12-21 06:23:00,2025-03-14 06:40:56,unknown
1643,user_1643@yahoo.fr,BE,2025-01-13 06:16:39,0.0,2024-12-27 06:16:39,,+32,2025-01-13 06:16:39,2024-12-27 06:16:39,ok
1644,user_1644@free.fr,DE,2020-07-23 03:27:03,0.0,2023-08-03 17:22:23,0db29b77,+351,2020-07-23 03:27:03,2023-08-03 17:22:23,mismatch
1645,user_1645@proton.me,,2026-12-15T02:54:39Z,2.0,2024-11-16 08:30:09,,,2026-12-15 02:54:39,2024-11-16 08:30:09,unknown
1646,user_1646@proton.me,AT,2024-12-12 20:28:08,2.0,2026-02-18 02:04:26,,+43,2024-12-12 20:28:08,2026-02-18 02:04:26,ok
1647,user_1647@yahoo.fr,ES,2022-10-25T08:54:30Z,0.0,2023-07-12 13:16:47,,+31,2022-10-25 08:54:30,2023-07-12 13:16:47,mismatch
1648,user_1648@outlook.com,AT,04/03/2023 23:30,0.0,2025-05-21 19:08:50,,+43,2023-04-03 23:30:00,2025-05-21 19:08:50,ok
1649,user_1649@proton.me,FR,2023-02-03 13:18:28,0.0,2023-10-13 08:55:56,,+33,2023-02-03 13:18:28,2023-10-13 08:55:56,ok
1650,user_750@proton.me,DE,2021-08-14 00:28:47,0.0,2022-03-11 19:31:15,d174bc2e,,2021-08-14 00:28:47,2022-03-11 19:31:15,unknown
1651,user_1651@proton.me,DE,17/12/2021 21:48,0.0,2025-02-13 21:31:06,,+49,2021-12-17 21:48:00,2025-02-13 21:31:06,ok
1652,user_1652@gmail.com,FRANCE,1608306447,0.0,2024-03-18 14:52:42,,,2020-12-18 15:47:27,2024-03-18 14:52:42,unknown
1653,user_1653@proton.me,PT,2025-04-20 04:06:00,0.0,2026-03-19 09:59:10,cff3ab65,+351,2025-04-20 04:06:00,2026-03-19 09:59:10,ok
1654,user_1654@proton.me,ES,2022-10-23T05:13:28Z,0.0,2023-01-14 04:52:58,,+34,2022-10-23 05:13:28,2023-01-14 04:52:58,ok
1655,user_1655@yahoo.fr,ES,2024-09-23 07:51:57,0.0,2024-12-31 07:54:28,,+34,2024-09-23 07:51:57,2024-12-31 07:54:28,ok
1656,user_1656@proton.me,FRANCE,2021-12-17 20:48:18,4.0,2023-01-30 23:30:35,,+33,2021-12-17 20:48:18,2023-01-30 23:30:35,country_not_mapped
1657,user_1657@free.fr,IT,2021-03-29 02:59:00,0.0,2021-05-08 15:44:46,,+39,2021-03-29 02:59:00,2021-05-08 15:44:46,ok
1658,user_1658@yahoo.fr,FRANCE,2023-11-24 15:15:17,0.0,2026-01-06 07:02:52,,+49,2023-11-24 15:15:17,2026-01-06 07:02:52,country_not_mapped
1659,user_1659@hotmail.com,BE,2023-09-20 11:01:18,4.0,2025-02-22 14:04:07,,+32,2023-09-20 11:01:18,2025-02-22 14:04:07,ok
1660,user_1660@hotmail.com,,2023-11-27T22:34:05Z,0.0,2025-11-06 17:42:28,,,2023-11-27 22:34:05,2025-11-06 17:42:28,unknown
1661,user_1661@free.fr,FRANCE,2025-04-02 14:08:24,0.0,2025-05-07 09:49:15,,,2025-04-02 14:08:24,2025-05-07 09:49:15,unknown
1662,user_1662@gmail.com,BE,1725529406,0.0,2025-02-21 20:42:11,,+32,2024-09-05 09:43:26,2025-02-21 20:42:11,ok
1663,user_1663@yahoo.fr,DE,2021-06-12 15:07:46,2.0,2022-02-19 18:50:51,,+49,2021-06-12 15:07:46,2022-02-19 18:50:51,ok
1664,user_1664@gmail.com,PT,2023-09-19 16:46:46,0.0,2025-05-22 14:26:03,,+351,2023-09-19 16:46:46,2025-05-22 14:26:03,ok
1665,user_1665@outlook.com,BE,2020-09-04 19:04:23,0.0,2023-04-04 19:03:26,,+32,2020-09-04 19:04:23,2023-04-04 19:03:26,ok
1666,user_1666@outlook.com,FR,2021-10-07T20:23:20Z,0.0,2023-09-06 00:42:23,,+33,2021-10-07 20:23:20,2023-09-06 00:42:23,ok
1667,user_1667@yahoo.fr,BE,2023-11-08 21:26:44,0.0,2024-05-09 09:05:14,,+32,2023-11-08 21:26:44,2024-05-09 09:05:14,ok
1668,user_1668@gmail.com,FRA,2022-11-21 22:47:28,1.0,2024-01-10 00:41:01,,,2022-11-21 22:47:28,2024-01-10 00:41:01,unknown
1669,user_1669@gmail.com,FRANCE,2025-03-20 20:41:20,1.0,2026-03-24 22:47:19,,,2025-03-20 20:41:20,2026-03-24 22:47:19,unknown
1670,user_1670@outlook.com,IT,2025-04-10 13:47:11,1.0,2025-11-18 06:54:02,,+39,2025-04-10 13:47:11,2025-11-18 06:54:02,ok
1671,user_1671@free.fr,FR,2024-02-01 01:39:35,4.0,2024-11-17 00:48:40,,+39,2024-02-01 01:39:35,2024-11-17 00:48:40,mismatch
1672,user_1672@outlook.com,ES,2020-10-27 22:25:20,1.0,2021-06-29 09:38:39,eadea559,,2020-10-27 22:25:20,2021-06-29 09:38:39,unknown
1673,user_1673@hotmail.com,PT,16/12/2024 09:40,0.0,2025-07-13 00:03:00,,+351,2024-12-16 09:40:00,2025-07-13 00:03:00,ok
1674,user_1674@yahoo.fr,PT,2023-01-07 08:57:29,0.0,2023-11-13 01:56:53,,+351,2023-01-07 08:57:29,2023-11-13 01:56:53,ok
1675,user_1675@gmail.com,PT,2024-06-10 02:43:16,-1.0,2025-04-03 01:27:15,,+351,2024-06-10 02:43:16,2025-04-03 01:27:15,ok
1676,user_1676@proton.me,,2020-03-25 14:30:30,0.0,2025-02-06 21:06:38,,+31,2020-03-25 14:30:30,2025-02-06 21:06:38,unknown
1677,user_1677@hotmail.com,ES,22/01/2025 16:32,0.0,2024-09-02 16:32:22,,+34,2025-01-22 16:32:00,2024-09-02 16:32:22,ok
1678,user_1678@gmail.com,,2021-03-04 16:11:15,0.0,2023-06-08 03:50:58,,+34,2021-03-04 16:11:15,2023-06-08 03:50:58,unknown
1679,user_1679@outlook.com,,2023-09-12T18:39:10Z,0.0,2024-03-11 12:16:08,c3547108,+33,2023-09-12 18:39:10,2024-03-11 12:16:08,unknown
1680,user_1680@free.fr,DE,2020-06-02 04:02:35,0.0,2024-12-17 17:44:35,,+41,2020-06-02 04:02:35,2024-12-17 17:44:35,mismatch
1681,user_1681@proton.me,BE,2023-12-18 15:27:19,4.0,2024-05-10 03:33:35,,+32,2023-12-18 15:27:19,2024-05-10 03:33:35,ok
1682,user_1682@outlook.com,ES,18/06/2024 11:45,0.0,2026-02-27 22:26:13,ca29ae53,,2024-06-18 11:45:00,2026-02-27 22:26:13,unknown
1683,user_1683@outlook.com,,2020-05-18 15:37:43,0.0,2026-04-06 01:40:43,1665383c,+39,2020-05-18 15:37:43,2026-04-06 01:40:43,unknown
1684,user_1684@outlook.com,,2021-10-27T18:42:10Z,0.0,2025-10-20 21:35:33,,+43,2021-10-27 18:42:10,2025-10-20 21:35:33,unknown
1685,user_1685@outlook.com,NL,2024-09-24T10:21:37Z,0.0,2024-11-12 06:33:43,f59cdcdd,+31,2024-09-24 10:21:37,2024-11-12 06:33:43,ok
1686,user_1686@hotmail.com,FRA,2020-09-21 03:53:07,0.0,2023-05-09 18:40:16,e23795b9,+39,2020-09-21 03:53:07,2023-05-09 18:40:16,country_not_mapped
1687,user_1687@free.fr,DE,2023-07-20 12:44:01,2.0,2025-10-19 10:30:41,,+49,2023-07-20 12:44:01,2025-10-19 10:30:41,ok
1688,user_1688@yahoo.fr,,2021-06-23T00:05:55Z,2.0,2025-11-18 16:14:45,,,2021-06-23 00:05:55,2025-11-18 16:14:45,unknown
1689,user_1689@proton.me,NL,02/02/2023 16:13,1.0,2023-08-20 05:42:41,21d519b4,+31,2023-02-02 16:13:00,2023-08-20 05:42:41,ok
1690,user_1690@yahoo.fr,,2023-12-06T09:39:10Z,1.0,2023-06-02 09:39:10,,,2023-12-06 09:39:10,2023-06-02 09:39:10,unknown
1691,user_1691@yahoo.fr,IT,2022-01-19 21:57:28,0.0,2025-05-18 11:45:46,,+39,2022-01-19 21:57:28,2025-05-18 11:45:46,ok
1692,user_1692@yahoo.fr,PT,2024-11-07T14:28:10Z,0.0,2025-10-30 04:59:16,e64a5849,+33,2024-11-07 14:28:10,2025-10-30 04:59:16,mismatch
1693,user_1693@gmail.com,NL,1714927889,0.0,2024-08-10 13:05:08,,+31,2024-05-05 16:51:29,2024-08-10 13:05:08,ok
1694,user_1694@hotmail.com,FRA,2021-09-20T04:53:39Z,-1.0,2022-06-25 16:58:44,,+351,2021-09-20 04:53:39,2022-06-25 16:58:44,country_not_mapped
1695,user_1695@outlook.com,ES,1711460823,0.0,2024-08-29 03:43:24,,+34,2024-03-26 13:47:03,2024-08-29 03:43:24,ok
1696,user_1696@gmail.com,DE,2021-07-15 09:47:55,0.0,2025-11-10 19:44:20,,,2021-07-15 09:47:55,2025-11-10 19:44:20,unknown
1697,user_1697@outlook.com,PT,2021-06-23 08:10:26,0.0,2023-01-16 10:04:58,,+351,2021-06-23 08:10:26,2023-01-16 10:04:58,ok
1698,user_1698@free.fr,DE,01/08/2020 04:44,0.0,2023-11-24 16:16:00,ff06bff7,,2020-01-08 04:44:00,2023-11-24 16:16:00,unknown
1699,user_1699@yahoo.fr,FR,2024-05-06 21:29:56,0.0,2024-12-07 02:24:19,,+33,2024-05-06 21:29:56,2024-12-07 02:24:19,ok
1700,user_1700@free.fr,DE,2022-12-02 12:07:27,0.0,2023-07-21 04:29:57,,+49,2022-12-02 12:07:27,2023-07-21 04:29:57,ok
1701,user_1701@hotmail.com,FRA,2022-02-11 05:16:08,3.0,2024-07-17 02:21:27,b0d85a74,+34,2022-02-11 05:16:08,2024-07-17 02:21:27,country_not_mapped
1702,user_1702@free.fr,BE,2020-09-26 01:42:50,0.0,2023-11-14 07:12:57,,+49,2020-09-26 01:42:50,2023-11-14 07:12:57,mismatch
1703,user_1703@yahoo.fr,FR,2025-01-24 06:58:13,0.0,2025-11-12 07:39:25,,+34,2025-01-24 06:58:13,2025-11-12 07:39:25,mismatch
1704,user_1704@yahoo.fr,FRA,2020-04-26T10:07:11Z,0.0,2022-06-23 09:28:04,,+32,2020-04-26 10:07:11,2022-06-23 09:28:04,country_not_mapped
1705,user_1705@free.fr,PT,2020-10-14T17:01:05Z,0.0,2022-07-03 15:13:26,,+41,2020-10-14 17:01:05,2022-07-03 15:13:26,mismatch
1706,user_1706@hotmail.com,AT,2024-03-14 10:14:26,0.0,2024-08-28 21:40:41,0f9fcb63,+43,2024-03-14 10:14:26,2024-08-28 21:40:41,ok
1707,user_1707@free.fr,FR,2020-05-27 23:34:15,-1.0,2024-04-27 08:09:35,,,2020-05-27 23:34:15,2024-04-27 08:09:35,unknown
1708,user_1708@proton.me,DE,2021-12-07 05:58:01,0.0,2024-07-23 13:19:55,,+49,2021-12-07 05:58:01,2024-07-23 13:19:55,ok
1709,user_1709@gmail.com,ES,2025-01-30 11:05:22,0.0,2025-10-17 13:32:25,,+34,2025-01-30 11:05:22,2025-10-17 13:32:25,ok
1710,user_1710@proton.me,FRA,19/05/2023 19:51,,2024-07-15 19:28:11,fafc26d8,+32,2023-05-19 19:51:00,2024-07-15 19:28:11,country_not_mapped
1711,user_1711@hotmail.com,AT,2022-10-17 14:38:26,0.0,2025-02-09 20:35:54,,+43,2022-10-17 14:38:26,2025-02-09 20:35:54,ok
1712,user_1712@hotmail.com,FRANCE,2021-11-16 10:29:05,4.0,2025-02-26 15:08:55,834d2f8c,+33,2021-11-16 10:29:05,2025-02-26 15:08:55,country_not_mapped
1713,user_1713@proton.me,PT,1741092590,-1.0,2025-12-29 10:38:46,,+351,2025-03-04 12:49:50,2025-12-29 10:38:46,ok
1714,user_1714@yahoo.fr,NL,2021-05-01T17:47:44Z,1.0,2026-03-05 12:36:28,39c0a797,+31,2021-05-01 17:47:44,2026-03-05 12:36:28,ok
1715,user_1715@hotmail.com,BE,2024-02-06 11:21:54,1.0,2025-11-09 20:42:42,,+32,2024-02-06 11:21:54,2025-11-09 20:42:42,ok
1716,user_1716@outlook.com,,2025-01-04T16:04:29Z,0.0,2025-09-22 04:22:07,,,2025-01-04 16:04:29,2025-09-22 04:22:07,unknown
1717,user_1717@free.fr,BE,2022-08-25T17:01:11Z,0.0,2025-10-26 12:54:01,,+32,2022-08-25 17:01:11,2025-10-26 12:54:01,ok
1718,user_1718@free.fr,ES,2022-03-30 21:48:55,0.0,2025-06-12 15:00:00,05c680f0,,2022-03-30 21:48:55,2025-06-12 15:00:00,unknown
1719,user_1719@gmail.com,FR,2024-12-09 01:49:46,0.0,2025-04-21 03:47:21,,,2024-12-09 01:49:46,2025-04-21 03:47:21,unknown
1720,user_1720@proton.me,FR,2024-09-12 12:40:41,2.0,2026-01-24 14:35:22,0071a77b,+33,2024-09-12 12:40:41,2026-01-24 14:35:22,ok
1721,user_1721@gmail.com,AT,21/08/2021 12:57,3.0,2022-08-14 06:40:25,,+43,2021-08-21 12:57:00,2022-08-14 06:40:25,ok
1722,user_1722@proton.me,ES,2023-04-26 05:45:55,0.0,2024-09-30 06:02:07,da469662,+34,2023-04-26 05:45:55,2024-09-30 06:02:07,ok
1723,user_1723@yahoo.fr,FR,2020-09-16 02:46:10,1.0,2021-12-21 02:54:38,6e8a30d7,,2020-09-16 02:46:10,2021-12-21 02:54:38,unknown
1724,user_1724@outlook.com,CH,2024-02-02 17:46:01,3.0,2025-07-04 12:46:46,,+41,2024-02-02 17:46:01,2025-07-04 12:46:46,ok
1725,user_1725@gmail.com,,2020-03-08 04:45:19,4.0,2024-11-27 16:41:00,,+31,2020-03-08 04:45:19,2024-11-27 16:41:00,unknown
1726,user_1726@gmail.com,IT,2023-07-16 00:49:11,0.0,2025-03-09 14:16:08,,+39,2023-07-16 00:49:11,2025-03-09 14:16:08,ok
1727,user_1727@free.fr,ES,2023-08-18 17:37:26,4.0,2024-04-19 12:18:31,ff0258f9,+39,2023-08-18 17:37:26,2024-04-19 12:18:31,mismatch
1728,user_1728@free.fr,FRA,2023-12-31 11:16:09,0.0,2025-10-07 05:08:14,2cfca0d1,,2023-12-31 11:16:09,2025-10-07 05:08:14,unknown
1729,user_1729@yahoo.fr,FR,2022-10-31 22:04:11,1.0,2025-11-09 00:57:35,,,2022-10-31 22:04:11,2025-11-09 00:57:35,unknown
1730,user_1730@gmail.com,AT,1713828203,4.0,2025-03-29 07:10:31,6e62c04e,+43,2024-04-22 23:23:23,2025-03-29 07:10:31,ok
1731,user_1731@proton.me,FR,2023-04-14 00:37:23,0.0,2023-06-25 22:21:45,,,2023-04-14 00:37:23,2023-06-25 22:21:45,unknown
1732,user_1732@proton.me,ES,2021-07-09 11:55:06,0.0,2023-03-19 16:13:17,,+34,2021-07-09 11:55:06,2023-03-19 16:13:17,ok
1733,user_1733@yahoo.fr,FR,2021-12-30 14:48:05,4.0,2023-09-26 16:48:11,,+33,2021-12-30 14:48:05,2023-09-26 16:48:11,ok
1734,user_1734@gmail.com,AT,2023-10-21 01:18:40,0.0,2025-09-28 21:11:37,,+43,2023-10-21 01:18:40,2025-09-28 21:11:37,ok
1735,user_1735@outlook.com,IT,24/08/2020 01:17,0.0,2022-02-14 06:55:05,,+39,2020-08-24 01:17:00,2022-02-14 06:55:05,ok
1736,user_1736@yahoo.fr,BE,1713919659,0.0,2024-09-03 13:31:04,d81a071e,+32,2024-04-24 00:47:39,2024-09-03 13:31:04,ok
1737,user_1737@yahoo.fr,ES,2020-04-20 21:47:35,0.0,2021-01-28 05:19:34,,+34,2020-04-20 21:47:35,2021-01-28 05:19:34,ok
1738,user_1738@proton.me,AT,1694042252,0.0,2024-10-13 05:24:20,,+43,2023-09-06 23:17:32,2024-10-13 05:24:20,ok
1739,user_1739@proton.me,,19/05/2022 04:34,0.0,2024-02-21 04:37:21,,,2022-05-19 04:34:00,2024-02-21 04:37:21,unknown
1740,user_1740@hotmail.com,FRA,2023-11-30 05:26:22,2.0,2024-07-26 14:11:16,,+31,2023-11-30 05:26:22,2024-07-26 14:11:16,country_not_mapped
1741,user_1741@outlook.com,FRANCE,2023-06-11 00:21:51,2.0,2025-02-12 09:18:51,,,2023-06-11 00:21:51,2025-02-12 09:18:51,unknown
1742,user_1742@gmail.com,ES,1704184381,2.0,2024-04-29 21:33:40,,+34,2024-01-02 08:33:01,2024-04-29 21:33:40,ok
1743,user_1743@free.fr,FR,11/02/2023 00:30,0.0,2026-01-15 08:26:15,,,2023-11-02 00:30:00,2026-01-15 08:26:15,unknown
1744,user_1744@free.fr,,2024-04-15 00:10:57,1.0,2024-11-27 07:18:13,,,2024-04-15 00:10:57,2024-11-27 07:18:13,unknown
1745,user_1745@gmail.com,AT,2021-09-05 15:45:49,1.0,2024-05-21 16:52:19,,+43,2021-09-05 15:45:49,2024-05-21 16:52:19,ok
1746,user_1746@gmail.com,NL,2024-11-27 06:24:43,0.0,2025-11-15 05:06:26,,+31,2024-11-27 06:24:43,2025-11-15 05:06:26,ok
1747,user_1106@yahoo.fr,ES,19/05/2022 21:11,4.0,2024-11-23 03:05:45,13ce66e1,+33,2022-05-19 21:11:00,2024-11-23 03:05:45,mismatch
1748,user_1748@hotmail.com,CH,03/10/2022 18:33,3.0,2022-02-07 18:33:31,430032f8,+41,2022-03-10 18:33:00,2022-02-07 18:33:31,ok
1749,user_1749@proton.me,DE,2024-06-24 16:57:41,0.0,2025-12-08 06:15:28,,,2024-06-24 16:57:41,2025-12-08 06:15:28,unknown
1750,user_1750@yahoo.fr,ES,2023-07-18 05:55:24,0.0,2025-05-11 18:48:27,28be70ed,+34,2023-07-18 05:55:24,2025-05-11 18:48:27,ok
1751,user_1751@proton.me,ES,2021-08-12 17:07:47,4.0,2022-12-22 20:56:04,4433b69d,+34,2021-08-12 17:07:47,2022-12-22 20:56:04,ok
1752,user_1752@outlook.com,DE,13/01/2025 07:57,0.0,2025-05-15 19:05:39,e2439b3b,+49,2025-01-13 07:57:00,2025-05-15 19:05:39,ok
1753,user_1753@yahoo.fr,AT,2025-02-09T20:40:40Z,0.0,2025-12-19 06:39:41,,+43,2025-02-09 20:40:40,2025-12-19 06:39:41,ok
1754,user_1754@gmail.com,NL,2021-09-10T21:13:36Z,0.0,2022-01-21 16:33:16,,+31,2021-09-10 21:13:36,2022-01-21 16:33:16,ok
1755,user_1755@gmail.com,FR,2021-01-27 08:11:52,0.0,2022-12-21 06:54:53,49b3e116,+33,2021-01-27 08:11:52,2022-12-21 06:54:53,ok
1756,user_1756@yahoo.fr,DE,2021-06-15T18:00:42Z,4.0,2022-04-04 22:05:36,8c7df212,,2021-06-15 18:00:42,2022-04-04 22:05:36,unknown
1757,user_1757@hotmail.com,BE,2024-10-14 09:48:49,0.0,2025-09-03 10:10:19,d530ac6e,+32,2024-10-14 09:48:49,2025-09-03 10:10:19,ok
1758,user_1758@free.fr,FR,2022-10-06 10:47:32,0.0,2025-12-14 15:40:29,,+33,2022-10-06 10:47:32,2025-12-14 15:40:29,ok
1759,user_1759@outlook.com,CH,2024-08-16T07:23:44Z,0.0,2025-08-24 11:28:30,,+41,2024-08-16 07:23:44,2025-08-24 11:28:30,ok
1760,user_1760@proton.me,PT,2022-10-22 14:20:49,1.0,2026-02-07 15:04:49,11e0f239,+351,2022-10-22 14:20:49,2026-02-07 15:04:49,ok
1761,user_1761@outlook.com,FRANCE,2020-10-20 08:08:20,0.0,2022-06-12 22:13:24,,+43,2020-10-20 08:08:20,2022-06-12 22:13:24,country_not_mapped
1762,user_1762@free.fr,ES,2024-07-05 20:52:45,2.0,2025-09-20 07:43:39,,,2024-07-05 20:52:45,2025-09-20 07:43:39,unknown
1763,user_1763@proton.me,FRANCE,2025-03-20T16:25:59Z,0.0,2026-04-04 00:32:07,,+39,2025-03-20 16:25:59,2026-04-04 00:32:07,country_not_mapped
1764,user_1764@free.fr,FRANCE,2023-11-03T03:34:57Z,0.0,2025-08-20 02:08:29,1684e81b,+351,2023-11-03 03:34:57,2025-08-20 02:08:29,country_not_mapped
1765,user_1765@free.fr,FR,2021-10-07 19:27:37,0.0,2022-08-03 04:40:11,bcec3d4f,+33,2021-10-07 19:27:37,2022-08-03 04:40:11,ok
1766,user_1766@proton.me,ES,2021-07-16 19:34:37,3.0,2025-02-04 06:41:05,,+34,2021-07-16 19:34:37,2025-02-04 06:41:05,ok
1767,user_1767@yahoo.fr,ES,2021-07-23T13:46:38Z,2.0,2025-06-13 15:08:45,,,2021-07-23 13:46:38,2025-06-13 15:08:45,unknown
1768,user_1768@hotmail.com,PT,2023-06-11 06:51:43,0.0,2024-04-22 22:48:55,,+351,2023-06-11 06:51:43,2024-04-22 22:48:55,ok
1769,user_153@yahoo.fr,IT,2023-08-03 11:51:49,0.0,2024-05-04 12:08:13,219d4068,+39,2023-08-03 11:51:49,2024-05-04 12:08:13,ok
1770,user_1770@gmail.com,FRA,2022-01-30 22:36:49,0.0,2025-02-17 14:26:35,0ac6d055,,2022-01-30 22:36:49,2025-02-17 14:26:35,unknown
1771,user_1771@free.fr,FRANCE,1724850008,0.0,2025-09-02 22:31:00,,+31,2024-08-28 13:00:08,2025-09-02 22:31:00,country_not_mapped
1772,user_1772@proton.me,CH,2025-02-11T05:09:11Z,0.0,2025-06-20 23:09:22,,+41,2025-02-11 05:09:11,2025-06-20 23:09:22,ok
1773,user_1773@proton.me,FRANCE,1702365775,0.0,2025-09-08 20:01:38,,,2023-12-12 07:22:55,2025-09-08 20:01:38,unknown
1774,user_1774@yahoo.fr,FRANCE,1663258460,0.0,2024-03-12 07:04:43,,+351,2022-09-15 16:14:20,2024-03-12 07:04:43,country_not_mapped
1775,user_1775@proton.me,ES,2024-09-14T15:58:39Z,2.0,2025-07-10 07:03:32,,,2024-09-14 15:58:39,2025-07-10 07:03:32,unknown
1776,user_1776@yahoo.fr,FR,2024-12-21 23:03:51,0.0,2025-04-27 04:25:34,,,2024-12-21 23:03:51,2025-04-27 04:25:34,unknown
1777,user_1777@free.fr,AT,2025-02-02T22:05:35Z,0.0,2025-02-20 09:03:14,,+43,2025-02-02 22:05:35,2025-02-20 09:03:14,ok
1778,user_1778@proton.me,FR,2025-01-17 15:34:26,0.0,2025-11-21 12:12:32,a508c4e2,+33,2025-01-17 15:34:26,2025-11-21 12:12:32,ok
1779,user_1779@proton.me,IT,2022-08-01T01:28:24Z,0.0,2024-04-22 04:23:06,,+39,2022-08-01 01:28:24,2024-04-22 04:23:06,ok
1780,user_1780@outlook.com,IT,2024-01-23 23:58:30,4.0,2026-04-09 05:13:59,,+39,2024-01-23 23:58:30,2026-04-09 05:13:59,ok
1781,user_1781@outlook.com,FR,2024-09-14 03:52:09,0.0,2024-10-05 20:58:35,,+33,2024-09-14 03:52:09,2024-10-05 20:58:35,ok
1782,user_1782@gmail.com,ES,1628896782,3.0,2022-08-16 09:59:50,,+34,2021-08-13 23:19:42,2022-08-16 09:59:50,ok
1783,user_1106@proton.me,ES,2020-04-26 04:00:25,0.0,2024-12-12 10:44:38,,,2020-04-26 04:00:25,2024-12-12 10:44:38,unknown
1784,user_1784@free.fr,ES,2020-07-06 20:17:33,0.0,2023-04-27 17:55:45,,,2020-07-06 20:17:33,2023-04-27 17:55:45,unknown
1785,user_1785@yahoo.fr,FR,1611471282,0.0,2025-10-09 10:21:07,0d7e64a5,+33,2021-01-24 06:54:42,2025-10-09 10:21:07,ok
1786,user_1786@proton.me,NL,2023-06-26 20:38:37,0.0,2025-03-14 08:38:52,76b7df67,+31,2023-06-26 20:38:37,2025-03-14 08:38:52,ok
1787,user_1787@outlook.com,PT,2023-11-22 16:08:46,0.0,2026-03-12 15:35:44,,+351,2023-11-22 16:08:46,2026-03-12 15:35:44,ok
1788,user_1788@free.fr,DE,2024-09-05 04:46:13,0.0,2025-09-06 21:25:42,,+39,2024-09-05 04:46:13,2025-09-06 21:25:42,mismatch
1789,user_1789@outlook.com,ES,22/06/2022 03:48,0.0,2023-09-24 09:33:29,,+34,2022-06-22 03:48:00,2023-09-24 09:33:29,ok
1790,user_1790@gmail.com,PT,2023-07-29T10:58:44Z,0.0,2025-03-01 19:06:26,,+351,2023-07-29 10:58:44,2025-03-01 19:06:26,ok
1791,user_1791@hotmail.com,DE,24/03/2024 02:54,0.0,2024-07-08 11:24:49,,+32,2024-03-24 02:54:00,2024-07-08 11:24:49,mismatch
1792,user_1792@outlook.com,AT,2023-11-26 17:13:25,0.0,2024-01-11 09:19:07,,+43,2023-11-26 17:13:25,2024-01-11 09:19:07,ok
1793,user_1793@yahoo.fr,CH,2023-11-18 22:33:18,0.0,2025-04-08 18:19:10,e00eca70,+41,2023-11-18 22:33:18,2025-04-08 18:19:10,ok
1794,user_1794@yahoo.fr,PT,2025-03-26 11:54:50,0.0,2025-04-17 09:11:43,,+351,2025-03-26 11:54:50,2025-04-17 09:11:43,ok
1795,user_1795@yahoo.fr,FRA,2022-03-06 19:13:01,2.0,2026-02-07 20:12:38,,,2022-03-06 19:13:01,2026-02-07 20:12:38,unknown
1796,user_1796@free.fr,NL,2023-02-10 13:17:21,0.0,2025-06-22 18:43:46,,+31,2023-02-10 13:17:21,2025-06-22 18:43:46,ok
1797,user_1797@proton.me,NL,2022-10-28T07:13:10Z,0.0,2023-04-03 19:48:10,,+31,2022-10-28 07:13:10,2023-04-03 19:48:10,ok
1798,user_1798@gmail.com,BE,2020-07-25 12:46:25,0.0,2023-08-28 04:21:28,,+32,2020-07-25 12:46:25,2023-08-28 04:21:28,ok
1799,user_1799@proton.me,FRANCE,2021-05-13T12:36:50Z,0.0,2023-11-24 00:31:39,,+32,2021-05-13 12:36:50,2023-11-24 00:31:39,country_not_mapped
1800,user_1800@outlook.com,ES,2025-01-08 06:31:05,0.0,2025-12-31 03:31:00,,+49,2025-01-08 06:31:05,2025-12-31 03:31:00,mismatch
1801,user_1801@gmail.com,FRANCE,2024-09-02T04:33:52Z,0.0,2025-02-18 08:09:06,bcf5752a,+41,2024-09-02 04:33:52,2025-02-18 08:09:06,country_not_mapped
1802,user_1802@yahoo.fr,AT,2021-08-26 23:06:10,0.0,2022-03-27 05:12:56,d6fdfea9,+43,2021-08-26 23:06:10,2022-03-27 05:12:56,ok
1803,user_1803@free.fr,IT,2023-12-14T02:18:22Z,0.0,2025-04-02 00:43:49,,+39,2023-12-14 02:18:22,2025-04-02 00:43:49,ok
1804,user_1804@free.fr,AT,2024-12-18 22:02:21,0.0,2025-03-12 07:44:46,,+43,2024-12-18 22:02:21,2025-03-12 07:44:46,ok
1805,user_1805@gmail.com,BE,2021-07-19T03:14:12Z,0.0,2024-12-05 02:16:33,0557454e,+32,2021-07-19 03:14:12,2024-12-05 02:16:33,ok
1806,user_1806@proton.me,FR,2023-01-25T20:44:03Z,0.0,2023-04-17 15:58:38,,+33,2023-01-25 20:44:03,2023-04-17 15:58:38,ok
1807,user_1807@free.fr,FRANCE,2024-09-06 15:58:53,3.0,2025-03-07 09:10:22,,+32,2024-09-06 15:58:53,2025-03-07 09:10:22,country_not_mapped
1808,user_1808@free.fr,CH,2021-08-11 19:07:12,0.0,2024-02-13 17:40:33,,+41,2021-08-11 19:07:12,2024-02-13 17:40:33,ok
1809,user_1809@proton.me,,2025-02-13T19:37:13Z,0.0,2025-11-28 18:11:44,,+41,2025-02-13 19:37:13,2025-11-28 18:11:44,unknown
1810,user_1810@proton.me,FR,2021-03-28 18:26:22,1.0,2025-08-25 02:38:15,,+33,2021-03-28 18:26:22,2025-08-25 02:38:15,ok
1811,user_1811@proton.me,IT,16/10/2020 20:15,0.0,2021-12-18 12:50:57,225e9ac1,+39,2020-10-16 20:15:00,2021-12-18 12:50:57,ok
1812,user_1812@outlook.com,DE,2022-05-26 03:44:40,2.0,2023-10-18 19:44:30,,,2022-05-26 03:44:40,2023-10-18 19:44:30,unknown
1813,user_1813@yahoo.fr,FRA,2021-01-20 15:17:10,0.0,2021-10-05 12:13:40,,,2021-01-20 15:17:10,2021-10-05 12:13:40,unknown
1814,user_1814@hotmail.com,ES,2025-01-30 03:55:10,0.0,2025-08-09 01:14:57,,+34,2025-01-30 03:55:10,2025-08-09 01:14:57,ok
1815,user_1815@gmail.com,NL,2021-01-22 08:40:09,0.0,2024-11-05 20:15:45,b566470d,+31,2021-01-22 08:40:09,2024-11-05 20:15:45,ok
1816,user_1816@gmail.com,DE,1667062832,0.0,2021-11-20 17:00:32,0db29b77,,2022-10-29 17:00:32,2021-11-20 17:00:32,unknown
1817,user_1817@proton.me,DE,1615732489,0.0,2026-02-05 03:53:26,,+49,2021-03-14 14:34:49,2026-02-05 03:53:26,ok
1818,user_1818@free.fr,PT,2022-11-05 03:13:17,0.0,2024-05-01 03:49:39,,+351,2022-11-05 03:13:17,2024-05-01 03:49:39,ok
1819,user_1819@gmail.com,,2021-03-18 04:48:29,0.0,2021-07-28 21:58:51,,,2021-03-18 04:48:29,2021-07-28 21:58:51,unknown
1820,user_1820@hotmail.com,ES,2024-09-05 12:58:58,0.0,2025-09-25 22:37:21,,+34,2024-09-05 12:58:58,2025-09-25 22:37:21,ok
1821,user_1821@proton.me,FR,2021-12-10T07:06:37Z,0.0,2024-12-11 17:50:14,,+33,2021-12-10 07:06:37,2024-12-11 17:50:14,ok
1822,user_1822@outlook.com,AT,2023-10-28 14:10:18,0.0,2024-03-16 22:34:24,,+43,2023-10-28 14:10:18,2024-03-16 22:34:24,ok
1823,user_1823@gmail.com,DE,2024-12-30 00:35:35,0.0,2025-05-23 10:43:02,,+49,2024-12-30 00:35:35,2025-05-23 10:43:02,ok
1824,user_1824@hotmail.com,FR,2022-03-16 14:31:06,0.0,2024-03-18 02:41:02,,+39,2022-03-16 14:31:06,2024-03-18 02:41:02,mismatch
1825,user_1825@hotmail.com,DE,2022-09-03 11:41:45,0.0,2023-06-05 14:03:31,b6e7bd0d,,2022-09-03 11:41:45,2023-06-05 14:03:31,unknown
1826,user_1826@outlook.com,CH,2022-11-30T13:13:04Z,4.0,2025-08-12 09:02:38,bf233151,+41,2022-11-30 13:13:04,2025-08-12 09:02:38,ok
1827,user_1827@yahoo.fr,FR,2024-10-25 01:03:23,0.0,2024-10-25 23:50:38,,+33,2024-10-25 01:03:23,2024-10-25 23:50:38,ok
1828,user_1828@outlook.com,AT,2022-05-28T00:51:23Z,0.0,2025-02-05 13:08:31,25bfb632,+43,2022-05-28 00:51:23,2025-02-05 13:08:31,ok
1829,user_1829@outlook.com,FRANCE,18/07/2020 12:15,0.0,2024-02-08 09:36:23,,+34,2020-07-18 12:15:00,2024-02-08 09:36:23,country_not_mapped
1830,user_1830@outlook.com,FR,2021-08-20T21:44:53Z,0.0,2025-12-08 22:12:56,,,2021-08-20 21:44:53,2025-12-08 22:12:56,unknown
1831,user_1831@outlook.com,CH,2022-03-07 17:39:20,3.0,2025-09-18 21:28:38,c34c9441,+41,2022-03-07 17:39:20,2025-09-18 21:28:38,ok
1832,user_1832@gmail.com,DE,2024-11-12T11:26:31Z,99.0,2026-01-21 09:40:43,,+39,2024-11-12 11:26:31,2026-01-21 09:40:43,mismatch
1833,user_1833@gmail.com,CH,2025-03-10 01:52:43,2.0,2026-04-05 10:49:22,,+41,2025-03-10 01:52:43,2026-04-05 10:49:22,ok
1834,user_26@proton.me,AT,2022-02-26 03:01:15,0.0,2023-01-25 06:15:40,,+43,2022-02-26 03:01:15,2023-01-25 06:15:40,ok
1835,user_1835@free.fr,ES,2023-02-18 15:16:34,0.0,2023-12-15 10:53:21,,,2023-02-18 15:16:34,2023-12-15 10:53:21,unknown
1836,user_1836@yahoo.fr,ES,01/07/2020 18:46,0.0,2022-09-23 16:22:24,,+33,2020-01-07 18:46:00,2022-09-23 16:22:24,mismatch
1837,user_1837@gmail.com,FR,2022-06-13 07:07:07,0.0,2025-09-02 17:59:13,9c8b3595,+33,2022-06-13 07:07:07,2025-09-02 17:59:13,ok
1838,user_1838@gmail.com,FR,2022-03-17T06:27:45Z,0.0,2025-10-12 10:58:02,,+33,2022-03-17 06:27:45,2025-10-12 10:58:02,ok
1839,user_1839@gmail.com,FR,2022-07-09 18:11:05,4.0,2024-10-31 19:27:28,bec77696,+34,2022-07-09 18:11:05,2024-10-31 19:27:28,mismatch
1840,user_1840@outlook.com,DE,2023-05-04 11:23:04,,2023-09-02 20:13:49,,+351,2023-05-04 11:23:04,2023-09-02 20:13:49,mismatch
1841,user_1841@proton.me,FR,2021-01-04 16:35:19,0.0,2021-12-05 20:52:31,,+33,2021-01-04 16:35:19,2021-12-05 20:52:31,ok
1842,user_1842@free.fr,FRA,07/06/2021 21:18,0.0,2026-01-29 17:36:04,,,2021-07-06 21:18:00,2026-01-29 17:36:04,unknown
1843,user_1843@hotmail.com,FRANCE,2022-03-05 14:40:09,4.0,2023-11-02 21:21:43,,+43,2022-03-05 14:40:09,2023-11-02 21:21:43,country_not_mapped
1844,user_1844@gmail.com,DE,2024-03-18 05:55:37,0.0,2025-07-01 02:21:48,e76e90ca,+49,2024-03-18 05:55:37,2025-07-01 02:21:48,ok
1845,user_1845@gmail.com,FRA,2020-12-03 23:45:27,1.0,2022-07-15 18:23:26,,+41,2020-12-03 23:45:27,2022-07-15 18:23:26,country_not_mapped
1846,user_1846@hotmail.com,AT,2024-03-08 08:39:13,0.0,2026-01-24 10:47:00,,+43,2024-03-08 08:39:13,2026-01-24 10:47:00,ok
1847,user_1847@gmail.com,AT,2022-07-16 20:11:11,0.0,2025-09-13 19:11:10,,+32,2022-07-16 20:11:11,2025-09-13 19:11:10,mismatch
1848,user_1848@yahoo.fr,ES,2022-10-08 22:20:13,0.0,2023-10-24 08:03:56,740dbcb1,,2022-10-08 22:20:13,2023-10-24 08:03:56,unknown
1849,user_1849@yahoo.fr,,2020-04-17T20:03:55Z,0.0,2021-07-09 10:45:28,,,2020-04-17 20:03:55,2021-07-09 10:45:28,unknown
1850,user_1850@hotmail.com,DE,15/02/2025 09:03,0.0,2025-09-14 07:59:56,,+31,2025-02-15 09:03:00,2025-09-14 07:59:56,mismatch
1851,user_1851@yahoo.fr,AT,2022-11-07T04:13:21Z,0.0,2023-04-02 18:43:01,,+43,2022-11-07 04:13:21,2023-04-02 18:43:01,ok
1852,user_1852@free.fr,NL,2021-04-21 03:01:52,4.0,2023-08-09 01:40:05,4d14105c,+31,2021-04-21 03:01:52,2023-08-09 01:40:05,ok
1853,user_1853@gmail.com,ES,2024-09-24 11:25:00,4.0,2025-12-20 02:17:04,920a557b,+34,2024-09-24 11:25:00,2025-12-20 02:17:04,ok
1854,user_1854@proton.me,FRA,2022-05-03 04:29:33,0.0,2024-05-16 05:46:10,4f8f7eb9,+33,2022-05-03 04:29:33,2024-05-16 05:46:10,country_not_mapped
1855,user_1855@free.fr,CH,1720237446,0.0,2026-02-08 01:51:43,715ff305,+41,2024-07-06 03:44:06,2026-02-08 01:51:43,ok
1856,user_1856@proton.me,FRANCE,2022-09-21 11:26:59,0.0,2022-11-28 05:25:35,,+34,2022-09-21 11:26:59,2022-11-28 05:25:35,country_not_mapped
1857,user_1857@outlook.com,CH,2021-11-04 05:45:22,99.0,2024-08-13 04:42:51,,+41,2021-11-04 05:45:22,2024-08-13 04:42:51,ok
1858,user_1858@outlook.com,PT,2025-01-17T14:49:28Z,0.0,2024-12-14 14:49:28,8c369858,+351,2025-01-17 14:49:28,2024-12-14 14:49:28,ok
1859,user_1859@outlook.com,FR,2021-06-05T00:20:32Z,0.0,2021-05-25 00:20:32,,+33,2021-06-05 00:20:32,2021-05-25 00:20:32,ok
1860,user_1860@hotmail.com,AT,2022-08-24 06:02:35,1.0,2021-12-02 06:02:35,,+43,2022-08-24 06:02:35,2021-12-02 06:02:35,ok
1861,user_1861@hotmail.com,DE,1786675260,0.0,2021-12-17 11:37:23,,,2026-08-14 02:41:00,2021-12-17 11:37:23,unknown
1862,user_1862@yahoo.fr,,2022-03-01T10:05:56Z,1.0,2022-10-03 03:18:48,,+33,2022-03-01 10:05:56,2022-10-03 03:18:48,unknown
1863,user_1863@free.fr,NL,1687228675,0.0,2023-07-03 22:41:09,,+31,2023-06-20 02:37:55,2023-07-03 22:41:09,ok
1864,user_1864@gmail.com,FR,2024-03-31 09:32:57,0.0,2024-10-17 19:15:51,eef306b8,+33,2024-03-31 09:32:57,2024-10-17 19:15:51,ok
1865,user_1865@gmail.com,,26/12/2020 16:31,4.0,2023-01-24 18:13:44,,+32,2020-12-26 16:31:00,2023-01-24 18:13:44,unknown
1866,user_1866@proton.me,DE,1671530972,0.0,2025-02-06 02:03:27,,+31,2022-12-20 10:09:32,2025-02-06 02:03:27,mismatch
1867,user_1867@outlook.com,PT,2021-11-23 02:34:37,2.0,2024-08-25 13:26:18,,+351,2021-11-23 02:34:37,2024-08-25 13:26:18,ok
1868,user_1868@hotmail.com,ES,2022-06-28 05:34:34,0.0,2026-02-28 05:07:48,,+34,2022-06-28 05:34:34,2026-02-28 05:07:48,ok
1869,user_1869@yahoo.fr,,2024-09-30 20:20:06,1.0,2024-12-10 23:55:22,7c11a725,,2024-09-30 20:20:06,2024-12-10 23:55:22,unknown
1870,user_1870@proton.me,,2021-05-12 06:13:01,0.0,2021-08-24 21:37:53,8f42841e,,2021-05-12 06:13:01,2021-08-24 21:37:53,unknown
1871,user_1871@yahoo.fr,NL,2023-08-31 18:03:50,0.0,2024-12-27 18:20:55,e0e20faa,+31,2023-08-31 18:03:50,2024-12-27 18:20:55,ok
1872,user_1872@free.fr,PT,2022-12-27T12:52:28Z,0.0,2023-06-12 00:56:29,,+351,2022-12-27 12:52:28,2023-06-12 00:56:29,ok
1873,user_1873@proton.me,ES,2021-02-19 11:56:31,0.0,2021-05-29 00:11:54,88b702a1,+34,2021-02-19 11:56:31,2021-05-29 00:11:54,ok
1874,user_1874@free.fr,,1590973124,1.0,2021-03-06 19:48:45,,+31,2020-06-01 00:58:44,2021-03-06 19:48:45,unknown
1875,user_1875@outlook.com,CH,2020-12-04 06:55:13,0.0,2021-12-27 22:33:50,,+41,2020-12-04 06:55:13,2021-12-27 22:33:50,ok
1876,user_1876@gmail.com,,2022-05-13 06:47:45,0.0,2023-09-10 01:06:27,,,2022-05-13 06:47:45,2023-09-10 01:06:27,unknown
1877,user_1877@gmail.com,DE,2022-09-18 14:07:13,3.0,2022-01-05 14:07:13,,+49,2022-09-18 14:07:13,2022-01-05 14:07:13,ok
1878,user_1878@outlook.com,IT,1666001621,3.0,2024-11-19 10:32:07,,+39,2022-10-17 10:13:41,2024-11-19 10:32:07,ok
1879,user_1879@free.fr,ES,2022-11-13T12:38:15Z,0.0,2026-02-01 06:30:33,dd793507,+34,2022-11-13 12:38:15,2026-02-01 06:30:33,ok
1880,user_1880@hotmail.com,ES,2023-06-17 16:38:23,4.0,2024-12-14 01:56:23,,+34,2023-06-17 16:38:23,2024-12-14 01:56:23,ok
1881,user_1881@outlook.com,DE,2023-08-23 00:04:59,0.0,2025-12-17 20:08:49,,,2023-08-23 00:04:59,2025-12-17 20:08:49,unknown
1882,user_1882@gmail.com,DE,2023-03-29 11:16:10,0.0,2023-04-21 20:10:40,03acae45,+39,2023-03-29 11:16:10,2023-04-21 20:10:40,mismatch
1883,user_1883@hotmail.com,,2022-10-12 16:17:00,0.0,2023-01-04 00:24:35,0cb9753f,,2022-10-12 16:17:00,2023-01-04 00:24:35,unknown
1884,user_1884@yahoo.fr,NL,2025-04-22T10:20:10Z,1.0,2024-09-29 10:20:10,9fe1f61b,+31,2025-04-22 10:20:10,2024-09-29 10:20:10,ok
1885,user_1885@proton.me,AT,2021-03-20 09:35:20,1.0,2022-01-28 10:18:46,6132ced0,+43,2021-03-20 09:35:20,2022-01-28 10:18:46,ok
1886,user_1886@outlook.com,CH,2022-01-30 03:06:46,1.0,2023-07-08 04:55:24,,+41,2022-01-30 03:06:46,2023-07-08 04:55:24,ok
1887,user_1887@hotmail.com,PT,2023-09-26T04:43:32Z,0.0,2026-01-07 03:35:03,b6a226eb,+351,2023-09-26 04:43:32,2026-01-07 03:35:03,ok
1888,user_1888@free.fr,BE,2023-04-27T20:58:55Z,0.0,2024-08-22 23:58:48,,+41,2023-04-27 20:58:55,2024-08-22 23:58:48,mismatch
1889,user_1889@yahoo.fr,AT,2023-10-08T23:04:41Z,3.0,2023-10-15 11:20:25,767a5244,+39,2023-10-08 23:04:41,2023-10-15 11:20:25,mismatch
1890,user_1890@proton.me,FR,1611215802,0.0,2026-02-11 22:05:22,dfbf1b42,,2021-01-21 07:56:42,2026-02-11 22:05:22,unknown
1891,user_1891@gmail.com,DE,2024-03-15T06:55:31Z,0.0,2025-12-06 23:46:32,,+49,2024-03-15 06:55:31,2025-12-06 23:46:32,ok
1892,user_1892@outlook.com,FRA,1687161343,2.0,2024-02-16 00:40:21,91d185b7,,2023-06-19 07:55:43,2024-02-16 00:40:21,unknown
1893,user_1893@gmail.com,FRA,2024-02-18 20:38:29,4.0,2025-07-13 09:51:11,,,2024-02-18 20:38:29,2025-07-13 09:51:11,unknown
1894,user_282@hotmail.com,CH,2020-05-10T07:41:58Z,4.0,2024-05-17 11:27:00,,+39,2020-05-10 07:41:58,2024-05-17 11:27:00,mismatch
1895,user_1895@gmail.com,PT,2024-02-22T20:45:05Z,4.0,2024-08-14 18:35:28,,+351,2024-02-22 20:45:05,2024-08-14 18:35:28,ok
1896,user_1896@hotmail.com,DE,2021-11-21 02:03:30,0.0,2025-02-26 17:53:03,,+49,2021-11-21 02:03:30,2025-02-26 17:53:03,ok
1897,user_1897@proton.me,FR,2020-03-22T16:01:38Z,2.0,2021-10-09 07:29:33,,+33,2020-03-22 16:01:38,2021-10-09 07:29:33,ok
1898,user_1898@free.fr,ES,2020-04-15T18:23:03Z,0.0,2021-09-25 01:21:32,,+49,2020-04-15 18:23:03,2021-09-25 01:21:32,mismatch
1899,user_1899@hotmail.com,FR,2023-06-27 20:55:57,0.0,2025-12-22 18:18:11,,+351,2023-06-27 20:55:57,2025-12-22 18:18:11,mismatch
1900,user_1900@proton.me,FRANCE,2023-12-05 17:59:56,0.0,2025-06-11 13:33:17,,,2023-12-05 17:59:56,2025-06-11 13:33:17,unknown
1901,user_1901@free.fr,DE,16/05/2021 07:05,0.0,2022-02-18 04:25:04,81eabf58,+49,2021-05-16 07:05:00,2022-02-18 04:25:04,ok
1902,user_1902@outlook.com,,2020-07-23 05:22:31,0.0,2026-01-28 21:44:57,fe8a9446,,2020-07-23 05:22:31,2026-01-28 21:44:57,unknown
1903,user_1903@proton.me,DE,2022-08-14 12:28:25,3.0,2024-12-03 05:20:03,,+49,2022-08-14 12:28:25,2024-12-03 05:20:03,ok
1904,user_1904@gmail.com,ES,18/04/2020 01:32,3.0,2022-12-27 01:30:20,,+34,2020-04-18 01:32:00,2022-12-27 01:30:20,ok
1905,user_1905@yahoo.fr,IT,19/06/2023 21:25,0.0,2024-09-13 15:17:45,,+39,2023-06-19 21:25:00,2024-09-13 15:17:45,ok
1906,user_1906@outlook.com,,2022-12-08 09:15:33,3.0,2023-01-03 21:53:52,,,2022-12-08 09:15:33,2023-01-03 21:53:52,unknown
1907,user_1907@yahoo.fr,CH,2023-10-10T19:59:29Z,0.0,2024-04-17 18:54:03,,+43,2023-10-10 19:59:29,2024-04-17 18:54:03,mismatch
1908,user_1908@yahoo.fr,IT,2024-05-09T16:49:51Z,2.0,2025-01-20 15:27:01,,+39,2024-05-09 16:49:51,2025-01-20 15:27:01,ok
1909,user_1909@hotmail.com,ES,2020-07-20 17:15:34,3.0,2026-04-06 19:56:47,,+34,2020-07-20 17:15:34,2026-04-06 19:56:47,ok
1910,user_1910@hotmail.com,AT,2023-04-23 23:09:37,0.0,2024-07-02 05:09:43,99576986,+43,2023-04-23 23:09:37,2024-07-02 05:09:43,ok
1911,user_1911@hotmail.com,CH,2023-06-07T21:33:06Z,1.0,2024-07-21 08:19:08,b00b3c14,+41,2023-06-07 21:33:06,2024-07-21 08:19:08,ok
1912,user_1912@hotmail.com,BE,2024-09-02T21:21:08Z,2.0,2024-09-15 06:36:08,,+32,2024-09-02 21:21:08,2024-09-15 06:36:08,ok
1913,user_1913@outlook.com,BE,2020-08-02 18:08:35,0.0,2021-12-19 01:33:47,,+32,2020-08-02 18:08:35,2021-12-19 01:33:47,ok
1914,user_1914@hotmail.com,PT,2024-07-21 18:14:42,,2025-03-11 23:26:53,,+351,2024-07-21 18:14:42,2025-03-11 23:26:53,ok
1915,user_1915@yahoo.fr,FRANCE,27/09/2020 00:27,4.0,2022-06-30 16:14:35,,+41,2020-09-27 00:27:00,2022-06-30 16:14:35,country_not_mapped
1916,user_1916@proton.me,FR,2023-10-31T19:23:21Z,3.0,2025-12-22 15:59:44,,+33,2023-10-31 19:23:21,2025-12-22 15:59:44,ok
1917,user_1917@yahoo.fr,FR,2023-07-06T04:51:40Z,1.0,2026-01-09 18:56:05,,+41,2023-07-06 04:51:40,2026-01-09 18:56:05,mismatch
1918,user_1918@yahoo.fr,FR,2025-04-20 12:19:12,0.0,2026-02-14 07:54:29,,,2025-04-20 12:19:12,2026-02-14 07:54:29,unknown
1919,user_1919@free.fr,FRANCE,2020-03-28 10:45:11,0.0,2022-11-29 20:28:04,,+31,2020-03-28 10:45:11,2022-11-29 20:28:04,country_not_mapped
1920,user_1920@gmail.com,FR,2023-02-03 14:01:43,0.0,2024-03-05 05:35:57,bc790379,,2023-02-03 14:01:43,2024-03-05 05:35:57,unknown
1921,user_1921@yahoo.fr,FR,2021-04-09 15:14:34,1.0,2025-02-22 15:26:04,f108883c,+33,2021-04-09 15:14:34,2025-02-22 15:26:04,ok
1922,user_1922@hotmail.com,DE,2024-05-01 16:11:16,0.0,2025-03-28 12:01:50,,+49,2024-05-01 16:11:16,2025-03-28 12:01:50,ok
1923,user_1923@proton.me,CH,2022-06-12 06:48:15,0.0,2026-01-02 18:00:27,,+34,2022-06-12 06:48:15,2026-01-02 18:00:27,mismatch
1924,user_1824@outlook.com,PT,1633266671,4.0,2022-01-03 11:25:32,6c25805f,+351,2021-10-03 13:11:11,2022-01-03 11:25:32,ok
1925,user_1925@gmail.com,AT,05/09/2020 02:56,0.0,2020-05-17 02:56:12,456e99bb,+43,2020-05-09 02:56:00,2020-05-17 02:56:12,ok
1926,user_1926@gmail.com,BE,2020-07-01 05:13:43,1.0,2023-05-31 02:54:38,5d2188f1,+32,2020-07-01 05:13:43,2023-05-31 02:54:38,ok
1927,user_456@proton.me,DE,1613389562,0.0,2024-11-15 07:01:01,6c25805f,+33,2021-02-15 11:46:02,2024-11-15 07:01:01,mismatch
1928,user_1928@proton.me,ES,2021-06-29 12:36:56,0.0,2024-06-20 07:09:00,,+34,2021-06-29 12:36:56,2024-06-20 07:09:00,ok
1929,user_1929@gmail.com,ES,2024-05-11 11:51:16,0.0,2024-09-28 10:41:49,aed56344,+34,2024-05-11 11:51:16,2024-09-28 10:41:49,ok
1930,user_1930@free.fr,PT,2020-09-01T20:37:04Z,3.0,2021-09-26 14:00:03,cb546a0c,+351,2020-09-01 20:37:04,2021-09-26 14:00:03,ok
1931,user_1931@free.fr,FRA,2025-03-02 04:49:00,0.0,2026-03-17 05:08:04,,+33,2025-03-02 04:49:00,2026-03-17 05:08:04,country_not_mapped
1932,user_1932@hotmail.com,ES,2023-09-22 20:13:31,,2025-10-31 01:11:29,,,2023-09-22 20:13:31,2025-10-31 01:11:29,unknown
1933,user_1933@gmail.com,,2021-08-16T15:09:20Z,0.0,2022-01-07 23:16:31,,+41,2021-08-16 15:09:20,2022-01-07 23:16:31,unknown
1934,user_1934@yahoo.fr,,1736679245,0.0,2025-02-08 07:47:41,,+49,2025-01-12 10:54:05,2025-02-08 07:47:41,unknown
1935,user_1935@free.fr,DE,05/07/2020 13:34,2.0,2021-10-26 21:58:35,,,2020-05-07 13:34:00,2021-10-26 21:58:35,unknown
1936,user_1936@free.fr,,30/07/2022 08:42,2.0,2023-12-22 18:20:28,,+39,2022-07-30 08:42:00,2023-12-22 18:20:28,unknown
1937,user_1937@yahoo.fr,BE,2021-10-23 14:55:20,0.0,2023-11-25 16:25:41,96bd1b90,+32,2021-10-23 14:55:20,2023-11-25 16:25:41,ok
1938,user_1938@yahoo.fr,ES,2024-09-28 15:27:53,0.0,2026-02-11 17:10:37,,+31,2024-09-28 15:27:53,2026-02-11 17:10:37,mismatch
1939,user_1939@proton.me,FR,1743664454,0.0,2025-09-02 20:36:06,,+43,2025-04-03 07:14:14,2025-09-02 20:36:06,mismatch
1940,user_1940@outlook.com,ES,2024-01-28 12:06:33,0.0,2025-05-22 12:05:29,b0509c4a,+34,2024-01-28 12:06:33,2025-05-22 12:05:29,ok
1941,user_1941@gmail.com,FR,2023-01-27 05:44:59,99.0,2025-09-19 16:35:26,,+351,2023-01-27 05:44:59,2025-09-19 16:35:26,mismatch
1942,user_1942@outlook.com,AT,2021-04-03T00:29:13Z,3.0,2024-11-08 22:49:39,81274a1f,+43,2021-04-03 00:29:13,2024-11-08 22:49:39,ok
1943,user_1943@hotmail.com,DE,2020-05-18 22:19:18,0.0,2025-08-29 17:19:56,,,2020-05-18 22:19:18,2025-08-29 17:19:56,unknown
1944,user_1944@outlook.com,FR,2022-06-13T10:45:12Z,4.0,2023-10-16 09:54:20,,+33,2022-06-13 10:45:12,2023-10-16 09:54:20,ok
1945,user_1945@free.fr,DE,2022-11-13 08:31:01,0.0,2023-04-08 12:20:24,,,2022-11-13 08:31:01,2023-04-08 12:20:24,unknown
1946,user_1946@hotmail.com,FRA,2023-12-03 01:19:13,4.0,2025-12-25 15:41:53,,,2023-12-03 01:19:13,2025-12-25 15:41:53,unknown
1947,user_1947@yahoo.fr,FRANCE,2021-06-20T08:46:18Z,0.0,2022-04-06 14:59:37,,+34,2021-06-20 08:46:18,2022-04-06 14:59:37,country_not_mapped
1948,user_1948@hotmail.com,AT,2020-03-24 01:32:53,2.0,2022-10-19 22:24:41,,+43,2020-03-24 01:32:53,2022-10-19 22:24:41,ok
1949,user_1949@outlook.com,ES,2021-08-11 15:42:56,0.0,2025-04-08 14:43:06,,,2021-08-11 15:42:56,2025-04-08 14:43:06,unknown
1950,user_1950@outlook.com,FRA,2022-07-03T04:47:51Z,4.0,2022-09-30 06:13:00,,,2022-07-03 04:47:51,2022-09-30 06:13:00,unknown
1951,user_1951@hotmail.com,ES,2022-11-22 04:34:38,0.0,2025-11-12 18:44:11,,+34,2022-11-22 04:34:38,2025-11-12 18:44:11,ok
1952,user_1952@yahoo.fr,ES,05/08/2021 19:59,0.0,2024-09-04 19:26:20,,+34,2021-05-08 19:59:00,2024-09-04 19:26:20,ok
1953,user_1953@gmail.com,DE,2021-08-19 06:59:47,4.0,2023-03-12 14:44:11,,+32,2021-08-19 06:59:47,2023-03-12 14:44:11,mismatch
1954,user_1954@yahoo.fr,FR,20/12/2023 11:17,0.0,2024-09-12 19:46:34,,,2023-12-20 11:17:00,2024-09-12 19:46:34,unknown
1955,user_1955@outlook.com,FR,2022-04-03 07:31:02,0.0,2026-03-05 16:20:08,,+43,2022-04-03 07:31:02,2026-03-05 16:20:08,mismatch
1956,user_1956@gmail.com,BE,02/07/2020 12:31,0.0,2021-08-24 00:32:45,,+32,2020-02-07 12:31:00,2021-08-24 00:32:45,ok
1957,user_1957@outlook.com,FRA,2021-09-27T02:55:03Z,0.0,2022-04-22 12:24:17,,,2021-09-27 02:55:03,2022-04-22 12:24:17,unknown
1958,user_1958@proton.me,FR,2022-04-03 02:01:58,2.0,2023-10-31 00:03:19,,+33,2022-04-03 02:01:58,2023-10-31 00:03:19,ok
1959,user_1959@proton.me,ES,2020-07-24T07:56:20Z,-1.0,2024-02-18 19:51:57,8f513a23,+34,2020-07-24 07:56:20,2024-02-18 19:51:57,ok
1960,user_1960@yahoo.fr,PT,2020-08-18T13:06:40Z,-1.0,2024-08-30 05:14:01,b5349ebd,+351,2020-08-18 13:06:40,2024-08-30 05:14:01,ok
1961,user_1961@hotmail.com,FRA,2022-06-22 03:19:42,0.0,2024-04-10 06:29:24,,,2022-06-22 03:19:42,2024-04-10 06:29:24,unknown
1962,user_1962@proton.me,BE,2021-02-20 06:07:52,0.0,2021-03-30 21:02:21,bfd2e933,+32,2021-02-20 06:07:52,2021-03-30 21:02:21,ok
1963,user_1963@yahoo.fr,AT,2022-08-11 20:52:18,4.0,2023-02-08 13:00:23,,+43,2022-08-11 20:52:18,2023-02-08 13:00:23,ok
1964,user_1964@yahoo.fr,DE,2020-06-07 07:42:08,3.0,2024-01-09 09:32:43,0bf19511,+31,2020-06-07 07:42:08,2024-01-09 09:32:43,mismatch
1965,user_1965@gmail.com,DE,2021-01-05 23:00:38,0.0,2025-05-14 10:27:07,4262e65d,+49,2021-01-05 23:00:38,2025-05-14 10:27:07,ok
1966,user_1966@outlook.com,DE,2024-12-05T23:36:47Z,0.0,2025-05-25 05:39:38,,+39,2024-12-05 23:36:47,2025-05-25 05:39:38,mismatch
1967,user_1967@outlook.com,AT,1717502442,0.0,2026-03-06 10:53:43,,+43,2024-06-04 12:00:42,2026-03-06 10:53:43,ok
1968,user_1968@yahoo.fr,PT,2022-01-30 06:37:54,3.0,2023-09-10 06:08:47,,+351,2022-01-30 06:37:54,2023-09-10 06:08:47,ok
1969,user_1969@gmail.com,FR,2022-06-06 02:49:59,0.0,2022-09-12 07:49:06,,,2022-06-06 02:49:59,2022-09-12 07:49:06,unknown
1970,user_1970@outlook.com,IT,2021-08-24 18:47:44,0.0,2021-08-07 18:47:44,17ceb172,+39,2021-08-24 18:47:44,2021-08-07 18:47:44,ok
1971,user_1971@free.fr,FRA,2020-08-03 01:37:49,0.0,2023-03-07 19:33:03,,+39,2020-08-03 01:37:49,2023-03-07 19:33:03,country_not_mapped
1972,user_1972@hotmail.com,DE,2024-01-19 23:06:22,0.0,2024-04-08 13:04:27,,+49,2024-01-19 23:06:22,2024-04-08 13:04:27,ok
1973,user_1973@hotmail.com,DE,2023-09-08 13:04:28,0.0,2025-09-03 13:17:17,989723d7,,2023-09-08 13:04:28,2025-09-03 13:17:17,unknown
1974,user_1974@free.fr,FR,31/07/2024 22:16,3.0,2025-05-17 11:09:48,,,2024-07-31 22:16:00,2025-05-17 11:09:48,unknown
1975,user_1975@outlook.com,NL,2021-02-05 17:56:13,2.0,2021-03-12 05:05:20,c956a027,+31,2021-02-05 17:56:13,2021-03-12 05:05:20,ok
1976,user_1976@gmail.com,IT,2023-10-23 00:10:05,0.0,2023-12-13 16:25:18,46752c22,+39,2023-10-23 00:10:05,2023-12-13 16:25:18,ok
1977,user_1977@hotmail.com,FRANCE,16/12/2021 12:34,3.0,2022-02-23 15:53:46,,+43,2021-12-16 12:34:00,2022-02-23 15:53:46,country_not_mapped
1978,user_1978@proton.me,FR,2025-01-19 07:58:15,2.0,2025-08-25 18:05:30,692fb413,+33,2025-01-19 07:58:15,2025-08-25 18:05:30,ok
1979,user_1979@yahoo.fr,FR,2020-07-24 01:31:15,0.0,2023-11-09 02:03:09,,,2020-07-24 01:31:15,2023-11-09 02:03:09,unknown
1980,user_1980@hotmail.com,FR,2024-06-12 23:42:52,0.0,2026-01-21 03:26:12,850f6980,+33,2024-06-12 23:42:52,2026-01-21 03:26:12,ok
1981,user_1981@gmail.com,BE,2021-05-06 20:30:37,1.0,2022-05-08 07:22:05,,+32,2021-05-06 20:30:37,2022-05-08 07:22:05,ok
1982,user_1982@yahoo.fr,ES,2023-12-06T16:12:44Z,0.0,2024-01-21 20:58:58,,+34,2023-12-06 16:12:44,2024-01-21 20:58:58,ok
1983,user_1983@proton.me,FR,2020-04-16T01:48:27Z,0.0,2024-04-29 12:03:19,,,2020-04-16 01:48:27,2024-04-29 12:03:19,unknown
1984,user_1984@yahoo.fr,PT,1625900210,0.0,2025-09-11 08:06:58,cd070e62,+351,2021-07-10 06:56:50,2025-09-11 08:06:58,ok
1985,user_1985@outlook.com,FR,2020-03-19 21:02:41,0.0,2024-10-03 15:01:35,,,2020-03-19 21:02:41,2024-10-03 15:01:35,unknown
1986,user_1986@yahoo.fr,NL,1645946768,0.0,2025-12-01 23:39:22,c3edf3cc,+31,2022-02-27 07:26:08,2025-12-01 23:39:22,ok
1987,user_1987@proton.me,ES,2023-12-27 23:40:29,,2024-02-07 14:15:23,,+34,2023-12-27 23:40:29,2024-02-07 14:15:23,ok
1988,user_1988@outlook.com,IT,2024-09-04 05:05:30,-1.0,2025-01-08 08:33:37,61f1db70,+39,2024-09-04 05:05:30,2025-01-08 08:33:37,ok
1989,user_1989@gmail.com,PT,21/10/2020 02:06,1.0,2019-12-01 02:06:25,,+351,2020-10-21 02:06:00,2019-12-01 02:06:25,ok
1990,user_1990@proton.me,FR,2021-02-17T20:50:02Z,4.0,2024-01-21 19:55:58,,+34,2021-02-17 20:50:02,2024-01-21 19:55:58,mismatch
1991,user_1991@yahoo.fr,AT,2024-07-05 15:05:12,0.0,2024-09-15 23:35:45,bf222611,+43,2024-07-05 15:05:12,2024-09-15 23:35:45,ok
1992,user_1992@free.fr,CH,2020-07-27T21:28:47Z,0.0,2022-04-21 10:02:00,,+41,2020-07-27 21:28:47,2022-04-21 10:02:00,ok
1993,user_1993@hotmail.com,CH,29/08/2024 14:08,0.0,2025-01-05 05:13:58,,+41,2024-08-29 14:08:00,2025-01-05 05:13:58,ok
1994,user_1994@hotmail.com,ES,2020-06-02T19:10:59Z,3.0,2026-01-14 22:37:45,fdaa362d,+34,2020-06-02 19:10:59,2026-01-14 22:37:45,ok
1995,user_1995@hotmail.com,,2020-10-20 19:56:21,0.0,2024-05-14 10:59:38,,+43,2020-10-20 19:56:21,2024-05-14 10:59:38,unknown
1996,user_1996@proton.me,FR,2023-08-14T20:19:47Z,0.0,2025-04-14 15:54:36,9cf10ee7,+33,2023-08-14 20:19:47,2025-04-14 15:54:36,ok
1997,user_1997@outlook.com,BE,2023-09-30 20:51:22,1.0,2024-07-29 04:45:12,f2932fa4,+32,2023-09-30 20:51:22,2024-07-29 04:45:12,ok
1998,user_1998@yahoo.fr,FR,2024-04-14 10:53:17,0.0,2026-03-14 11:55:21,93171b6c,+33,2024-04-14 10:53:17,2026-03-14 11:55:21,ok
1999,user_1999@yahoo.fr,IT,2025-03-28 18:59:47,0.0,2025-04-05 00:03:24,,+39,2025-03-28 18:59:47,2025-04-05 00:03:24,ok
2000,user_2000@free.fr,DE,2020-08-30 16:21:14,0.0,2022-10-16 04:09:23,,,2020-08-30 16:21:14,2022-10-16 04:09:23,unknown
9999,admin@internal-test.local,FR,2020-01-01 00:00:00,0.0,2025-06-01 00:00:00,,+33,2020-01-01 00:00:00,2025-06-01 00:00:00,ok
