id,reporter_id,target_id,subscription_id,type,status,created_at,resolved_at,resolution,type_clean,self_complaint,is_dupe_complaint
1012,1574,1166,342,access_denied,open,2025-05-11 21:55:02,,,access_denied,False,False
657,936,1264,58,owner_unresponsive,resolved,2025-05-11 15:33:39,2025-05-04 15:33:39,subscriber_replaced,owner_unresponsive,False,False
887,1155,1203,256,fraud_suspicion,closed,2025-05-10 05:15:49,2025-05-10 07:29:35,subscriber_replaced,fraud_suspicion,False,False
595,1323,380,351,access_denied,resolved,2025-05-08 19:06:41,2025-04-22 19:06:41,subscriber_replaced,access_denied,False,False
513,1336,60,248,fraud_suspicion,open,2025-05-08 06:56:26,,,fraud_suspicion,False,False
128,538,813,380,wrong_credentials,resolved,2025-05-07 18:00:04,2025-05-26 07:20:36,account_banned,wrong_credentials,False,False
19,716,429,114,access_denied,resolved,2025-05-06 06:23:38,2025-05-22 03:51:34,,access_denied,False,False
860,228,1692,131,access_denied,resolved,2025-05-05 23:42:19,2025-05-21 16:50:29,account_banned,access_denied,False,False
1045,125,1101,292,other,open,2025-05-05 06:55:57,,,other,False,False
553,927,927,195,accès refusé,resolved,2025-05-04 05:31:11,2025-05-23 05:32:32,account_banned,access_denied,True,False
684,1456,105,41,access_denied,escalated,2025-05-01 15:42:24,,,access_denied,False,False
811,1131,885,240,fraud_suspicion,escalated,2025-04-30 18:18:42,,,fraud_suspicion,False,False
764,1256,1805,136,wrong_credentials,open,2025-04-30 07:49:47,,,wrong_credentials,False,False
305,77,481,207,billing_issue,closed,2025-04-26 11:32:45,2025-05-23 13:13:07,refunded,billing_issue,False,False
1159,1989,760,316,fraud_suspicion,open,2025-04-25 15:13:16,,,fraud_suspicion,False,False
10,1480,266,163,owner_unresponsive,escalated,2025-04-24 17:49:55,,,owner_unresponsive,False,False
186,1609,860,243,subscription_inactive,in_progress,2025-04-22 19:48:10,,,subscription_inactive,False,False
202,1133,639,17,wrong_credentials,resolved,2025-04-22 18:35:44,2025-05-06 19:44:35,owner_warned,wrong_credentials,False,False
1002,1272,667,50,subscription_inactive,in_progress,2025-04-21 01:51:00,,,subscription_inactive,False,False
987,595,1363,294,fraud_suspicion,resolved,2025-04-20 16:54:55,2025-05-26 07:21:36,owner_warned,fraud_suspicion,False,False
1155,1151,1151,1,access_denied,open,2025-04-19 23:31:54,,,access_denied,True,False
1185,1328,682,26,accès refusé,in_progress,2025-04-19 20:28:32,,,access_denied,False,False
751,1556,918,151,subscription_inactive,resolved,2025-04-19 02:01:30,2025-05-19 16:40:21,,subscription_inactive,False,False
804,1928,581,67,other,resolved,2025-04-16 04:32:22,2025-04-26 18:29:56,account_banned,other,False,False
79,1040,1791,162,subscription_inactive,open,2025-04-16 00:47:07,,,subscription_inactive,False,False
359,882,22,4,other,open,2025-04-12 11:27:04,,,other,False,False
44,1758,1539,180,billing_issue,in_progress,2025-04-11 05:06:53,,,billing_issue,False,False
1049,866,204,64,wrong_credentials,closed,2025-04-10 07:06:41,2025-04-03 07:06:41,refunded,wrong_credentials,False,False
944,472,1515,53,access_denied,resolved,2025-04-08 20:55:42,2025-04-13 07:18:05,,access_denied,False,False
1013,188,420,235,wrong_credentials,open,2025-04-07 14:37:21,,,wrong_credentials,False,False
442,1301,323,385,wrong_credentials,open,2025-04-06 12:18:57,,,wrong_credentials,False,False
1175,139,1582,148,access_denied,in_progress,2025-04-06 11:31:33,,,access_denied,False,False
397,1302,594,352,access_denied,resolved,2025-03-27 19:35:05,2025-04-03 19:51:22,owner_warned,access_denied,False,False
682,922,1866,164,owner_unresponsive,closed,2025-03-27 10:57:33,2025-04-03 06:08:51,,owner_unresponsive,False,False
433,976,157,167,fraud_suspicion,open,2025-03-27 07:03:42,,,fraud_suspicion,False,False
948,849,629,324,billing_issue,closed,2025-03-26 14:22:58,2025-04-11 00:02:24,no_action,billing_issue,False,False
532,695,1969,141,subscription_inactive,open,2025-03-25 16:24:48,,,subscription_inactive,False,False
196,308,1154,384,subscription_inactive,escalated,2025-03-22 04:21:02,,,subscription_inactive,False,False
861,225,897,119,subscription_inactive,in_progress,2025-03-20 00:56:19,,,subscription_inactive,False,False
1033,294,1307,303,subscription_inactive,open,2025-03-19 04:13:54,,,subscription_inactive,False,False
934,1160,1923,154,access_denied,resolved,2025-03-17 11:44:18,2025-05-14 05:10:55,owner_warned,access_denied,False,False
1161,1132,274,91,billing_issue,closed,2025-03-15 10:14:26,2025-04-23 18:08:56,no_action,billing_issue,False,False
1041,1972,578,275,other,escalated,2025-03-13 21:29:31,,,other,False,False
1154,1160,183,379,wrong_credentials,resolved,2025-03-10 03:17:58,2025-03-21 22:39:14,refunded,wrong_credentials,False,False
646,1344,545,191,fraud_suspicion,closed,2025-03-09 13:18:12,2025-05-03 01:35:27,subscriber_replaced,fraud_suspicion,False,False
912,499,1585,272,accès refusé,in_progress,2025-03-07 13:20:03,,,access_denied,False,False
423,487,1669,166,other,escalated,2025-03-07 02:43:50,,,other,False,False
984,510,501,315,owner_unresponsive,open,2025-03-06 07:58:30,,,owner_unresponsive,False,False
213,1761,486,396,access_denied,open,2025-03-05 14:46:19,,,access_denied,False,False
349,1256,795,474,fraud_suspicion,resolved,2025-03-04 09:15:13,2025-03-15 01:55:22,,fraud_suspicion,False,False
741,568,966,385,owner_unresponsive,escalated,2025-03-04 07:19:03,,,owner_unresponsive,False,False
472,1,230,400,wrong_credentials,resolved,2025-03-03 15:04:17,2025-05-16 00:34:46,account_banned,wrong_credentials,False,False
663,1073,681,351,access_denied,escalated,2025-03-03 04:44:13,,,access_denied,False,False
929,595,913,326,accès refusé,resolved,2025-03-02 13:27:19,2025-05-25 15:14:34,subscriber_replaced,access_denied,False,False
152,1507,289,50,billing_issue,open,2025-02-28 02:54:01,,,billing_issue,False,False
1145,1917,1733,350,subscription_inactive,closed,2025-02-26 16:57:31,2025-05-20 16:12:55,no_action,subscription_inactive,False,False
124,942,1800,96,other,open,2025-02-25 19:02:09,,,other,False,False
312,1766,1257,56,other,escalated,2025-02-25 15:34:08,,,other,False,False
1031,325,527,100,subscription_inactive,open,2025-02-25 13:19:36,,,subscription_inactive,False,False
445,447,802,45,access_denied,open,2025-02-24 01:32:04,,,access_denied,False,False
1073,372,435,245,access_denied,in_progress,2025-02-24 01:23:09,,,access_denied,False,False
877,976,412,167,other,resolved,2025-02-23 05:26:05,2025-04-06 06:07:07,subscriber_replaced,other,False,False
176,460,1249,302,other,open,2025-02-22 18:35:24,,,other,False,False
402,1787,1503,266,access_denied,in_progress,2025-02-22 13:43:23,,,access_denied,False,False
885,1065,1624,258,access_denied,resolved,2025-02-20 18:11:33,2025-04-19 06:28:18,no_action,access_denied,False,False
1044,1787,712,266,billing_issue,open,2025-02-17 10:18:25,,,billing_issue,False,False
807,1450,398,185,subscription_inactive,resolved,2025-02-16 18:54:37,2025-03-31 08:32:31,,subscription_inactive,False,False
1137,1788,1490,215,wrong_credentials,open,2025-02-16 12:45:39,,,wrong_credentials,False,False
1055,741,154,388,fraud_suspicion,open,2025-02-11 18:30:51,,,fraud_suspicion,False,False
382,1242,357,262,other,open,2025-02-10 11:32:06,,,other,False,False
163,1400,282,305,billing_issue,escalated,2025-02-08 20:38:09,,,billing_issue,False,False
703,1132,687,91,other,in_progress,2025-02-06 12:51:58,,,other,False,False
89,1210,809,142,other,resolved,2025-02-06 05:08:34,2025-04-27 06:04:35,no_action,other,False,False
831,1290,786,223,accès refusé,open,2025-02-05 07:42:54,,,access_denied,False,False
1111,555,181,385,billing_issue,closed,2025-02-04 07:48:10,2025-04-19 17:42:44,account_banned,billing_issue,False,False
945,1397,1332,234,billing_issue,closed,2025-02-03 04:36:02,2025-01-04 04:36:02,refunded,billing_issue,False,False
897,478,636,210,billing_issue,escalated,2025-02-02 19:56:09,,,billing_issue,False,False
380,344,1031,355,wrong_credentials,in_progress,2025-01-29 22:42:47,,,wrong_credentials,False,False
419,1431,1926,280,owner_unresponsive,resolved,2025-01-27 10:46:23,2025-03-12 02:03:26,no_action,owner_unresponsive,False,False
958,981,304,280,billing_issue,escalated,2025-01-27 04:16:27,,,billing_issue,False,False
31,483,1237,230,wrong_credentials,open,2025-01-26 20:16:02,,,wrong_credentials,False,False
258,1087,915,244,other,resolved,2025-01-26 07:18:24,2025-02-10 20:54:10,no_action,other,False,False
931,1256,1238,474,wrong_credentials,resolved,2025-01-25 22:29:28,2025-01-29 20:16:19,no_action,wrong_credentials,False,False
1067,231,465,324,subscription_inactive,escalated,2025-01-25 14:59:31,,,subscription_inactive,False,False
847,100,769,64,other,in_progress,2025-01-25 11:02:25,,,other,False,False
630,1057,1997,264,other,escalated,2025-01-21 22:39:58,,,other,False,False
263,324,466,361,billing_issue,in_progress,2025-01-21 10:26:14,,,billing_issue,False,False
179,1399,1892,60,subscription_inactive,open,2025-01-20 22:36:06,,,subscription_inactive,False,False
728,1058,1026,58,access_denied,escalated,2025-01-20 04:19:52,,,access_denied,False,False
762,1649,1573,126,owner_unresponsive,escalated,2025-01-19 08:46:23,,,owner_unresponsive,False,False
624,1144,640,370,access_denied,open,2025-01-19 05:53:23,,,access_denied,False,False
1198,1019,559,382,wrong_credentials,open,2025-01-18 17:23:51,,,wrong_credentials,False,False
1054,1722,1199,172,fraud_suspicion,escalated,2025-01-15 12:43:10,,,fraud_suspicion,False,False
533,1287,398,221,subscription_inactive,closed,2025-01-11 14:03:19,2025-02-04 10:32:24,owner_warned,subscription_inactive,False,False
686,1722,1767,172,access_denied,open,2025-01-11 12:11:11,,,access_denied,False,False
104,65,1195,192,owner_unresponsive,resolved,2025-01-10 23:34:25,2025-03-09 04:40:22,,owner_unresponsive,False,False
739,1691,1285,316,wrong_credentials,open,2025-01-10 16:23:24,,,wrong_credentials,False,False
245,65,45,201,other,open,2025-01-09 09:51:46,2025-05-21 21:30:31,,other,False,False
952,620,930,155,billing_issue,open,2025-01-04 03:39:10,,,billing_issue,False,False
127,1639,563,450,owner_unresponsive,in_progress,2025-01-02 20:19:20,,,owner_unresponsive,False,False
853,852,1751,261,owner_unresponsive,open,2024-12-31 15:52:54,,,owner_unresponsive,False,False
18,584,54,356,subscription_inactive,resolved,2024-12-31 13:08:23,2025-03-03 23:13:08,subscriber_replaced,subscription_inactive,False,False
471,1307,767,290,access_denied,closed,2024-12-30 09:05:33,2025-04-15 13:55:01,no_action,access_denied,False,False
967,768,1316,104,wrong_credentials,open,2024-12-30 07:12:46,,,wrong_credentials,False,False
819,755,1906,290,accès refusé,in_progress,2024-12-28 18:11:37,,,access_denied,False,False
235,1728,359,124,other,escalated,2024-12-28 04:10:16,,,other,False,False
973,18,426,47,owner_unresponsive,closed,2024-12-25 22:07:42,2025-02-18 07:12:24,subscriber_replaced,owner_unresponsive,False,False
342,1203,1931,145,accès refusé,resolved,2024-12-25 11:43:36,2025-03-14 02:08:05,,access_denied,False,False
439,1155,966,256,accès refusé,in_progress,2024-12-23 06:50:30,,,access_denied,False,False
965,945,695,317,access_denied,resolved,2024-12-22 15:09:38,2025-05-06 07:43:37,owner_warned,access_denied,False,False
24,1632,1933,126,other,open,2024-12-21 01:05:28,,,other,False,False
683,1053,1732,302,subscription_inactive,open,2024-12-20 06:23:50,,,subscription_inactive,False,False
400,385,680,215,owner_unresponsive,open,2024-12-17 15:18:33,,,owner_unresponsive,False,False
1014,57,1555,238,accès refusé,open,2024-12-16 15:55:21,,,access_denied,False,False
144,472,526,53,fraud_suspicion,resolved,2024-12-16 00:01:11,2025-04-10 17:37:04,no_action,fraud_suspicion,False,False
374,1973,51,48,accès refusé,in_progress,2024-12-15 07:29:02,,,access_denied,False,False
562,471,1669,269,other,escalated,2024-12-13 18:19:07,,,other,False,False
676,767,610,211,fraud_suspicion,open,2024-12-13 07:55:41,,,fraud_suspicion,False,False
1034,1431,1481,280,wrong_credentials,in_progress,2024-12-13 05:18:40,,,wrong_credentials,False,False
1172,386,464,9,access_denied,closed,2024-12-10 22:19:59,2025-05-18 03:12:37,,access_denied,False,False
1058,1173,864,204,owner_unresponsive,escalated,2024-12-09 12:17:34,,,owner_unresponsive,False,False
1089,1334,1074,73,fraud_suspicion,resolved,2024-12-08 04:22:55,2024-12-23 06:27:53,,fraud_suspicion,False,False
525,554,1539,53,wrong_credentials,escalated,2024-12-07 22:57:28,,,wrong_credentials,False,False
301,595,646,326,access_denied,resolved,2024-12-04 02:34:22,2025-01-10 09:30:53,no_action,access_denied,False,False
1047,1323,1781,351,other,in_progress,2024-12-02 01:23:24,,,other,False,False
240,478,415,350,access_denied,open,2024-11-29 05:26:49,,,access_denied,False,False
414,49,49,217,subscription_inactive,open,2024-11-28 17:50:47,,,subscription_inactive,True,False
524,1574,10,342,subscription_inactive,resolved,2024-11-25 01:55:08,2025-04-16 18:38:55,no_action,subscription_inactive,False,False
928,621,1741,110,owner_unresponsive,in_progress,2024-11-24 01:44:11,,,owner_unresponsive,False,False
665,228,1788,131,owner_unresponsive,open,2024-11-23 07:30:55,,,owner_unresponsive,False,False
629,1830,891,188,access_denied,resolved,2024-11-23 00:22:00,2024-12-31 06:07:27,no_action,access_denied,False,False
268,1329,199,22,owner_unresponsive,escalated,2024-11-20 23:03:41,,,owner_unresponsive,False,False
1128,1669,942,97,access_denied,in_progress,2024-11-20 00:35:25,,,access_denied,False,False
206,326,107,239,other,in_progress,2024-11-18 22:22:17,,,other,False,False
930,1131,212,240,fraud_suspicion,closed,2024-11-16 06:27:46,2025-03-09 01:43:50,no_action,fraud_suspicion,False,False
734,455,650,186,fraud_suspicion,resolved,2024-11-14 13:22:37,2025-03-02 07:00:39,account_banned,fraud_suspicion,False,False
550,1209,184,148,subscription_inactive,open,2024-11-13 05:12:50,,,subscription_inactive,False,False
614,414,1862,151,billing_issue,in_progress,2024-11-12 05:34:08,,,billing_issue,False,False
199,97,521,41,owner_unresponsive,escalated,2024-11-11 04:35:22,,,owner_unresponsive,False,False
110,411,723,400,other,resolved,2024-11-11 01:01:28,2025-05-23 01:20:17,subscriber_replaced,other,False,False
307,1078,1144,214,access_denied,in_progress,2024-11-08 23:22:04,,,access_denied,False,False
700,1073,1141,394,wrong_credentials,closed,2024-11-06 21:09:38,2025-05-28 06:47:33,account_banned,wrong_credentials,False,False
91,853,215,30,owner_unresponsive,closed,2024-11-06 18:46:10,2025-02-08 18:10:34,no_action,owner_unresponsive,False,False
602,1682,106,15,access_denied,closed,2024-11-06 07:13:24,2024-11-22 02:27:39,subscriber_replaced,access_denied,False,False
991,1495,1082,94,access_denied,resolved,2024-11-04 16:44:36,2025-03-14 03:31:04,,access_denied,False,False
971,1825,212,97,access_denied,in_progress,2024-11-02 17:13:52,,,access_denied,False,False
139,1399,561,236,wrong_credentials,in_progress,2024-11-02 04:30:44,,,wrong_credentials,False,False
704,340,724,129,other,escalated,2024-10-31 04:01:05,,,other,False,False
1124,284,848,223,billing_issue,open,2024-10-27 16:44:26,,,billing_issue,False,False
888,1886,840,246,subscription_inactive,open,2024-10-27 11:05:41,,,subscription_inactive,False,False
1213,1800,210,256,fraud_suspicion,open,2024-10-26 08:02:14,,,fraud_suspicion,False,False
1212,1061,1800,256,fraud_suspicion,open,2024-10-26 07:59:14,,,fraud_suspicion,False,False
1211,1673,1061,256,fraud_suspicion,open,2024-10-26 07:56:14,,,fraud_suspicion,False,False
1210,626,1673,256,fraud_suspicion,open,2024-10-26 07:53:14,,,fraud_suspicion,False,False
1209,210,626,256,fraud_suspicion,open,2024-10-26 07:50:14,,,fraud_suspicion,False,False
270,964,606,277,other,closed,2024-10-25 21:06:16,2024-11-19 11:33:23,account_banned,other,False,False
755,866,662,370,fraud_suspicion,resolved,2024-10-23 23:48:37,2025-02-04 05:14:35,,fraud_suspicion,False,False
251,1566,522,219,other,resolved,2024-10-23 20:54:09,2025-05-25 16:56:13,refunded,other,False,False
84,1211,1823,224,wrong_credentials,resolved,2024-10-23 01:57:40,2024-11-26 11:45:32,no_action,wrong_credentials,False,False
555,769,457,381,access_denied,in_progress,2024-10-19 06:08:15,,,access_denied,False,False
972,22,391,20,access_denied,in_progress,2024-10-17 11:04:04,,,access_denied,False,False
976,529,661,148,fraud_suspicion,in_progress,2024-10-16 17:39:23,,,fraud_suspicion,False,False
293,571,1779,237,wrong_credentials,resolved,2024-10-15 18:59:58,2024-11-03 21:05:23,subscriber_replaced,wrong_credentials,False,False
985,1017,302,87,accès refusé,resolved,2024-10-15 17:09:37,2025-02-05 12:33:01,,access_denied,False,False
808,89,1209,146,fraud_suspicion,resolved,2024-10-14 11:10:56,2024-11-12 09:48:00,subscriber_replaced,fraud_suspicion,False,False
921,1406,1612,381,other,escalated,2024-10-12 06:01:19,,,other,False,False
142,1257,207,283,access_denied,open,2024-10-11 01:10:11,,,access_denied,False,False
1151,615,1955,51,fraud_suspicion,resolved,2024-10-08 13:13:33,2025-02-19 02:35:47,,fraud_suspicion,False,False
879,754,1015,140,access_denied,open,2024-10-07 03:34:11,,,access_denied,False,False
883,190,1464,386,access_denied,resolved,2024-10-06 08:04:33,2025-03-19 15:39:32,no_action,access_denied,False,False
385,1406,1744,381,wrong_credentials,open,2024-10-06 05:13:42,,,wrong_credentials,False,False
1166,1983,1009,38,wrong_credentials,in_progress,2024-10-05 18:21:21,,,wrong_credentials,False,False
950,221,716,314,owner_unresponsive,escalated,2024-10-04 18:05:00,,,owner_unresponsive,False,False
371,947,1667,199,billing_issue,resolved,2024-10-02 11:21:22,2025-03-08 22:55:02,owner_warned,billing_issue,False,False
652,1000,453,114,billing_issue,resolved,2024-10-01 11:46:58,2025-02-18 18:51:06,no_action,billing_issue,False,False
60,1133,1570,17,access_denied,escalated,2024-09-30 10:11:42,,,access_denied,False,False
822,1041,1791,375,wrong_credentials,in_progress,2024-09-30 01:11:02,,,wrong_credentials,False,False
1022,416,461,234,owner_unresponsive,closed,2024-09-29 11:30:12,2025-02-13 09:40:41,subscriber_replaced,owner_unresponsive,False,False
753,635,1308,158,fraud_suspicion,closed,2024-09-29 07:14:38,2025-01-13 12:06:32,no_action,fraud_suspicion,False,False
816,1553,1689,126,access_denied,open,2024-09-27 01:51:43,,,access_denied,False,False
765,1457,1323,52,owner_unresponsive,resolved,2024-09-26 12:35:08,2024-10-19 08:57:08,subscriber_replaced,owner_unresponsive,False,False
320,1559,918,13,fraud_suspicion,open,2024-09-25 21:28:15,,,fraud_suspicion,False,False
826,654,444,4,other,escalated,2024-09-25 05:12:29,,,other,False,False
90,1653,882,355,accès refusé,closed,2024-09-25 04:39:30,2025-05-25 00:09:13,no_action,access_denied,False,False
549,151,1680,255,wrong_credentials,resolved,2024-09-24 22:07:56,2025-03-22 18:51:56,refunded,wrong_credentials,False,False
425,1186,1900,266,billing_issue,escalated,2024-09-22 23:41:53,,,billing_issue,False,False
264,703,44,61,access_denied,resolved,2024-09-22 07:59:42,2024-11-09 03:45:18,no_action,access_denied,False,False
426,146,28,206,subscription_inactive,closed,2024-09-21 10:10:31,2025-01-23 23:23:31,,subscription_inactive,False,False
915,228,1553,280,wrong_credentials,closed,2024-09-20 13:55:06,2025-03-28 22:49:01,owner_warned,wrong_credentials,False,False
1030,1329,745,22,access_denied,in_progress,2024-09-18 09:05:50,,,access_denied,False,False
1020,812,1392,353,wrong_credentials,resolved,2024-09-17 00:28:18,2025-04-13 01:39:47,,wrong_credentials,False,False
1080,1422,1541,216,owner_unresponsive,resolved,2024-09-16 14:24:15,2025-04-13 17:52:41,owner_warned,owner_unresponsive,False,False
783,1760,479,63,owner_unresponsive,in_progress,2024-09-15 23:18:06,,,owner_unresponsive,False,False
6,840,223,344,accès refusé,open,2024-09-15 02:28:54,,,access_denied,False,False
961,1620,668,119,wrong_credentials,resolved,2024-09-14 14:10:11,2024-11-07 02:27:01,no_action,wrong_credentials,False,False
573,583,1428,305,other,in_progress,2024-09-14 09:47:40,,,other,False,False
871,1506,1898,140,other,escalated,2024-09-12 23:53:41,,,other,False,False
749,634,693,268,owner_unresponsive,closed,2024-09-08 16:08:09,2025-03-31 11:04:58,no_action,owner_unresponsive,False,False
395,199,1544,358,billing_issue,resolved,2024-09-08 09:54:12,2025-03-03 03:08:38,subscriber_replaced,billing_issue,False,False
572,1336,1653,250,access_denied,escalated,2024-09-08 02:28:21,,,access_denied,False,False
242,361,301,306,wrong_credentials,resolved,2024-09-05 15:02:37,2025-04-03 16:37:24,,wrong_credentials,False,False
280,1479,1960,156,access_denied,escalated,2024-09-03 08:26:57,,,access_denied,False,False
489,1660,1288,210,wrong_credentials,open,2024-09-03 06:38:10,,,wrong_credentials,False,False
165,1301,1092,385,access_denied,closed,2024-09-01 17:06:29,2025-03-15 22:04:24,,access_denied,False,False
988,1819,273,333,access_denied,open,2024-09-01 09:56:39,,,access_denied,False,False
694,1399,1424,60,wrong_credentials,open,2024-08-31 16:10:21,2024-10-23 16:54:22,no_action,wrong_credentials,False,False
1074,1058,550,58,accès refusé,closed,2024-08-29 00:41:32,2024-10-27 14:44:29,no_action,access_denied,False,False
673,406,1559,174,owner_unresponsive,open,2024-08-28 16:50:06,,,owner_unresponsive,False,False
917,1053,1881,302,access_denied,resolved,2024-08-28 05:05:38,2025-02-10 10:13:36,subscriber_replaced,access_denied,False,False
611,1606,1569,67,wrong_credentials,resolved,2024-08-27 05:03:25,2025-01-06 17:00:14,,wrong_credentials,False,False
542,715,70,107,access_denied,escalated,2024-08-26 06:49:18,,,access_denied,False,False
243,793,101,382,accès refusé,open,2024-08-26 06:00:06,,,access_denied,False,False
910,510,249,315,billing_issue,open,2024-08-25 21:45:17,,,billing_issue,False,False
675,611,1298,99,subscription_inactive,open,2024-08-23 07:58:16,,,subscription_inactive,False,False
821,242,943,139,billing_issue,resolved,2024-08-21 18:18:49,2024-11-27 05:06:39,,billing_issue,False,False
823,669,1024,140,other,resolved,2024-08-19 14:11:07,2024-10-03 23:31:18,,other,False,False
534,1056,1476,264,wrong_credentials,in_progress,2024-08-17 20:57:38,,,wrong_credentials,False,False
992,414,1227,151,access_denied,open,2024-08-14 04:50:35,2024-10-28 09:45:56,subscriber_replaced,access_denied,False,False
702,1160,1313,379,owner_unresponsive,resolved,2024-08-13 12:53:21,2024-08-11 12:53:21,account_banned,owner_unresponsive,False,False
488,618,1825,66,wrong_credentials,in_progress,2024-08-13 08:03:57,,,wrong_credentials,False,False
231,790,1134,63,owner_unresponsive,closed,2024-08-12 02:39:21,2024-08-07 02:39:21,owner_warned,owner_unresponsive,False,False
812,327,415,157,fraud_suspicion,in_progress,2024-08-12 00:46:26,,,fraud_suspicion,False,False
904,1662,439,397,billing_issue,closed,2024-08-11 22:39:03,2024-08-03 22:39:03,,billing_issue,False,False
982,116,1880,43,fraud_suspicion,escalated,2024-08-10 11:19:42,,,fraud_suspicion,False,False
1208,454,1948,232,access_denied,open,2024-08-08 19:39:00,,,access_denied,False,False
1207,454,714,109,access_denied,open,2024-08-08 19:34:00,,,access_denied,False,False
1206,454,1477,33,access_denied,open,2024-08-08 19:29:00,,,access_denied,False,False
1205,454,217,238,access_denied,open,2024-08-08 19:24:00,,,access_denied,False,False
1204,454,1715,238,access_denied,open,2024-08-08 19:19:00,,,access_denied,False,False
1203,454,456,49,access_denied,open,2024-08-08 19:14:00,,,access_denied,False,False
1202,454,700,397,access_denied,open,2024-08-08 19:09:00,,,access_denied,False,False
1201,454,1994,242,access_denied,open,2024-08-08 19:04:00,,,access_denied,False,False
151,214,600,27,access_denied,resolved,2024-08-08 14:40:37,2025-01-25 10:39:45,no_action,access_denied,False,False
1140,891,804,61,other,open,2024-08-04 09:37:42,,,other,False,False
495,1010,1174,319,other,escalated,2024-08-04 09:16:42,,,other,False,False
1001,233,653,329,other,in_progress,2024-07-31 02:22:30,,,other,False,False
600,1917,1032,280,billing_issue,closed,2024-07-30 22:42:32,2025-01-30 09:48:10,owner_warned,billing_issue,False,False
273,630,517,352,access_denied,escalated,2024-07-30 21:03:26,,,access_denied,False,False
2,1702,600,260,subscription_inactive,escalated,2024-07-30 12:44:00,,,subscription_inactive,False,False
1084,239,1188,223,access_denied,in_progress,2024-07-24 19:34:49,,,access_denied,False,False
369,527,456,391,access_denied,open,2024-07-24 08:38:35,,,access_denied,False,False
1195,173,1793,64,other,resolved,2024-07-23 08:31:54,2024-12-05 22:52:29,no_action,other,False,False
1147,167,230,99,access_denied,open,2024-07-21 09:37:11,,,access_denied,False,False
712,1712,960,86,wrong_credentials,resolved,2024-07-20 16:23:36,2025-03-07 19:30:28,no_action,wrong_credentials,False,False
184,1399,1435,60,owner_unresponsive,resolved,2024-07-19 23:22:38,2024-07-16 23:22:38,owner_warned,owner_unresponsive,False,False
1118,1325,1672,63,owner_unresponsive,escalated,2024-07-19 20:06:49,,,owner_unresponsive,False,False
16,1045,1066,353,subscription_inactive,open,2024-07-19 16:03:50,,,subscription_inactive,False,False
558,298,816,17,subscription_inactive,resolved,2024-07-16 15:54:02,2024-12-02 01:18:03,refunded,subscription_inactive,False,False
956,1393,1076,44,wrong_credentials,open,2024-07-16 07:29:36,,,wrong_credentials,False,False
106,1856,852,256,subscription_inactive,escalated,2024-07-15 09:08:28,,,subscription_inactive,False,False
650,1654,334,205,wrong_credentials,open,2024-07-13 03:13:20,,,wrong_credentials,False,False
166,439,439,114,access_denied,closed,2024-07-12 11:54:25,2025-05-30 23:30:17,subscriber_replaced,access_denied,True,False
56,1566,57,219,access_denied,in_progress,2024-07-11 22:15:07,,,access_denied,False,False
1090,922,1140,164,owner_unresponsive,resolved,2024-07-08 14:10:38,2025-05-20 07:59:09,subscriber_replaced,owner_unresponsive,False,False
492,513,450,275,access_denied,in_progress,2024-07-08 12:48:12,,,access_denied,False,False
654,1289,1790,352,wrong_credentials,resolved,2024-07-08 07:07:17,2024-11-18 01:22:10,,wrong_credentials,False,False
129,1906,13,395,owner_unresponsive,open,2024-07-05 21:39:47,,,owner_unresponsive,False,False
332,1512,788,108,billing_issue,resolved,2024-07-01 10:54:22,2024-07-08 20:46:17,,billing_issue,False,False
716,1554,1764,185,access_denied,in_progress,2024-06-27 21:36:18,,,access_denied,False,False
817,180,1673,244,accès refusé,in_progress,2024-06-26 14:01:02,,,access_denied,False,False
365,1008,1951,93,fraud_suspicion,resolved,2024-06-24 13:48:56,2024-12-30 01:24:15,subscriber_replaced,fraud_suspicion,False,False
744,1698,1558,146,owner_unresponsive,open,2024-06-24 10:26:31,,,owner_unresponsive,False,False
813,469,374,206,wrong_credentials,open,2024-06-24 05:52:15,,,wrong_credentials,False,False
591,1994,1270,79,other,in_progress,2024-06-21 15:44:32,,,other,False,False
229,1029,1074,17,other,resolved,2024-06-21 00:55:00,2025-05-21 16:08:52,no_action,other,False,False
54,1041,539,375,wrong_credentials,resolved,2024-06-17 12:49:37,2024-08-07 06:07:46,account_banned,wrong_credentials,False,False
1075,734,1227,347,subscription_inactive,in_progress,2024-06-12 18:41:17,,,subscription_inactive,False,False
566,1719,985,382,wrong_credentials,in_progress,2024-06-11 05:17:47,,,wrong_credentials,False,False
296,206,1143,128,access_denied,escalated,2024-06-10 13:07:56,,,access_denied,False,False
724,1558,820,145,access_denied,in_progress,2024-06-10 01:10:50,,,access_denied,False,False
193,1507,893,50,accès refusé,closed,2024-06-08 13:35:04,2025-05-15 10:14:07,refunded,access_denied,False,False
246,406,1758,174,access_denied,resolved,2024-06-05 21:46:38,2025-05-10 20:02:19,account_banned,access_denied,False,False
249,1589,1162,132,other,resolved,2024-06-04 14:42:31,2024-11-26 15:32:24,account_banned,other,False,False
557,1346,152,9,other,escalated,2024-06-04 03:38:36,,,other,False,False
388,1696,1714,336,access_denied,resolved,2024-06-03 23:59:40,2024-11-02 19:25:33,subscriber_replaced,access_denied,False,False
869,635,903,158,access_denied,in_progress,2024-06-03 17:19:25,,,access_denied,False,False
560,1503,1604,85,accès refusé,escalated,2024-05-31 06:40:38,,,access_denied,False,False
1093,448,898,299,subscription_inactive,resolved,2024-05-30 07:13:02,2025-01-18 02:40:26,,subscription_inactive,False,False
891,793,456,135,subscription_inactive,resolved,2024-05-28 07:56:07,2024-08-15 10:29:16,refunded,subscription_inactive,False,False
893,1452,1231,177,billing_issue,closed,2024-05-26 13:15:50,2025-05-27 01:33:44,refunded,billing_issue,False,False
603,1329,1042,22,owner_unresponsive,in_progress,2024-05-25 09:33:17,,,owner_unresponsive,False,False
140,433,1482,247,accès refusé,resolved,2024-05-24 16:47:51,2025-03-04 05:23:20,no_action,access_denied,False,False
430,893,498,183,accès refusé,resolved,2024-05-24 12:07:18,2024-06-23 20:04:44,,access_denied,False,False
290,1071,1339,327,other,closed,2024-05-24 01:34:59,2024-09-23 11:41:14,subscriber_replaced,other,False,False
1039,478,670,210,subscription_inactive,open,2024-05-17 09:50:42,,,subscription_inactive,False,False
51,13,637,377,subscription_inactive,open,2024-05-15 14:41:56,,,subscription_inactive,False,False
239,383,1193,389,subscription_inactive,resolved,2024-05-13 19:42:22,2024-12-11 21:04:07,,subscription_inactive,False,False
1158,678,678,331,accès refusé,closed,2024-05-13 18:00:38,2024-06-02 13:03:42,subscriber_replaced,access_denied,True,False
993,244,1424,384,access_denied,in_progress,2024-05-13 13:53:48,,,access_denied,False,False
905,1566,1763,219,billing_issue,resolved,2024-05-11 23:31:42,2025-02-20 14:54:59,,billing_issue,False,False
182,1040,133,162,accès refusé,escalated,2024-05-11 14:49:59,,,access_denied,False,False
1019,826,191,102,access_denied,open,2024-05-11 10:07:56,,,access_denied,False,False
943,1760,1984,63,other,resolved,2024-05-09 16:31:20,2025-03-29 07:39:05,account_banned,other,False,False
722,728,1773,232,billing_issue,escalated,2024-05-09 15:11:59,,,billing_issue,False,False
4,19,1706,317,access_denied,resolved,2024-05-08 04:05:41,2024-06-03 03:41:59,refunded,access_denied,False,False
507,1918,1538,226,owner_unresponsive,resolved,2024-05-05 16:29:31,2024-09-29 05:04:38,,owner_unresponsive,False,False
86,1601,1597,61,subscription_inactive,resolved,2024-05-04 10:34:57,2025-04-06 02:47:29,no_action,subscription_inactive,False,False
1018,1039,615,196,accès refusé,open,2024-05-01 08:34:36,,,access_denied,False,False
1070,1151,1261,1,billing_issue,open,2024-04-30 07:53:00,,,billing_issue,False,False
828,667,1832,354,subscription_inactive,escalated,2024-04-29 00:20:23,,,subscription_inactive,False,False
486,728,1335,232,other,in_progress,2024-04-28 18:16:49,,,other,False,False
81,704,579,154,accès refusé,open,2024-04-28 17:59:20,,,access_denied,False,False
122,1112,1251,394,access_denied,closed,2024-04-26 23:19:38,2024-07-28 23:27:23,owner_warned,access_denied,False,False
1177,1209,1499,148,subscription_inactive,closed,2024-04-24 05:42:29,2024-08-11 22:23:50,owner_warned,subscription_inactive,False,False
148,711,1090,286,access_denied,closed,2024-04-21 21:43:10,2024-10-18 22:04:50,,access_denied,False,False
13,756,1128,64,subscription_inactive,resolved,2024-04-21 20:22:56,2024-05-28 02:59:01,refunded,subscription_inactive,False,False
117,1424,256,255,access_denied,closed,2024-04-18 21:32:15,2024-07-03 16:46:06,owner_warned,access_denied,False,False
1015,1320,387,163,accès refusé,resolved,2024-04-18 08:29:23,2024-07-28 15:08:19,subscriber_replaced,access_denied,False,False
248,669,860,140,owner_unresponsive,resolved,2024-04-16 02:40:58,2024-05-27 12:24:54,refunded,owner_unresponsive,False,False
93,1364,1244,275,billing_issue,escalated,2024-04-15 19:25:49,,,billing_issue,False,False
841,953,879,334,access_denied,escalated,2024-04-14 12:55:08,,,access_denied,False,False
687,987,805,132,wrong_credentials,open,2024-04-12 12:08:30,,,wrong_credentials,False,False
671,945,1287,317,wrong_credentials,open,2024-04-11 15:29:32,,,wrong_credentials,False,False
862,711,110,286,wrong_credentials,open,2024-04-11 14:14:30,,,wrong_credentials,False,False
344,1316,211,18,fraud_suspicion,closed,2024-04-11 12:22:08,2024-11-14 16:57:34,refunded,fraud_suspicion,False,False
752,847,346,66,billing_issue,open,2024-04-11 08:29:57,,,billing_issue,False,False
651,1294,1987,56,wrong_credentials,closed,2024-04-08 22:29:28,2025-03-25 09:58:39,,wrong_credentials,False,False
49,1218,1823,119,access_denied,open,2024-04-07 15:55:12,,,access_denied,False,False
36,1672,647,376,access_denied,open,2024-04-06 19:16:42,,,access_denied,False,False
17,636,636,287,fraud_suspicion,in_progress,2024-04-04 03:40:53,,,fraud_suspicion,True,False
873,1605,333,269,access_denied,in_progress,2024-04-03 04:54:50,,,access_denied,False,False
299,1027,1836,134,subscription_inactive,closed,2024-03-31 13:27:06,2024-04-15 22:05:54,account_banned,subscription_inactive,False,False
276,263,1439,391,accès refusé,resolved,2024-03-29 18:14:12,2025-01-24 06:13:29,refunded,access_denied,False,False
1064,1419,1190,319,accès refusé,resolved,2024-03-29 04:52:59,2024-06-06 16:16:02,no_action,access_denied,False,False
517,472,1901,53,owner_unresponsive,escalated,2024-03-26 01:31:46,,,owner_unresponsive,False,False
198,1094,989,207,wrong_credentials,open,2024-03-26 00:34:07,,,wrong_credentials,False,False
746,294,863,303,other,resolved,2024-03-22 07:54:24,2025-03-08 17:56:42,owner_warned,other,False,False
799,99,1436,177,accès refusé,in_progress,2024-03-20 20:42:13,,,access_denied,False,False
801,214,1925,27,owner_unresponsive,resolved,2024-03-19 21:57:13,2024-03-11 21:57:13,,owner_unresponsive,False,False
784,1962,1853,38,owner_unresponsive,resolved,2024-03-19 05:01:18,2025-01-03 14:22:38,subscriber_replaced,owner_unresponsive,False,False
627,1654,150,205,wrong_credentials,resolved,2024-03-18 15:45:26,2024-09-08 18:38:58,subscriber_replaced,wrong_credentials,False,False
63,775,848,264,owner_unresponsive,in_progress,2024-03-18 05:24:47,,,owner_unresponsive,False,False
545,1077,1180,14,wrong_credentials,escalated,2024-03-16 14:05:40,,,wrong_credentials,False,False
868,690,512,399,billing_issue,open,2024-03-16 12:20:57,,,billing_issue,False,False
1176,1422,1928,216,billing_issue,resolved,2024-03-16 07:40:06,2024-07-17 03:17:12,,billing_issue,False,False
274,1006,265,300,other,open,2024-03-13 07:10:29,,,other,False,False
779,797,153,362,subscription_inactive,open,2024-03-12 14:04:14,2025-03-27 07:51:57,account_banned,subscription_inactive,False,False
845,87,382,184,wrong_credentials,resolved,2024-03-12 09:12:52,2024-10-02 08:47:46,account_banned,wrong_credentials,False,False
649,1917,903,280,access_denied,open,2024-03-10 06:37:30,,,access_denied,False,False
356,656,1001,271,fraud_suspicion,resolved,2024-03-10 06:13:58,2025-05-20 15:09:42,owner_warned,fraud_suspicion,False,False
1117,391,115,265,owner_unresponsive,open,2024-03-09 04:34:57,,,owner_unresponsive,False,False
363,1639,1231,450,billing_issue,open,2024-03-08 06:27:27,,,billing_issue,False,False
695,1216,1860,343,other,escalated,2024-03-06 14:03:18,,,other,False,False
1122,1737,1687,295,wrong_credentials,resolved,2024-03-05 23:29:12,2025-03-27 05:32:16,owner_warned,wrong_credentials,False,False
547,245,245,338,subscription_inactive,open,2024-03-05 08:25:34,,,subscription_inactive,True,False
345,1201,819,344,owner_unresponsive,resolved,2024-03-04 11:29:58,2025-02-18 19:12:09,account_banned,owner_unresponsive,False,False
308,1875,335,71,other,resolved,2024-03-04 08:41:43,2024-04-21 09:58:22,,other,False,False
474,1347,1932,25,fraud_suspicion,resolved,2024-03-04 00:57:39,2024-03-29 22:51:24,,fraud_suspicion,False,False
201,1370,789,186,subscription_inactive,resolved,2024-02-29 11:20:34,2024-08-19 23:18:06,subscriber_replaced,subscription_inactive,False,False
75,1297,993,86,subscription_inactive,resolved,2024-02-28 01:50:18,2024-12-28 23:09:07,,subscription_inactive,False,False
527,1424,85,343,wrong_credentials,resolved,2024-02-26 09:31:12,2025-04-10 11:16:49,account_banned,wrong_credentials,False,False
331,580,1523,191,subscription_inactive,in_progress,2024-02-25 15:58:20,,,subscription_inactive,False,False
113,1272,400,50,other,escalated,2024-02-23 18:58:13,,,other,False,False
787,705,661,376,other,resolved,2024-02-22 21:47:43,2024-12-22 21:44:46,no_action,other,False,False
814,1042,987,57,billing_issue,open,2024-02-22 06:42:41,,,billing_issue,False,False
77,1114,818,29,subscription_inactive,escalated,2024-02-19 22:02:00,,,subscription_inactive,False,False
469,1548,1076,358,billing_issue,closed,2024-02-15 09:25:06,2025-02-06 23:30:04,owner_warned,billing_issue,False,False
1028,58,1438,31,subscription_inactive,resolved,2024-02-15 07:50:03,2025-02-02 11:19:18,owner_warned,subscription_inactive,False,False
725,20,1995,168,wrong_credentials,resolved,2024-02-14 04:42:38,2024-08-31 18:55:02,account_banned,wrong_credentials,False,False
347,830,303,57,billing_issue,escalated,2024-02-12 18:37:13,,,billing_issue,False,False
448,1481,817,396,owner_unresponsive,closed,2024-02-11 23:32:47,2024-11-14 04:00:15,refunded,owner_unresponsive,False,False
281,210,170,196,access_denied,open,2024-02-10 17:57:48,,,access_denied,False,False
387,1458,1399,247,wrong_credentials,closed,2024-02-06 07:39:30,2025-03-03 22:50:48,,wrong_credentials,False,False
1150,84,83,11,accès refusé,open,2024-02-03 05:27:24,,,access_denied,False,False
216,1851,538,179,wrong_credentials,escalated,2024-02-01 15:30:58,,,wrong_credentials,False,False
154,1054,1377,140,access_denied,resolved,2024-01-31 23:20:40,2024-09-25 20:39:05,subscriber_replaced,access_denied,False,False
901,1456,670,41,access_denied,in_progress,2024-01-31 05:09:08,,,access_denied,False,False
22,1032,772,278,billing_issue,resolved,2024-01-27 05:56:50,2024-11-13 13:44:37,,billing_issue,False,False
404,1834,1547,348,owner_unresponsive,escalated,2024-01-27 00:14:41,,,owner_unresponsive,False,False
1096,1512,1358,108,wrong_credentials,in_progress,2024-01-26 20:13:58,,,wrong_credentials,False,False
977,1323,20,351,accès refusé,closed,2024-01-26 16:34:59,2025-04-06 06:30:09,,access_denied,False,False
327,684,1009,345,fraud_suspicion,open,2024-01-26 14:58:28,,,fraud_suspicion,False,False
1190,814,27,138,billing_issue,escalated,2024-01-25 15:34:10,,,billing_issue,False,False
610,1341,1771,71,access_denied,resolved,2024-01-25 07:37:30,2024-04-04 18:36:24,account_banned,access_denied,False,False
964,411,1552,400,accès refusé,escalated,2024-01-23 10:10:33,,,access_denied,False,False
130,1574,1551,257,owner_unresponsive,open,2024-01-23 06:27:59,,,owner_unresponsive,False,False
468,1912,1045,260,owner_unresponsive,in_progress,2024-01-20 13:41:50,,,owner_unresponsive,False,False
660,242,516,139,billing_issue,closed,2024-01-20 01:36:41,2024-05-12 16:03:18,no_action,billing_issue,False,False
497,717,1586,11,accès refusé,escalated,2024-01-19 11:05:06,,,access_denied,False,False
443,575,1299,16,owner_unresponsive,closed,2024-01-19 02:19:23,2024-04-22 00:42:02,owner_warned,owner_unresponsive,False,False
237,1579,1579,119,owner_unresponsive,in_progress,2024-01-18 02:41:30,,,owner_unresponsive,True,False
613,1346,1414,9,wrong_credentials,open,2024-01-14 16:27:38,,,wrong_credentials,False,False
105,323,930,177,owner_unresponsive,resolved,2024-01-14 11:39:34,2024-03-19 02:02:52,subscriber_replaced,owner_unresponsive,False,False
304,1118,732,134,access_denied,resolved,2024-01-13 16:15:48,2025-02-22 01:39:00,owner_warned,access_denied,False,False
875,1320,1459,163,access_denied,resolved,2024-01-13 00:29:56,2025-02-14 09:16:23,no_action,access_denied,False,False
541,1258,1134,199,accès refusé,resolved,2024-01-10 07:30:20,2024-02-07 09:05:46,,access_denied,False,False
25,86,1944,92,other,in_progress,2024-01-07 12:15:56,,,other,False,False
908,1302,271,352,wrong_credentials,resolved,2024-01-07 10:56:53,2024-06-20 00:18:57,account_banned,wrong_credentials,False,False
733,617,1844,172,subscription_inactive,in_progress,2024-01-06 12:28:57,,,subscription_inactive,False,False
577,191,191,53,accès refusé,closed,2024-01-05 19:12:49,2023-12-17 19:12:49,account_banned,access_denied,True,False
713,1572,1137,354,subscription_inactive,resolved,2024-01-05 06:46:03,2024-12-01 15:29:56,no_action,subscription_inactive,False,False
827,1449,1423,18,subscription_inactive,closed,2024-01-02 06:11:56,2025-05-21 07:07:48,,subscription_inactive,False,False
836,734,1864,347,wrong_credentials,resolved,2023-12-31 06:55:57,2024-12-05 16:22:21,owner_warned,wrong_credentials,False,False
980,1518,1351,249,fraud_suspicion,open,2023-12-28 02:29:29,,,fraud_suspicion,False,False
207,987,1830,366,other,escalated,2023-12-27 12:37:08,,,other,False,False
796,711,1696,286,fraud_suspicion,resolved,2023-12-26 16:42:56,2024-03-09 23:18:18,account_banned,fraud_suspicion,False,False
109,728,1061,232,owner_unresponsive,resolved,2023-12-24 03:50:45,2024-09-30 10:27:14,owner_warned,owner_unresponsive,False,False
1004,139,666,148,subscription_inactive,open,2023-12-23 05:43:43,,,subscription_inactive,False,False
518,591,1006,395,owner_unresponsive,closed,2023-12-18 07:27:09,2024-11-14 02:07:13,,owner_unresponsive,False,False
623,621,24,199,access_denied,resolved,2023-12-17 15:41:12,2025-01-14 00:05:37,account_banned,access_denied,False,False
628,279,446,289,subscription_inactive,in_progress,2023-12-16 05:51:54,,,subscription_inactive,False,False
911,1424,1025,255,fraud_suspicion,resolved,2023-12-16 01:57:45,2023-12-27 01:09:10,no_action,fraud_suspicion,False,False
137,1320,229,163,wrong_credentials,escalated,2023-12-15 20:30:06,,,wrong_credentials,False,False
294,1015,1761,381,subscription_inactive,open,2023-12-15 05:44:04,,,subscription_inactive,False,False
1120,945,1318,317,owner_unresponsive,open,2023-12-14 11:23:37,,,owner_unresponsive,False,False
1116,1032,134,278,wrong_credentials,resolved,2023-12-14 07:03:54,2024-05-15 19:30:44,refunded,wrong_credentials,False,False
919,1653,798,355,subscription_inactive,in_progress,2023-12-13 12:58:16,,,subscription_inactive,False,False
567,1756,1837,329,billing_issue,escalated,2023-12-12 17:39:05,,,billing_issue,False,False
494,173,1773,64,subscription_inactive,open,2023-12-12 07:24:45,,,subscription_inactive,False,False
830,439,1992,114,owner_unresponsive,resolved,2023-12-11 00:30:59,2024-10-09 17:07:52,owner_warned,owner_unresponsive,False,False
539,1631,1469,59,billing_issue,resolved,2023-12-10 08:13:25,2025-05-25 01:56:49,owner_warned,billing_issue,False,False
740,1557,1960,109,owner_unresponsive,open,2023-12-09 06:51:56,,,owner_unresponsive,False,False
667,1132,1806,399,billing_issue,open,2023-12-06 05:15:07,,,billing_issue,False,False
797,856,1005,184,owner_unresponsive,escalated,2023-12-01 02:09:41,,,owner_unresponsive,False,False
197,771,323,63,access_denied,closed,2023-11-30 17:47:10,2024-09-05 14:23:40,no_action,access_denied,False,False
903,1853,1027,155,other,closed,2023-11-30 05:59:34,2024-08-28 09:20:43,account_banned,other,False,False
857,1270,62,79,accès refusé,in_progress,2023-11-29 00:37:11,,,access_denied,False,False
479,525,893,315,other,in_progress,2023-11-22 21:04:30,,,other,False,False
1097,1678,1963,433,other,closed,2023-11-22 19:04:44,2025-01-11 10:51:03,,other,False,False
832,45,1232,63,access_denied,in_progress,2023-11-20 14:56:59,,,access_denied,False,False
691,404,1649,25,subscription_inactive,escalated,2023-11-19 18:07:44,,,subscription_inactive,False,False
103,57,55,238,access_denied,resolved,2023-11-16 02:29:27,2025-02-26 23:52:39,account_banned,access_denied,False,False
453,1983,841,38,access_denied,escalated,2023-11-15 18:31:23,,,access_denied,False,False
669,853,1999,30,fraud_suspicion,open,2023-11-14 21:37:32,,,fraud_suspicion,False,False
963,1733,532,29,wrong_credentials,escalated,2023-11-12 08:29:04,,,wrong_credentials,False,False
884,361,549,306,accès refusé,in_progress,2023-11-12 07:41:55,,,access_denied,False,False
1048,1329,1540,22,fraud_suspicion,open,2023-11-11 06:46:06,,,fraud_suspicion,False,False
718,884,929,375,subscription_inactive,resolved,2023-11-10 19:01:07,2023-11-05 19:01:07,,subscription_inactive,False,False
35,620,751,394,accès refusé,resolved,2023-11-09 05:52:59,2024-05-01 22:10:25,account_banned,access_denied,False,False
123,86,1232,92,fraud_suspicion,resolved,2023-11-08 11:55:03,2025-04-20 21:20:40,refunded,fraud_suspicion,False,False
770,1752,1280,249,billing_issue,closed,2023-11-07 03:52:08,2024-04-10 20:51:09,account_banned,billing_issue,False,False
599,1221,1368,185,owner_unresponsive,open,2023-11-06 04:54:11,,,owner_unresponsive,False,False
1060,1815,1971,155,accès refusé,resolved,2023-11-02 23:15:57,2024-04-18 23:18:53,account_banned,access_denied,False,False
763,953,639,334,subscription_inactive,in_progress,2023-10-31 11:37:21,,,subscription_inactive,False,False
1091,529,159,247,billing_issue,in_progress,2023-10-30 20:07:18,,,billing_issue,False,False
265,1388,847,314,subscription_inactive,closed,2023-10-30 19:25:58,2024-06-16 14:10:15,subscriber_replaced,subscription_inactive,False,False
970,717,765,11,owner_unresponsive,escalated,2023-10-29 09:25:35,,,owner_unresponsive,False,False
852,340,1140,129,subscription_inactive,escalated,2023-10-28 07:25:29,,,subscription_inactive,False,False
1180,619,1374,117,access_denied,escalated,2023-10-24 19:35:38,,,access_denied,False,False
864,1273,993,59,owner_unresponsive,open,2023-10-23 01:34:51,,,owner_unresponsive,False,False
466,1402,870,28,other,open,2023-10-22 13:25:53,,,other,False,False
1132,1000,1767,186,access_denied,open,2023-10-18 19:48:24,,,access_denied,False,False
938,1985,28,203,wrong_credentials,escalated,2023-10-18 12:44:44,,,wrong_credentials,False,False
262,373,1078,397,access_denied,open,2023-10-16 09:42:50,,,access_denied,False,False
625,1830,899,188,access_denied,open,2023-10-16 07:09:14,,,access_denied,False,False
133,1047,1363,73,access_denied,resolved,2023-10-15 22:50:35,2024-02-25 13:23:33,refunded,access_denied,False,False
994,964,527,268,access_denied,open,2023-10-13 11:07:44,,,access_denied,False,False
511,1890,1033,157,subscription_inactive,escalated,2023-10-13 01:32:49,,,subscription_inactive,False,False
254,1855,1979,462,fraud_suspicion,in_progress,2023-10-11 19:32:55,,,fraud_suspicion,False,False
244,635,1447,158,billing_issue,open,2023-10-11 12:33:49,,,billing_issue,False,False
1181,1579,979,119,owner_unresponsive,escalated,2023-10-11 12:22:23,,,owner_unresponsive,False,False
289,432,839,351,fraud_suspicion,escalated,2023-10-08 04:18:18,,,fraud_suspicion,False,False
1008,947,905,199,accès refusé,closed,2023-10-04 23:02:22,2024-09-06 04:04:40,refunded,access_denied,False,False
505,879,242,126,access_denied,resolved,2023-10-03 10:15:18,2024-05-26 05:38:47,owner_warned,access_denied,False,False
609,927,927,195,owner_unresponsive,closed,2023-10-03 04:56:02,2024-08-19 09:43:21,subscriber_replaced,owner_unresponsive,True,False
592,1031,431,271,owner_unresponsive,closed,2023-10-02 00:45:55,2024-12-18 04:12:32,subscriber_replaced,owner_unresponsive,False,False
452,18,1209,47,subscription_inactive,in_progress,2023-10-01 22:18:11,,,subscription_inactive,False,False
605,1481,9,396,access_denied,open,2023-09-30 21:30:24,,,access_denied,False,False
515,702,1567,166,billing_issue,open,2023-09-29 23:16:47,,,billing_issue,False,False
465,115,1182,291,owner_unresponsive,escalated,2023-09-29 19:38:05,,,owner_unresponsive,False,False
954,1819,1584,333,billing_issue,escalated,2023-09-29 17:46:04,,,billing_issue,False,False
114,812,1742,353,access_denied,escalated,2023-09-29 15:30:08,,,access_denied,False,False
942,1728,1428,146,owner_unresponsive,open,2023-09-29 14:53:29,,,owner_unresponsive,False,False
73,1702,1317,232,accès refusé,in_progress,2023-09-23 10:38:11,,,access_denied,False,False
990,703,1051,61,billing_issue,resolved,2023-09-23 02:35:41,2024-08-26 06:40:07,account_banned,billing_issue,False,False
149,1376,1879,246,access_denied,open,2023-09-19 07:54:10,2024-09-06 00:07:52,,access_denied,False,False
1187,1361,232,124,accès refusé,resolved,2023-09-19 02:08:02,2024-12-10 14:09:19,refunded,access_denied,False,False
835,1518,1619,249,fraud_suspicion,open,2023-09-15 14:50:34,,,fraud_suspicion,False,False
409,1452,1444,177,accès refusé,resolved,2023-09-15 03:43:04,2024-06-28 07:06:35,,access_denied,False,False
1076,302,44,224,access_denied,escalated,2023-09-14 14:50:06,,,access_denied,False,False
543,1720,1986,377,other,escalated,2023-09-12 23:52:14,,,other,False,False
896,1336,505,250,other,resolved,2023-09-12 21:31:42,2023-11-28 11:28:34,,other,False,False
172,1341,1434,71,access_denied,resolved,2023-09-10 20:59:52,2025-04-08 22:31:02,owner_warned,access_denied,False,False
548,89,1684,146,access_denied,open,2023-09-10 08:12:00,,,access_denied,False,False
95,500,500,4,subscription_inactive,closed,2023-09-09 04:03:45,2024-05-05 02:47:49,refunded,subscription_inactive,True,False
1,904,1565,389,billing_issue,open,2023-09-06 08:02:33,,,billing_issue,False,False
936,975,643,176,billing_issue,resolved,2023-09-02 12:30:09,2023-08-26 12:30:09,owner_warned,billing_issue,False,False
275,1169,921,412,owner_unresponsive,escalated,2023-09-02 11:26:34,,,owner_unresponsive,False,False
11,1867,1651,93,access_denied,open,2023-08-28 16:04:13,,,access_denied,False,False
890,1222,1423,40,owner_unresponsive,open,2023-08-27 15:34:53,,,owner_unresponsive,False,False
1079,500,715,4,accès refusé,open,2023-08-27 13:47:54,,,access_denied,False,False
1017,804,115,147,other,escalated,2023-08-21 13:53:16,,,other,False,False
1005,1907,1306,265,accès refusé,in_progress,2023-08-21 00:10:19,,,access_denied,False,False
859,1132,1833,399,wrong_credentials,in_progress,2023-08-18 08:25:10,,,wrong_credentials,False,False
328,1072,1072,56,fraud_suspicion,open,2023-08-17 17:45:22,,,fraud_suspicion,True,False
437,1086,216,161,access_denied,in_progress,2023-08-10 18:33:48,,,access_denied,False,False
1183,1329,1625,22,access_denied,in_progress,2023-08-10 08:44:15,,,access_denied,False,False
850,729,682,161,subscription_inactive,in_progress,2023-08-05 19:52:03,,,subscription_inactive,False,False
277,982,1691,232,access_denied,resolved,2023-08-04 09:00:22,2024-02-04 04:03:54,subscriber_replaced,access_denied,False,False
136,1653,787,304,other,resolved,2023-08-02 00:29:21,2024-02-03 03:29:26,subscriber_replaced,other,False,False
1173,405,1821,210,access_denied,open,2023-07-31 13:20:30,,,access_denied,False,False
1163,286,1011,396,owner_unresponsive,closed,2023-07-30 04:48:15,2024-09-29 14:32:32,owner_warned,owner_unresponsive,False,False
756,1481,434,396,subscription_inactive,open,2023-07-27 22:54:20,,,subscription_inactive,False,False
416,1649,723,126,fraud_suspicion,open,2023-07-25 21:34:32,,,fraud_suspicion,False,False
616,1760,1385,63,billing_issue,escalated,2023-07-25 03:16:12,,,billing_issue,False,False
116,741,358,17,access_denied,open,2023-07-24 21:26:49,2023-09-10 07:14:19,account_banned,access_denied,False,False
953,1114,731,29,access_denied,open,2023-07-24 07:15:06,,,access_denied,False,False
674,699,699,85,fraud_suspicion,resolved,2023-07-23 12:58:54,2024-08-19 18:38:08,owner_warned,fraud_suspicion,True,False
800,965,710,354,owner_unresponsive,in_progress,2023-07-22 08:27:37,,,owner_unresponsive,False,False
1191,815,1998,233,other,resolved,2023-07-22 05:37:42,2024-05-18 03:32:19,no_action,other,False,False
57,1354,1257,242,other,resolved,2023-07-22 01:49:36,2024-10-07 16:09:03,subscriber_replaced,other,False,False
685,279,587,289,fraud_suspicion,open,2023-07-21 14:06:33,,,fraud_suspicion,False,False
70,19,1583,317,access_denied,resolved,2023-07-21 00:29:48,2024-03-12 05:39:23,account_banned,access_denied,False,False
1083,1042,1974,57,other,in_progress,2023-07-20 17:52:39,,,other,False,False
829,447,477,45,wrong_credentials,in_progress,2023-07-20 16:05:01,,,wrong_credentials,False,False
69,132,956,34,fraud_suspicion,open,2023-07-19 09:35:00,,,fraud_suspicion,False,False
1077,10,1129,57,other,in_progress,2023-07-17 03:03:13,,,other,False,False
782,93,1668,386,fraud_suspicion,escalated,2023-07-16 07:09:38,,,fraud_suspicion,False,False
1135,1132,1255,91,access_denied,open,2023-07-14 07:04:23,,,access_denied,False,False
951,306,639,389,other,in_progress,2023-07-14 06:26:47,,,other,False,False
501,146,212,206,wrong_credentials,in_progress,2023-07-13 18:40:56,,,wrong_credentials,False,False
195,1502,1471,75,access_denied,escalated,2023-07-13 06:23:07,,,access_denied,False,False
30,126,780,220,accès refusé,open,2023-07-12 04:26:27,,,access_denied,False,False
286,1691,569,161,subscription_inactive,in_progress,2023-07-10 09:48:43,,,subscription_inactive,False,False
118,1778,314,282,accès refusé,closed,2023-07-10 00:22:51,2025-02-25 08:55:25,,access_denied,False,False
1029,666,15,307,other,open,2023-07-07 17:53:41,,,other,False,False
9,1929,1817,396,access_denied,closed,2023-07-07 13:17:22,2025-05-02 18:45:20,refunded,access_denied,False,False
998,1387,724,344,billing_issue,in_progress,2023-07-07 10:47:11,,,billing_issue,False,False
1003,1402,495,28,access_denied,resolved,2023-07-03 10:40:04,2024-03-02 09:59:41,account_banned,access_denied,False,False
449,1160,1352,379,access_denied,resolved,2023-07-03 04:34:43,2023-12-26 15:21:07,no_action,access_denied,False,False
234,263,733,94,access_denied,open,2023-07-02 21:57:34,,,access_denied,False,False
708,1221,566,239,fraud_suspicion,open,2023-07-02 01:53:52,,,fraud_suspicion,False,False
1107,1195,1540,216,wrong_credentials,closed,2023-07-01 11:14:47,2023-08-21 11:07:14,no_action,wrong_credentials,False,False
225,622,1492,338,billing_issue,closed,2023-06-30 09:26:29,2024-11-30 06:45:56,owner_warned,billing_issue,False,False
107,326,662,239,wrong_credentials,open,2023-06-29 09:20:51,,,wrong_credentials,False,False
406,993,1391,75,owner_unresponsive,escalated,2023-06-28 08:17:36,,,owner_unresponsive,False,False
339,1533,1205,324,access_denied,open,2023-06-27 07:09:03,,,access_denied,False,False
326,1595,90,269,owner_unresponsive,resolved,2023-06-27 04:31:38,2024-01-28 09:41:11,,owner_unresponsive,False,False
621,842,670,399,access_denied,escalated,2023-06-26 23:25:29,,,access_denied,False,False
714,371,221,176,accès refusé,closed,2023-06-26 02:12:26,2024-12-17 04:06:44,owner_warned,access_denied,False,False
932,538,1513,114,other,open,2023-06-25 11:28:01,,,other,False,False
672,1469,1569,89,subscription_inactive,open,2023-06-24 20:12:48,,,subscription_inactive,False,False
874,1209,1800,148,wrong_credentials,resolved,2023-06-22 20:50:16,2023-11-27 16:49:13,account_banned,wrong_credentials,False,False
88,1573,569,311,accès refusé,escalated,2023-06-21 21:06:38,,,access_denied,False,False
169,1065,1321,258,billing_issue,in_progress,2023-06-19 18:59:09,,,billing_issue,False,False
774,113,544,74,access_denied,open,2023-06-19 04:33:00,,,access_denied,False,False
238,993,914,75,wrong_credentials,closed,2023-06-15 21:16:38,2025-05-12 19:38:50,,wrong_credentials,False,False
688,139,380,148,wrong_credentials,closed,2023-06-15 05:47:49,2024-02-13 01:10:43,refunded,wrong_credentials,False,False
737,60,732,289,accès refusé,in_progress,2023-06-11 22:07:44,,,access_denied,False,False
300,1722,1818,172,access_denied,in_progress,2023-06-11 05:47:27,,,access_denied,False,False
333,1134,1134,103,other,open,2023-06-10 12:35:03,,,other,True,False
97,879,1060,126,wrong_credentials,resolved,2023-06-10 09:52:43,2025-04-09 15:05:16,refunded,wrong_credentials,False,False
561,800,51,215,subscription_inactive,open,2023-06-09 18:08:09,,,subscription_inactive,False,False
696,601,1992,279,billing_issue,closed,2023-06-09 13:51:27,2024-05-16 12:29:57,,billing_issue,False,False
285,982,1652,232,billing_issue,open,2023-06-09 04:38:41,2024-03-31 21:41:19,,billing_issue,False,False
886,399,635,194,owner_unresponsive,resolved,2023-06-08 14:14:26,2025-04-26 00:15:23,owner_warned,owner_unresponsive,False,False
1009,1452,875,177,subscription_inactive,open,2023-06-08 13:39:21,,,subscription_inactive,False,False
509,1336,1348,248,access_denied,closed,2023-06-07 16:02:24,2024-03-21 18:35:17,refunded,access_denied,False,False
825,341,541,233,wrong_credentials,resolved,2023-06-06 04:43:35,2024-09-20 15:29:09,,wrong_credentials,False,False
678,1375,54,257,accès refusé,resolved,2023-06-05 07:05:24,2024-06-29 00:39:18,refunded,access_denied,False,False
1109,284,246,223,wrong_credentials,closed,2023-06-02 15:38:30,2023-09-30 01:59:00,,wrong_credentials,False,False
867,1497,1807,305,accès refusé,open,2023-06-02 14:39:37,,,access_denied,False,False
920,716,1215,191,other,resolved,2023-06-02 10:37:30,2023-05-12 10:37:30,account_banned,other,False,False
521,858,98,359,billing_issue,closed,2023-06-01 10:58:54,2025-02-12 14:55:37,refunded,billing_issue,False,False
824,1554,566,185,other,open,2023-05-31 05:47:35,,,other,False,False
1127,801,1591,199,fraud_suspicion,in_progress,2023-05-29 22:11:33,,,fraud_suspicion,False,False
721,1245,553,188,subscription_inactive,resolved,2023-05-29 13:08:07,2024-02-04 09:35:31,owner_warned,subscription_inactive,False,False
790,1979,560,67,billing_issue,open,2023-05-28 11:09:17,,,billing_issue,False,False
1099,800,826,215,other,open,2023-05-27 09:25:20,,,other,False,False
937,853,752,30,subscription_inactive,resolved,2023-05-25 04:47:41,2024-07-03 21:39:38,owner_warned,subscription_inactive,False,False
100,1994,195,79,owner_unresponsive,open,2023-05-23 16:32:02,,,owner_unresponsive,False,False
909,1302,1125,352,access_denied,resolved,2023-05-23 11:18:07,2024-03-06 08:17:02,refunded,access_denied,False,False
918,432,68,351,subscription_inactive,in_progress,2023-05-23 07:49:54,,,subscription_inactive,False,False
487,1882,1023,278,billing_issue,escalated,2023-05-22 14:24:22,,,billing_issue,False,False
840,936,950,58,owner_unresponsive,resolved,2023-05-22 11:20:00,2024-07-16 11:36:33,,owner_unresponsive,False,False
947,704,1003,248,fraud_suspicion,open,2023-05-17 14:49:49,,,fraud_suspicion,False,False
424,775,1112,264,access_denied,resolved,2023-05-16 00:07:05,2025-02-24 07:41:07,owner_warned,access_denied,False,False
1110,718,740,110,other,resolved,2023-05-15 10:47:43,2023-06-16 18:56:06,,other,False,False
914,1702,503,232,wrong_credentials,open,2023-05-15 09:57:32,,,wrong_credentials,False,False
552,1591,1095,116,access_denied,closed,2023-05-15 01:53:49,2024-05-03 02:13:56,refunded,access_denied,False,False
1069,475,1680,329,other,open,2023-05-13 19:56:18,,,other,False,False
872,60,1901,296,access_denied,open,2023-05-13 16:30:04,,,access_denied,False,False
1092,442,751,152,subscription_inactive,resolved,2023-05-13 06:11:45,2023-09-18 17:59:48,,subscription_inactive,False,False
220,49,24,400,wrong_credentials,open,2023-05-11 17:58:49,,,wrong_credentials,False,False
900,284,982,223,owner_unresponsive,open,2023-05-09 01:29:46,,,owner_unresponsive,False,False
119,1282,584,335,other,resolved,2023-05-08 08:46:34,2024-09-24 15:12:28,no_action,other,False,False
189,1315,357,74,owner_unresponsive,open,2023-05-07 01:59:25,,,owner_unresponsive,False,False
690,575,967,16,owner_unresponsive,in_progress,2023-05-05 07:18:56,,,owner_unresponsive,False,False
738,1834,19,348,other,resolved,2023-05-05 01:26:09,2025-03-15 18:48:12,subscriber_replaced,other,False,False
325,1940,415,372,accès refusé,in_progress,2023-05-04 04:11:59,,,access_denied,False,False
434,718,1796,110,access_denied,resolved,2023-05-03 06:51:28,2025-04-13 04:57:05,subscriber_replaced,access_denied,False,False
968,1691,1,161,owner_unresponsive,open,2023-05-02 19:10:27,,,owner_unresponsive,False,False
1189,64,1269,50,subscription_inactive,closed,2023-04-30 11:22:24,2024-10-05 04:48:46,account_banned,subscription_inactive,False,False
788,277,1247,37,accès refusé,resolved,2023-04-30 07:08:15,2024-05-07 03:11:11,subscriber_replaced,access_denied,False,False
261,1412,1384,248,access_denied,resolved,2023-04-26 10:31:30,2024-05-17 08:56:59,no_action,access_denied,False,False
1152,1535,817,398,subscription_inactive,closed,2023-04-26 05:07:59,2023-05-03 16:59:35,account_banned,subscription_inactive,False,False
1194,148,517,66,subscription_inactive,resolved,2023-04-18 17:38:41,2023-12-05 22:23:46,refunded,subscription_inactive,False,False
608,1038,1629,158,subscription_inactive,resolved,2023-04-18 13:58:14,2024-10-05 01:30:29,subscriber_replaced,subscription_inactive,False,False
61,239,493,155,wrong_credentials,closed,2023-04-17 12:25:00,2024-04-28 12:41:08,,wrong_credentials,False,False
226,953,538,334,fraud_suspicion,escalated,2023-04-17 11:33:36,,,fraud_suspicion,False,False
815,1862,890,321,other,resolved,2023-04-17 04:25:19,2024-08-20 09:54:45,owner_warned,other,False,False
554,460,1278,302,accès refusé,in_progress,2023-04-15 05:49:44,,,access_denied,False,False
321,1825,551,97,subscription_inactive,resolved,2023-04-15 01:44:38,2023-11-06 04:30:18,,subscription_inactive,False,False
1086,853,311,1,subscription_inactive,open,2023-04-15 00:41:48,,,subscription_inactive,False,False
323,1886,253,246,access_denied,resolved,2023-04-11 23:21:37,2023-07-27 19:58:09,subscriber_replaced,access_denied,False,False
546,790,1883,63,other,escalated,2023-04-11 21:24:05,,,other,False,False
476,640,512,158,owner_unresponsive,resolved,2023-04-11 08:21:21,2024-03-04 15:16:08,account_banned,owner_unresponsive,False,False
1051,654,581,4,other,open,2023-04-10 22:01:43,,,other,False,False
818,1594,1107,319,access_denied,open,2023-04-10 15:50:11,,,access_denied,False,False
78,1510,554,267,wrong_credentials,closed,2023-04-08 22:14:34,2024-07-26 03:09:50,owner_warned,wrong_credentials,False,False
1168,404,1986,25,owner_unresponsive,escalated,2023-04-06 20:24:44,,,owner_unresponsive,False,False
1200,946,1580,486,accès refusé,open,2023-04-06 07:23:52,,,access_denied,False,False
1129,796,20,372,fraud_suspicion,resolved,2023-04-04 23:49:09,2023-04-22 02:20:21,refunded,fraud_suspicion,False,False
181,1112,1112,394,billing_issue,resolved,2023-04-03 02:13:42,2025-04-26 04:09:09,owner_warned,billing_issue,True,False
366,1733,1146,29,other,resolved,2023-04-02 00:40:39,2023-07-10 06:25:57,,other,False,False
329,1512,1217,108,wrong_credentials,open,2023-04-01 21:23:36,,,wrong_credentials,False,False
1085,620,1588,155,access_denied,resolved,2023-03-30 04:55:51,2023-10-12 01:21:33,,access_denied,False,False
793,622,1217,235,access_denied,in_progress,2023-03-27 07:24:59,,,access_denied,False,False
311,411,1706,400,fraud_suspicion,open,2023-03-26 17:19:11,,,fraud_suspicion,False,False
389,238,54,365,owner_unresponsive,escalated,2023-03-23 19:40:58,,,owner_unresponsive,False,False
393,497,1888,170,access_denied,resolved,2023-03-21 16:19:46,2024-07-15 08:34:40,,access_denied,False,False
1113,1479,904,397,billing_issue,open,2023-03-19 01:54:00,,,billing_issue,False,False
1087,1073,1942,351,access_denied,open,2023-03-17 14:26:03,,,access_denied,False,False
878,168,155,219,other,in_progress,2023-03-17 01:23:27,,,other,False,False
394,286,1228,396,wrong_credentials,resolved,2023-03-16 22:22:16,2023-05-11 18:26:47,no_action,wrong_credentials,False,False
338,793,1276,382,billing_issue,open,2023-03-16 13:55:33,2025-03-25 09:37:58,subscriber_replaced,billing_issue,False,False
64,167,1193,99,other,closed,2023-03-16 01:13:52,2023-09-06 21:58:07,,other,False,False
1078,263,366,94,billing_issue,open,2023-03-14 22:09:17,,,billing_issue,False,False
1082,1052,1195,184,access_denied,in_progress,2023-03-14 19:39:24,,,access_denied,False,False
978,472,418,87,owner_unresponsive,resolved,2023-03-14 02:49:19,2023-09-09 19:05:08,subscriber_replaced,owner_unresponsive,False,False
59,953,940,334,access_denied,open,2023-03-11 01:29:17,2025-02-27 23:52:20,subscriber_replaced,access_denied,False,False
894,1835,1663,184,fraud_suspicion,in_progress,2023-03-09 06:56:36,,,fraud_suspicion,False,False
1114,1417,383,194,wrong_credentials,open,2023-03-09 05:12:08,,,wrong_credentials,False,False
635,838,659,342,accès refusé,closed,2023-03-09 00:40:54,2023-04-21 08:58:24,,access_denied,False,False
96,1089,446,163,fraud_suspicion,resolved,2023-03-08 13:24:47,2024-12-28 16:31:52,,fraud_suspicion,False,False
618,549,819,43,subscription_inactive,resolved,2023-03-05 13:14:59,2024-02-16 11:20:08,account_banned,subscription_inactive,False,False
989,75,1054,475,other,resolved,2023-03-04 19:05:04,2024-03-22 12:53:10,no_action,other,False,False
269,1951,143,287,access_denied,in_progress,2023-02-27 06:22:13,,,access_denied,False,False
842,1890,1161,157,access_denied,resolved,2023-02-26 13:23:14,2024-01-07 06:40:20,,access_denied,False,False
536,1052,178,184,fraud_suspicion,in_progress,2023-02-22 10:31:36,,,fraud_suspicion,False,False
364,708,1904,6,other,open,2023-02-22 02:30:30,,,other,False,False
1025,1221,879,185,access_denied,open,2023-02-21 19:20:18,,,access_denied,False,False
313,1257,1865,283,owner_unresponsive,open,2023-02-21 03:59:10,2024-08-21 15:01:31,,owner_unresponsive,False,False
1170,1651,1636,238,owner_unresponsive,open,2023-02-20 11:28:00,,,owner_unresponsive,False,False
564,1047,1113,73,subscription_inactive,resolved,2023-02-20 02:01:21,2025-03-06 14:37:20,,subscription_inactive,False,False
705,1488,91,203,owner_unresponsive,open,2023-02-19 16:28:28,,,owner_unresponsive,False,False
355,339,1026,5,subscription_inactive,escalated,2023-02-17 05:48:26,,,subscription_inactive,False,False
310,55,328,141,accès refusé,open,2023-02-16 20:37:40,,,access_denied,False,False
158,1917,1835,350,fraud_suspicion,open,2023-02-16 01:30:21,,,fraud_suspicion,False,False
457,751,619,269,wrong_credentials,open,2023-02-15 09:33:49,,,wrong_credentials,False,False
882,1399,1488,72,access_denied,open,2023-02-14 22:01:36,,,access_denied,False,False
881,729,902,38,access_denied,in_progress,2023-02-13 02:11:32,,,access_denied,False,False
1098,1148,1264,341,access_denied,escalated,2023-02-11 12:07:35,,,access_denied,False,False
668,1558,1690,145,owner_unresponsive,in_progress,2023-02-10 20:28:20,,,owner_unresponsive,False,False
7,1094,1932,207,access_denied,resolved,2023-02-09 22:32:02,2024-10-07 04:55:46,owner_warned,access_denied,False,False
640,580,1591,191,access_denied,in_progress,2023-02-09 10:24:57,,,access_denied,False,False
477,1231,1378,327,owner_unresponsive,escalated,2023-02-08 13:23:29,,,owner_unresponsive,False,False
350,849,1846,324,billing_issue,resolved,2023-02-07 13:27:06,2024-05-21 02:09:39,subscriber_replaced,billing_issue,False,False
298,1853,817,155,fraud_suspicion,open,2023-02-07 05:22:49,,,fraud_suspicion,False,False
188,1983,455,38,billing_issue,closed,2023-02-06 05:16:15,2023-11-02 08:47:07,owner_warned,billing_issue,False,False
1095,884,591,300,access_denied,resolved,2023-02-05 06:58:14,2023-02-17 13:16:31,owner_warned,access_denied,False,False
341,1678,1778,433,owner_unresponsive,resolved,2023-02-05 00:18:01,2023-08-24 04:59:49,,owner_unresponsive,False,False
470,1431,431,280,billing_issue,open,2023-02-03 19:21:20,,,billing_issue,False,False
631,832,553,161,owner_unresponsive,closed,2023-02-02 19:28:19,2023-01-14 19:28:19,refunded,owner_unresponsive,False,False
161,1544,1264,72,subscription_inactive,resolved,2023-01-31 13:55:50,2023-10-21 02:00:50,refunded,subscription_inactive,False,False
65,144,783,366,billing_issue,resolved,2023-01-30 17:29:33,2023-11-07 20:21:42,,billing_issue,False,False
284,635,1875,158,other,open,2023-01-26 02:31:40,,,other,False,False
761,1203,728,145,wrong_credentials,closed,2023-01-25 06:56:19,2023-02-25 17:04:32,account_banned,wrong_credentials,False,False
399,259,630,97,access_denied,open,2023-01-25 02:18:00,,,access_denied,False,False
306,1397,930,253,billing_issue,open,2023-01-25 01:38:17,,,billing_issue,False,False
157,1204,259,81,billing_issue,open,2023-01-24 19:06:01,,,billing_issue,False,False
802,1432,570,366,access_denied,closed,2023-01-23 06:59:27,2023-11-15 11:41:02,no_action,access_denied,False,False
316,1942,1009,370,billing_issue,escalated,2023-01-20 06:45:56,,,billing_issue,False,False
946,1651,1524,238,access_denied,resolved,2023-01-19 07:13:53,2024-07-27 19:43:35,refunded,access_denied,False,False
1040,542,1998,125,other,closed,2023-01-19 06:11:55,2024-12-17 23:27:19,refunded,other,False,False
540,126,1472,174,subscription_inactive,open,2023-01-18 03:20:55,,,subscription_inactive,False,False
528,1711,186,258,wrong_credentials,open,2023-01-13 07:29:11,,,wrong_credentials,False,False
420,812,841,358,accès refusé,closed,2023-01-12 00:13:29,2023-10-28 21:13:48,subscriber_replaced,access_denied,False,False
1178,847,847,147,fraud_suspicion,escalated,2023-01-11 03:40:46,,,fraud_suspicion,True,False
410,927,1819,195,accès refusé,escalated,2023-01-10 17:37:07,,,access_denied,False,False
147,1871,432,307,wrong_credentials,open,2023-01-08 11:04:58,,,wrong_credentials,False,False
923,1341,1687,71,access_denied,open,2023-01-05 08:23:31,,,access_denied,False,False
99,666,1,307,owner_unresponsive,resolved,2023-01-04 23:51:46,2023-03-20 04:25:03,account_banned,owner_unresponsive,False,False
922,742,645,157,owner_unresponsive,in_progress,2023-01-03 08:14:54,,,owner_unresponsive,False,False
637,391,522,265,wrong_credentials,open,2023-01-02 10:16:32,,,wrong_credentials,False,False
1121,1502,927,75,subscription_inactive,resolved,2023-01-01 21:07:20,2023-05-22 04:22:54,owner_warned,subscription_inactive,False,False
230,815,356,108,access_denied,resolved,2022-12-31 02:48:49,2024-04-09 17:43:30,refunded,access_denied,False,False
1153,814,319,138,wrong_credentials,resolved,2022-12-29 22:25:58,2023-12-26 14:46:44,account_banned,wrong_credentials,False,False
514,157,826,78,fraud_suspicion,resolved,2022-12-29 13:22:57,2023-01-20 04:52:13,,fraud_suspicion,False,False
297,1510,1018,72,owner_unresponsive,escalated,2022-12-29 12:20:34,,,owner_unresponsive,False,False
150,793,1502,135,fraud_suspicion,closed,2022-12-29 03:33:03,2025-03-30 01:57:09,,fraud_suspicion,False,False
303,38,352,440,subscription_inactive,resolved,2022-12-28 10:29:45,2023-03-11 12:09:21,,subscription_inactive,False,False
337,1734,286,193,access_denied,escalated,2022-12-23 11:52:59,,,access_denied,False,False
642,939,871,278,wrong_credentials,open,2022-12-22 12:07:11,,,wrong_credentials,False,False
585,1518,815,249,billing_issue,in_progress,2022-12-21 23:21:49,,,billing_issue,False,False
615,729,1686,100,subscription_inactive,resolved,2022-12-14 00:09:22,2023-07-20 17:56:46,refunded,subscription_inactive,False,False
205,1272,1621,178,accès refusé,open,2022-12-14 00:05:57,,,access_denied,False,False
504,1604,56,228,fraud_suspicion,escalated,2022-12-13 09:07:09,,,fraud_suspicion,False,False
647,555,555,385,billing_issue,open,2022-12-12 07:09:27,,,billing_issue,True,False
719,1970,1078,213,subscription_inactive,in_progress,2022-12-09 15:58:13,,,subscription_inactive,False,False
520,1520,1857,332,billing_issue,closed,2022-12-08 07:15:04,2023-05-15 23:00:24,account_banned,billing_issue,False,False
33,1562,1506,370,other,closed,2022-12-07 09:10:15,2023-08-20 22:56:40,refunded,other,False,False
1026,584,1631,356,fraud_suspicion,closed,2022-12-06 20:38:19,2024-04-14 08:07:36,owner_warned,fraud_suspicion,False,False
461,1557,1626,109,subscription_inactive,in_progress,2022-12-06 13:33:12,,,subscription_inactive,False,False
292,197,1969,358,access_denied,resolved,2022-12-04 16:45:46,2023-02-27 01:14:27,owner_warned,access_denied,False,False
568,284,575,223,owner_unresponsive,closed,2022-12-04 09:05:06,2023-11-10 01:08:50,,owner_unresponsive,False,False
785,1504,642,99,subscription_inactive,closed,2022-12-03 02:01:00,2023-05-20 20:30:43,owner_warned,subscription_inactive,False,False
538,717,1036,11,access_denied,resolved,2022-12-02 18:03:59,2024-12-27 22:41:53,refunded,access_denied,False,False
653,1000,429,114,accès refusé,in_progress,2022-12-02 13:23:29,,,access_denied,False,False
1035,1181,1343,37,access_denied,in_progress,2022-12-01 18:21:41,,,access_denied,False,False
895,62,717,315,subscription_inactive,escalated,2022-12-01 10:17:48,,,subscription_inactive,False,False
431,67,967,15,fraud_suspicion,open,2022-11-30 05:15:05,,,fraud_suspicion,False,False
212,128,63,258,subscription_inactive,closed,2022-11-29 13:30:06,2022-11-25 13:30:06,,subscription_inactive,False,False
612,658,881,108,billing_issue,resolved,2022-11-28 17:38:26,2024-01-20 23:32:16,,billing_issue,False,False
288,703,1601,333,fraud_suspicion,open,2022-11-28 01:57:53,,,fraud_suspicion,False,False
935,1989,652,316,owner_unresponsive,open,2022-11-27 04:00:30,,,owner_unresponsive,False,False
810,622,1314,235,owner_unresponsive,resolved,2022-11-26 22:04:30,2023-05-13 11:55:32,owner_warned,owner_unresponsive,False,False
732,571,1509,237,owner_unresponsive,open,2022-11-21 20:12:41,,,owner_unresponsive,False,False
379,741,1696,17,owner_unresponsive,resolved,2022-11-21 13:24:03,2024-10-11 06:19:24,account_banned,owner_unresponsive,False,False
709,1606,1241,67,access_denied,escalated,2022-11-20 13:01:42,,,access_denied,False,False
360,1085,912,352,other,closed,2022-11-20 08:54:11,2023-08-26 22:27:56,no_action,other,False,False
1036,599,214,162,accès refusé,resolved,2022-11-20 03:19:21,2024-10-31 11:15:24,account_banned,access_denied,False,False
1057,1353,1186,205,access_denied,open,2022-11-19 12:49:53,,,access_denied,False,False
74,360,906,268,billing_issue,in_progress,2022-11-18 02:39:50,,,billing_issue,False,False
679,1973,1301,48,access_denied,resolved,2022-11-17 19:59:05,2024-06-09 23:55:47,owner_warned,access_denied,False,False
1119,159,1437,183,billing_issue,resolved,2022-11-17 04:18:57,2024-07-29 17:02:40,no_action,billing_issue,False,False
838,622,630,338,access_denied,resolved,2022-11-11 10:01:15,2025-02-13 06:13:01,owner_warned,access_denied,False,False
324,1118,1527,134,fraud_suspicion,resolved,2022-11-10 03:01:40,2024-10-26 23:31:57,subscriber_replaced,fraud_suspicion,False,False
143,992,1478,20,billing_issue,in_progress,2022-11-09 13:32:53,,,billing_issue,False,False
411,1114,646,29,access_denied,closed,2022-11-08 22:19:39,2024-09-19 21:39:28,,access_denied,False,False
681,1092,67,82,billing_issue,closed,2022-11-08 04:40:42,2023-02-23 21:09:20,owner_warned,billing_issue,False,False
221,1259,463,123,wrong_credentials,closed,2022-11-07 16:17:42,2024-08-29 06:48:37,owner_warned,wrong_credentials,False,False
175,75,504,210,access_denied,in_progress,2022-11-01 18:45:01,,,access_denied,False,False
490,1629,1577,358,other,closed,2022-10-31 13:02:51,2023-08-05 00:42:12,account_banned,other,False,False
358,174,1911,18,accès refusé,closed,2022-10-30 05:36:19,2022-11-12 18:19:53,no_action,access_denied,False,False
168,703,1645,61,accès refusé,in_progress,2022-10-29 18:53:33,,,access_denied,False,False
1088,495,331,27,accès refusé,resolved,2022-10-28 11:16:41,2023-04-10 03:30:16,account_banned,access_denied,False,False
776,317,772,164,wrong_credentials,resolved,2022-10-26 15:14:57,2023-02-25 23:37:59,account_banned,wrong_credentials,False,False
1000,1132,1159,91,fraud_suspicion,in_progress,2022-10-26 02:52:09,,,fraud_suspicion,False,False
1102,1533,1472,324,billing_issue,open,2022-10-25 17:58:12,,,billing_issue,False,False
580,555,92,334,billing_issue,resolved,2022-10-23 17:58:55,2025-03-01 02:16:21,refunded,billing_issue,False,False
731,531,1483,81,other,closed,2022-10-23 03:02:34,2023-08-25 01:43:10,owner_warned,other,False,False
156,1566,625,219,accès refusé,closed,2022-10-22 22:01:11,2023-06-25 21:59:21,subscriber_replaced,access_denied,False,False
134,702,702,166,fraud_suspicion,resolved,2022-10-21 22:10:50,2022-12-30 14:28:32,,fraud_suspicion,True,False
502,327,1363,157,accès refusé,resolved,2022-10-21 16:06:47,2025-02-14 21:59:41,subscriber_replaced,access_denied,False,False
941,399,957,194,subscription_inactive,in_progress,2022-10-17 21:58:42,,,subscription_inactive,False,False
478,99,1731,177,access_denied,in_progress,2022-10-17 13:48:45,,,access_denied,False,False
578,814,1907,317,owner_unresponsive,resolved,2022-10-13 23:00:58,2023-11-11 10:03:11,,owner_unresponsive,False,False
926,1543,1030,325,wrong_credentials,closed,2022-10-13 18:31:52,2024-03-09 14:34:23,no_action,wrong_credentials,False,False
748,1491,1839,60,access_denied,in_progress,2022-10-12 04:15:54,,,access_denied,False,False
370,554,72,53,fraud_suspicion,closed,2022-10-06 01:25:28,2022-12-13 20:49:14,,fraud_suspicion,False,False
1052,1544,63,72,fraud_suspicion,in_progress,2022-10-05 10:13:09,,,fraud_suspicion,False,False
556,1431,446,230,owner_unresponsive,closed,2022-10-04 18:15:14,2023-03-01 16:42:32,owner_warned,owner_unresponsive,False,False
757,678,1096,331,subscription_inactive,open,2022-10-04 12:27:01,,,subscription_inactive,False,False
191,1600,1064,27,access_denied,closed,2022-10-04 00:15:24,2024-07-31 00:20:16,refunded,access_denied,False,False
805,1148,1638,341,access_denied,open,2022-10-03 19:10:58,,,access_denied,False,False
3,1361,672,124,accès refusé,resolved,2022-10-01 21:19:13,2024-01-27 20:51:20,,access_denied,False,False
582,869,581,30,accès refusé,resolved,2022-09-26 22:07:24,2023-05-27 16:11:54,account_banned,access_denied,False,False
661,542,1364,295,owner_unresponsive,open,2022-09-23 17:29:01,,,owner_unresponsive,False,False
475,1017,796,87,owner_unresponsive,escalated,2022-09-23 16:32:30,,,owner_unresponsive,False,False
579,55,771,449,access_denied,closed,2022-09-23 09:24:14,2025-02-23 17:46:07,owner_warned,access_denied,False,False
1115,885,584,110,access_denied,closed,2022-09-21 14:50:04,2024-02-04 17:51:51,subscriber_replaced,access_denied,False,False
846,170,1049,103,other,open,2022-09-19 09:49:38,,,other,False,False
843,1787,1229,266,wrong_credentials,open,2022-09-15 07:19:50,,,wrong_credentials,False,False
569,932,394,206,owner_unresponsive,resolved,2022-09-10 19:49:19,2023-11-03 12:42:52,subscriber_replaced,owner_unresponsive,False,False
27,245,1552,264,other,resolved,2022-09-10 15:13:36,2023-05-27 02:17:12,no_action,other,False,False
194,796,1824,372,access_denied,closed,2022-09-08 05:19:56,2023-07-13 05:17:04,owner_warned,access_denied,False,False
14,84,1279,11,fraud_suspicion,open,2022-09-07 22:01:13,,,fraud_suspicion,False,False
451,1015,933,191,access_denied,in_progress,2022-09-07 20:48:21,,,access_denied,False,False
664,551,231,289,other,open,2022-09-07 18:34:49,,,other,False,False
444,568,965,174,wrong_credentials,escalated,2022-09-06 05:34:44,,,wrong_credentials,False,False
1136,80,1404,196,subscription_inactive,open,2022-09-05 17:33:32,,,subscription_inactive,False,False
267,1315,535,74,access_denied,resolved,2022-09-05 12:29:05,2025-05-09 13:36:12,,access_denied,False,False
372,1618,387,385,other,open,2022-08-30 05:50:04,,,other,False,False
52,1171,1379,351,owner_unresponsive,open,2022-08-27 20:45:49,,,owner_unresponsive,False,False
892,1272,791,50,access_denied,resolved,2022-08-22 22:25:31,2024-08-24 18:55:59,account_banned,access_denied,False,False
641,1823,1082,377,billing_issue,resolved,2022-08-19 17:35:22,2024-11-23 19:41:34,no_action,billing_issue,False,False
190,323,379,177,accès refusé,closed,2022-08-18 03:48:36,2023-10-22 19:50:44,no_action,access_denied,False,False
253,1041,967,375,fraud_suspicion,open,2022-08-16 05:23:48,,,fraud_suspicion,False,False
707,1487,499,398,access_denied,open,2022-08-15 17:44:06,,,access_denied,False,False
48,1039,1265,41,owner_unresponsive,open,2022-08-12 22:36:55,,,owner_unresponsive,False,False
898,97,800,41,billing_issue,closed,2022-08-12 00:04:52,2025-03-08 08:39:56,account_banned,billing_issue,False,False
1016,483,1412,230,billing_issue,escalated,2022-08-10 04:40:27,,,billing_issue,False,False
742,1732,988,181,fraud_suspicion,closed,2022-08-08 15:00:01,2022-08-04 15:00:01,,fraud_suspicion,False,False
135,17,1785,50,fraud_suspicion,in_progress,2022-08-07 20:17:55,,,fraud_suspicion,False,False
1165,386,1303,9,owner_unresponsive,escalated,2022-08-07 12:20:47,,,owner_unresponsive,False,False
496,590,522,168,accès refusé,in_progress,2022-08-04 19:19:53,,,access_denied,False,False
421,1817,901,393,subscription_inactive,open,2022-08-03 19:57:44,,,subscription_inactive,False,False
1184,389,1883,123,other,resolved,2022-08-02 17:57:45,2025-04-25 12:53:03,account_banned,other,False,False
1068,1606,1449,67,other,escalated,2022-08-01 08:41:19,,,other,False,False
644,912,645,239,access_denied,resolved,2022-07-31 22:23:43,2023-08-21 05:18:42,,access_denied,False,False
717,1452,977,177,access_denied,closed,2022-07-31 13:10:26,2022-12-06 00:52:44,no_action,access_denied,False,False
183,793,345,382,owner_unresponsive,open,2022-07-29 11:16:24,,,owner_unresponsive,False,False
523,1449,1470,18,wrong_credentials,open,2022-07-29 00:26:47,,,wrong_credentials,False,False
92,678,486,272,wrong_credentials,escalated,2022-07-28 23:41:46,,,wrong_credentials,False,False
272,1948,1948,451,billing_issue,open,2022-07-28 20:25:55,,,billing_issue,True,False
438,228,775,131,subscription_inactive,open,2022-07-27 02:04:06,,,subscription_inactive,False,False
171,1948,360,451,access_denied,open,2022-07-26 22:04:23,,,access_denied,False,False
794,340,1676,129,wrong_credentials,open,2022-07-23 23:16:13,,,wrong_credentials,False,False
278,1933,110,322,subscription_inactive,escalated,2022-07-23 09:57:53,,,subscription_inactive,False,False
1032,1375,90,257,other,open,2022-07-22 08:05:17,,,other,False,False
981,1163,140,126,wrong_credentials,resolved,2022-07-18 19:45:48,2023-10-30 08:34:39,subscriber_replaced,wrong_credentials,False,False
645,73,1531,118,subscription_inactive,resolved,2022-07-12 14:56:15,2025-02-23 23:44:05,no_action,subscription_inactive,False,False
792,1743,129,239,other,escalated,2022-07-07 00:20:08,,,other,False,False
902,1258,1747,199,other,open,2022-07-04 18:27:37,,,other,False,False
1186,1766,1105,56,owner_unresponsive,open,2022-07-04 10:36:28,,,owner_unresponsive,False,False
576,80,448,196,access_denied,closed,2022-07-01 14:30:14,2025-05-07 23:05:07,no_action,access_denied,False,False
997,105,168,257,wrong_credentials,closed,2022-06-30 00:10:37,2024-09-30 02:16:02,subscriber_replaced,wrong_credentials,False,False
210,1818,488,161,fraud_suspicion,closed,2022-06-28 07:55:11,2024-01-30 03:30:11,refunded,fraud_suspicion,False,False
590,704,1783,8,access_denied,in_progress,2022-06-28 06:28:07,,,access_denied,False,False
125,1656,329,284,other,open,2022-06-27 22:32:43,,,other,False,False
1142,849,1782,324,wrong_credentials,escalated,2022-06-27 12:12:26,,,wrong_credentials,False,False
1023,55,224,449,owner_unresponsive,closed,2022-06-24 17:17:49,2025-03-07 23:56:48,account_banned,owner_unresponsive,False,False
575,1054,1418,140,other,resolved,2022-06-24 09:54:12,2025-05-08 03:50:16,account_banned,other,False,False
222,1272,236,50,other,open,2022-06-23 07:44:34,,,other,False,False
983,1411,417,11,owner_unresponsive,closed,2022-06-22 16:30:30,2023-02-23 10:28:03,refunded,owner_unresponsive,False,False
1160,365,1355,61,other,in_progress,2022-06-22 01:53:22,,,other,False,False
185,1148,563,341,accès refusé,resolved,2022-06-21 06:49:08,2023-03-25 11:35:10,refunded,access_denied,False,False
537,1543,1115,40,access_denied,open,2022-06-20 00:13:57,,,access_denied,False,False
200,1985,605,341,billing_issue,escalated,2022-06-19 06:43:19,,,billing_issue,False,False
377,1426,1373,165,accès refusé,in_progress,2022-06-18 17:13:09,,,access_denied,False,False
361,1045,1539,353,accès refusé,in_progress,2022-06-16 20:22:01,,,access_denied,False,False
405,317,287,164,other,resolved,2022-06-16 11:43:03,2023-12-16 17:18:06,owner_warned,other,False,False
949,1218,126,163,access_denied,resolved,2022-06-14 10:06:45,2023-01-20 00:13:32,refunded,access_denied,False,False
108,1056,722,264,billing_issue,open,2022-06-14 01:41:32,,,billing_issue,False,False
655,469,469,206,owner_unresponsive,escalated,2022-06-13 19:08:36,,,owner_unresponsive,True,False
594,1698,201,146,access_denied,open,2022-06-13 07:45:43,,,access_denied,False,False
803,1251,786,99,wrong_credentials,resolved,2022-06-11 09:57:36,2022-08-19 22:39:31,,wrong_credentials,False,False
26,1969,705,179,owner_unresponsive,open,2022-06-11 08:29:48,,,owner_unresponsive,False,False
29,529,737,148,fraud_suspicion,resolved,2022-06-11 02:52:07,2022-06-30 15:32:05,account_banned,fraud_suspicion,False,False
250,529,971,247,subscription_inactive,resolved,2022-06-09 02:24:03,2023-07-30 22:09:10,,subscription_inactive,False,False
456,987,623,366,access_denied,resolved,2022-06-05 01:32:54,2024-02-19 14:02:32,subscriber_replaced,access_denied,False,False
693,864,1151,42,accès refusé,open,2022-05-28 10:29:09,,,access_denied,False,False
1149,1038,24,158,other,closed,2022-05-28 07:14:29,2023-11-03 22:12:26,account_banned,other,False,False
255,1479,1731,397,subscription_inactive,open,2022-05-27 05:30:24,,,subscription_inactive,False,False
565,1163,621,126,access_denied,open,2022-05-25 14:30:52,,,access_denied,False,False
1024,1908,932,210,fraud_suspicion,in_progress,2022-05-23 17:10:18,,,fraud_suspicion,False,False
1042,1778,1356,282,owner_unresponsive,escalated,2022-05-22 09:41:27,,,owner_unresponsive,False,False
153,1219,57,362,wrong_credentials,escalated,2022-05-22 04:08:41,,,wrong_credentials,False,False
1038,814,1090,138,other,open,2022-05-20 03:20:49,,,other,False,False
211,471,1286,49,accès refusé,resolved,2022-05-18 05:56:04,2023-12-10 22:47:10,no_action,access_denied,False,False
759,440,1949,126,owner_unresponsive,resolved,2022-05-17 11:32:53,2024-06-11 00:09:52,,owner_unresponsive,False,False
317,670,1447,389,billing_issue,resolved,2022-05-16 04:22:45,2022-08-22 19:24:01,,billing_issue,False,False
20,1432,716,366,access_denied,open,2022-05-15 17:54:20,,,access_denied,False,False
844,1273,260,59,fraud_suspicion,in_progress,2022-05-15 03:13:33,,,fraud_suspicion,False,False
1066,1835,958,184,other,resolved,2022-05-14 22:40:00,2024-01-08 03:39:43,refunded,other,False,False
58,439,1250,114,owner_unresponsive,resolved,2022-05-13 06:38:52,2023-10-11 23:20:36,,owner_unresponsive,False,False
362,469,1267,206,wrong_credentials,resolved,2022-05-12 22:48:21,2025-04-29 14:54:13,,wrong_credentials,False,False
780,455,1592,186,owner_unresponsive,open,2022-05-12 10:22:19,,,owner_unresponsive,False,False
8,729,21,38,owner_unresponsive,open,2022-05-10 04:21:43,,,owner_unresponsive,False,False
1103,1597,1838,33,wrong_credentials,in_progress,2022-05-09 22:38:16,,,wrong_credentials,False,False
1046,1942,1942,370,other,open,2022-05-08 04:18:53,2022-08-19 18:03:56,refunded,other,True,False
586,538,1080,380,subscription_inactive,resolved,2022-05-07 17:57:10,2025-02-09 17:50:37,subscriber_replaced,subscription_inactive,False,False
170,1458,212,247,access_denied,closed,2022-05-05 20:24:46,2025-01-23 12:04:08,owner_warned,access_denied,False,False
71,838,1333,342,other,in_progress,2022-05-05 07:22:00,,,other,False,False
957,302,1840,224,access_denied,resolved,2022-05-05 04:02:46,2025-04-01 16:36:53,owner_warned,access_denied,False,False
295,924,924,206,billing_issue,resolved,2022-05-02 14:54:19,2024-04-25 18:36:29,,billing_issue,True,False
126,936,810,285,other,closed,2022-04-30 16:25:16,2023-03-07 11:55:05,no_action,other,False,False
309,313,1256,206,accès refusé,resolved,2022-04-26 23:11:11,2023-04-01 07:23:19,,access_denied,False,False
55,894,362,305,access_denied,open,2022-04-25 16:00:47,,,access_denied,False,False
636,542,894,295,access_denied,escalated,2022-04-24 07:19:32,,,access_denied,False,False
82,1489,1919,86,billing_issue,resolved,2022-04-23 12:53:12,2023-08-31 21:16:01,,billing_issue,False,False
381,1538,1591,223,subscription_inactive,in_progress,2022-04-20 22:45:59,,,subscription_inactive,False,False
102,1194,1637,296,access_denied,in_progress,2022-04-20 22:39:01,,,access_denied,False,False
563,548,318,52,accès refusé,closed,2022-04-14 20:02:10,2024-05-26 16:26:21,owner_warned,access_denied,False,False
959,1411,1012,11,other,in_progress,2022-04-14 16:18:42,,,other,False,False
1130,945,1210,225,subscription_inactive,open,2022-04-14 09:57:28,,,subscription_inactive,False,False
353,1457,829,385,access_denied,open,2022-04-14 05:12:25,,,access_denied,False,False
334,1665,1270,369,accès refusé,open,2022-04-13 19:07:08,,,access_denied,False,False
503,1399,1862,236,other,open,2022-04-12 09:06:47,,,other,False,False
839,191,1863,53,subscription_inactive,resolved,2022-04-11 10:42:32,2024-03-01 20:15:54,refunded,subscription_inactive,False,False
880,1562,183,370,access_denied,resolved,2022-04-10 05:12:14,2025-04-05 07:27:56,refunded,access_denied,False,False
72,1204,1204,81,accès refusé,escalated,2022-04-08 15:19:15,,,access_denied,True,False
715,1653,1408,355,fraud_suspicion,in_progress,2022-04-08 01:20:21,,,fraud_suspicion,False,False
446,673,616,247,other,open,2022-04-07 18:19:46,,,other,False,False
43,1171,1957,307,billing_issue,resolved,2022-04-06 22:10:26,2025-05-01 06:42:17,no_action,billing_issue,False,False
996,555,338,261,accès refusé,open,2022-04-06 20:13:57,,,access_denied,False,False
876,1605,192,269,access_denied,in_progress,2022-04-05 20:14:45,,,access_denied,False,False
408,60,161,289,subscription_inactive,escalated,2022-04-05 08:32:32,,,subscription_inactive,False,False
378,1072,1039,56,owner_unresponsive,resolved,2022-04-03 15:05:02,2024-07-17 05:34:30,,owner_unresponsive,False,False
781,699,800,85,access_denied,escalated,2022-04-01 16:30:09,,,access_denied,False,False
83,456,102,25,accès refusé,escalated,2022-04-01 01:20:59,,,access_denied,False,False
66,1058,601,58,access_denied,resolved,2022-03-31 18:13:50,2024-06-09 02:29:07,account_banned,access_denied,False,False
454,398,1513,347,other,in_progress,2022-03-31 17:26:08,,,other,False,False
601,551,662,289,wrong_credentials,open,2022-03-30 20:30:43,,,wrong_credentials,False,False
450,221,1630,359,access_denied,in_progress,2022-03-30 18:13:36,,,access_denied,False,False
916,1039,1934,196,owner_unresponsive,open,2022-03-30 07:24:21,,,owner_unresponsive,False,False
736,10,1959,57,accès refusé,closed,2022-03-29 20:52:00,2023-08-16 05:45:54,owner_warned,access_denied,False,False
769,1441,1954,316,other,escalated,2022-03-29 09:38:18,,,other,False,False
735,635,488,158,accès refusé,in_progress,2022-03-29 03:36:01,,,access_denied,False,False
283,1488,448,203,other,resolved,2022-03-28 21:07:08,2025-04-14 17:01:14,,other,False,False
648,1346,1425,9,billing_issue,in_progress,2022-03-28 05:20:32,,,billing_issue,False,False
460,1818,443,299,owner_unresponsive,open,2022-03-27 21:33:54,2022-06-06 11:59:55,,owner_unresponsive,False,False
315,704,929,8,owner_unresponsive,open,2022-03-27 04:04:40,,,owner_unresponsive,False,False
266,49,151,217,other,in_progress,2022-03-25 15:30:05,,,other,False,False
447,1653,11,236,wrong_credentials,open,2022-03-23 16:30:14,,,wrong_credentials,False,False
772,832,1540,161,fraud_suspicion,closed,2022-03-22 19:34:39,2025-05-27 10:31:55,refunded,fraud_suspicion,False,False
375,849,767,324,billing_issue,resolved,2022-03-21 02:28:11,2023-08-02 12:01:06,,billing_issue,False,False
1043,1631,1476,231,accès refusé,open,2022-03-19 22:12:33,,,access_denied,False,False
544,1644,277,240,fraud_suspicion,open,2022-03-15 18:27:19,,,fraud_suspicion,False,False
559,1852,1594,286,subscription_inactive,resolved,2022-03-15 06:20:34,2022-04-21 14:46:21,,subscription_inactive,False,False
617,465,559,30,billing_issue,closed,2022-03-13 18:26:47,2023-10-23 04:43:48,,billing_issue,False,False
933,1889,1459,361,access_denied,open,2022-03-13 11:40:08,,,access_denied,False,False
658,1336,1342,102,accès refusé,resolved,2022-03-12 09:49:35,2024-01-28 02:50:59,no_action,access_denied,False,False
291,414,561,336,other,open,2022-03-09 08:02:20,,,other,False,False
907,1896,1103,48,owner_unresponsive,open,2022-03-09 02:37:58,,,owner_unresponsive,False,False
626,1818,1611,100,other,resolved,2022-03-08 09:16:40,2022-07-28 02:14:12,,other,False,False
508,965,1857,354,wrong_credentials,resolved,2022-03-08 05:46:29,2023-12-08 18:14:48,,wrong_credentials,False,False
798,1917,177,280,other,in_progress,2022-03-07 09:03:50,,,other,False,False
720,1504,652,99,access_denied,resolved,2022-03-06 18:45:44,2024-05-27 01:47:39,,access_denied,False,False
302,284,966,253,fraud_suspicion,open,2022-03-06 14:04:38,,,fraud_suspicion,False,False
418,1073,1461,351,subscription_inactive,open,2022-03-05 21:53:57,2024-08-14 13:35:14,refunded,subscription_inactive,False,False
427,308,400,384,fraud_suspicion,resolved,2022-03-01 23:04:54,2024-01-13 14:31:46,refunded,fraud_suspicion,False,False
493,1728,1108,342,other,in_progress,2022-03-01 15:24:46,,,other,False,False
1143,976,976,167,owner_unresponsive,closed,2022-03-01 07:22:13,2025-05-07 19:40:46,no_action,owner_unresponsive,True,False
607,555,1119,385,accès refusé,open,2022-02-28 19:37:06,,,access_denied,False,False
115,471,1090,49,accès refusé,in_progress,2022-02-25 08:23:34,,,access_denied,False,False
581,1428,512,109,subscription_inactive,resolved,2022-02-19 09:03:12,2024-06-03 02:39:43,account_banned,subscription_inactive,False,False
622,1753,916,368,other,closed,2022-02-18 21:08:00,2023-03-23 23:02:06,,other,False,False
619,271,460,216,subscription_inactive,open,2022-02-18 00:12:55,,,subscription_inactive,False,False
1027,1041,1041,375,billing_issue,in_progress,2022-02-14 04:09:32,,,billing_issue,True,False
482,523,159,372,access_denied,closed,2022-02-13 02:19:16,2024-01-14 18:49:32,,access_denied,False,False
530,999,725,20,subscription_inactive,escalated,2022-02-10 11:47:48,,,subscription_inactive,False,False
39,628,774,263,access_denied,closed,2022-02-10 03:59:15,2024-03-31 01:24:30,,access_denied,False,False
506,815,1474,108,wrong_credentials,resolved,2022-02-08 00:33:54,2022-02-20 16:04:39,refunded,wrong_credentials,False,False
596,67,600,15,access_denied,escalated,2022-02-06 16:29:06,,,access_denied,False,False
314,898,1742,369,wrong_credentials,escalated,2022-02-06 06:39:20,,,wrong_credentials,False,False
373,1940,438,372,fraud_suspicion,in_progress,2022-02-05 20:23:18,,,fraud_suspicion,False,False
1169,1639,1639,450,wrong_credentials,resolved,2022-02-03 09:11:19,2023-12-16 12:10:47,refunded,wrong_credentials,True,False
1007,1479,381,156,access_denied,resolved,2022-02-01 06:57:21,2024-10-22 20:08:51,subscriber_replaced,access_denied,False,False
391,1981,722,100,subscription_inactive,open,2022-01-30 06:20:47,,,subscription_inactive,False,False
597,946,789,316,access_denied,closed,2022-01-29 22:05:47,2025-03-23 11:12:33,refunded,access_denied,False,False
1193,741,865,388,subscription_inactive,resolved,2022-01-28 17:44:30,2022-02-08 19:28:53,,subscription_inactive,False,False
217,1809,1285,149,billing_issue,resolved,2022-01-27 01:26:34,2022-06-15 12:30:58,owner_warned,billing_issue,False,False
789,578,459,193,accès refusé,resolved,2022-01-26 04:20:29,2022-02-09 12:47:15,account_banned,access_denied,False,False
680,49,289,217,fraud_suspicion,resolved,2022-01-24 22:14:50,2022-10-20 22:17:10,,fraud_suspicion,False,False
38,1258,50,199,accès refusé,open,2022-01-24 17:06:10,,,access_denied,False,False
146,1097,627,86,accès refusé,open,2022-01-22 18:26:21,,,access_denied,False,False
571,1631,821,59,subscription_inactive,open,2022-01-20 07:26:05,,,subscription_inactive,False,False
180,1535,1930,398,access_denied,in_progress,2022-01-14 04:48:35,,,access_denied,False,False
689,753,1531,141,billing_issue,in_progress,2022-01-13 14:52:10,,,billing_issue,False,False
677,1976,200,164,fraud_suspicion,closed,2022-01-12 16:30:18,2022-11-08 07:09:28,account_banned,fraud_suspicion,False,False
260,1169,1781,412,subscription_inactive,open,2022-01-07 13:39:01,,,subscription_inactive,False,False
440,543,1457,276,owner_unresponsive,escalated,2022-01-06 18:31:45,,,owner_unresponsive,False,False
999,1503,1629,202,wrong_credentials,closed,2022-01-05 16:03:11,2024-02-10 23:17:38,refunded,wrong_credentials,False,False
422,368,714,382,other,escalated,2022-01-05 09:02:07,,,other,False,False
1167,116,1227,43,access_denied,resolved,2022-01-04 03:16:25,2022-03-22 13:34:43,,access_denied,False,False
1105,1131,1168,249,subscription_inactive,open,2022-01-03 00:20:43,,,subscription_inactive,False,False
346,1417,1579,194,billing_issue,resolved,2022-01-02 06:55:10,2022-10-11 11:35:05,no_action,billing_issue,False,False
750,615,700,51,other,closed,2022-01-01 09:55:44,2022-02-26 10:01:34,,other,False,False
809,1027,1529,134,access_denied,resolved,2021-12-31 20:24:29,2024-12-23 02:59:31,,access_denied,False,False
1053,840,1012,344,access_denied,open,2021-12-31 15:30:10,,,access_denied,False,False
208,555,601,334,wrong_credentials,open,2021-12-30 04:23:27,,,wrong_credentials,False,False
352,1222,1971,40,accès refusé,resolved,2021-12-30 02:50:08,2023-01-10 00:22:34,owner_warned,access_denied,False,False
215,1328,190,26,billing_issue,open,2021-12-29 00:26:28,,,billing_issue,False,False
398,65,1169,192,billing_issue,open,2021-12-27 03:33:04,,,billing_issue,False,False
252,1046,1137,31,access_denied,escalated,2021-12-26 05:39:27,,,access_denied,False,False
531,669,893,140,fraud_suspicion,open,2021-12-26 03:58:44,,,fraud_suspicion,False,False
767,1979,371,67,fraud_suspicion,resolved,2021-12-24 08:24:07,2022-02-21 05:30:26,owner_warned,fraud_suspicion,False,False
227,1882,1759,278,fraud_suspicion,escalated,2021-12-21 00:06:12,,,fraud_suspicion,False,False
1171,463,1573,78,billing_issue,in_progress,2021-12-20 11:46:43,,,billing_issue,False,False
15,144,96,366,accès refusé,resolved,2021-12-19 19:33:10,2025-05-13 20:06:35,refunded,access_denied,False,False
1146,1171,734,46,accès refusé,escalated,2021-12-19 00:21:12,,,access_denied,False,False
392,819,1047,294,wrong_credentials,resolved,2021-12-18 09:10:11,2025-04-24 18:05:26,account_banned,wrong_credentials,False,False
68,840,1938,258,subscription_inactive,in_progress,2021-12-17 01:16:07,,,subscription_inactive,False,False
706,621,1464,110,access_denied,closed,2021-12-17 00:38:46,2024-01-01 01:23:14,owner_warned,access_denied,False,False
745,1328,122,26,wrong_credentials,escalated,2021-12-16 06:42:10,,,wrong_credentials,False,False
463,751,1180,269,access_denied,open,2021-12-16 02:25:41,,,access_denied,False,False
863,1439,840,48,wrong_credentials,open,2021-12-15 21:54:26,,,wrong_credentials,False,False
259,344,1871,355,access_denied,resolved,2021-12-11 20:33:09,2025-01-04 10:53:52,owner_warned,access_denied,False,False
639,125,1120,246,fraud_suspicion,escalated,2021-12-10 04:42:25,,,fraud_suspicion,False,False
173,1379,1367,18,wrong_credentials,resolved,2021-12-09 00:09:34,2022-09-26 13:35:12,,wrong_credentials,False,False
1134,1896,1166,48,access_denied,in_progress,2021-12-08 22:47:24,,,access_denied,False,False
174,1639,463,450,subscription_inactive,closed,2021-12-07 03:36:20,2023-05-02 01:26:48,subscriber_replaced,subscription_inactive,False,False
1011,373,1426,397,accès refusé,closed,2021-12-05 20:37:03,2024-05-12 05:34:29,account_banned,access_denied,False,False
351,1045,1045,353,subscription_inactive,in_progress,2021-12-05 01:26:04,,,subscription_inactive,True,False
662,1639,1299,309,billing_issue,in_progress,2021-12-04 03:02:21,,,billing_issue,False,False
855,564,438,331,billing_issue,closed,2021-11-30 14:31:34,2023-06-15 22:09:07,account_banned,billing_issue,False,False
1179,1979,1998,67,other,open,2021-11-29 21:44:38,,,other,False,False
727,1972,1542,280,billing_issue,resolved,2021-11-29 21:05:38,2023-10-22 11:57:15,no_action,billing_issue,False,False
120,284,183,223,owner_unresponsive,open,2021-11-24 11:04:19,,,owner_unresponsive,False,False
1104,448,1483,4,wrong_credentials,open,2021-11-23 20:03:28,,,wrong_credentials,False,False
42,126,260,220,other,in_progress,2021-11-22 03:46:55,,,other,False,False
743,1041,564,375,access_denied,open,2021-11-20 03:41:08,,,access_denied,False,False
1174,1485,81,231,subscription_inactive,escalated,2021-11-16 05:36:55,,,subscription_inactive,False,False
428,399,493,194,owner_unresponsive,closed,2021-11-15 06:38:40,2024-05-27 07:19:23,subscriber_replaced,owner_unresponsive,False,False
697,830,1687,112,fraud_suspicion,resolved,2021-11-15 05:38:50,2023-12-09 21:01:49,subscriber_replaced,fraud_suspicion,False,False
429,630,600,352,billing_issue,open,2021-11-14 12:08:02,,,billing_issue,False,False
467,1046,184,31,subscription_inactive,resolved,2021-11-12 20:12:19,2022-01-07 23:08:07,,subscription_inactive,False,False
666,1128,899,156,subscription_inactive,in_progress,2021-11-08 23:18:33,,,subscription_inactive,False,False
67,652,1833,47,access_denied,open,2021-11-05 07:06:53,,,access_denied,False,False
775,1985,550,203,wrong_credentials,in_progress,2021-11-04 00:14:19,,,wrong_credentials,False,False
98,49,685,400,fraud_suspicion,open,2021-11-03 20:56:42,,,fraud_suspicion,False,False
233,171,586,165,owner_unresponsive,resolved,2021-11-02 13:39:51,2023-01-02 18:54:05,owner_warned,owner_unresponsive,False,False
1071,984,1457,166,other,resolved,2021-11-01 23:56:15,2024-03-15 13:01:03,no_action,other,False,False
620,40,396,261,fraud_suspicion,escalated,2021-11-01 04:53:54,,,fraud_suspicion,False,False
162,287,1965,219,fraud_suspicion,escalated,2021-10-31 16:46:22,,,fraud_suspicion,False,False
643,1732,1732,181,subscription_inactive,resolved,2021-10-31 08:31:40,2024-05-23 18:02:36,no_action,subscription_inactive,True,False
778,793,1673,458,wrong_credentials,escalated,2021-10-29 22:11:05,,,wrong_credentials,False,False
1133,523,367,372,accès refusé,in_progress,2021-10-29 02:22:00,,,access_denied,False,False
634,1639,903,309,fraud_suspicion,resolved,2021-10-28 09:17:24,2023-03-06 06:04:23,no_action,fraud_suspicion,False,False
336,636,944,287,billing_issue,resolved,2021-10-27 00:43:50,2022-11-10 11:14:46,refunded,billing_issue,False,False
955,1444,439,287,fraud_suspicion,resolved,2021-10-25 18:15:03,2022-03-12 07:55:25,,fraud_suspicion,False,False
1108,1257,444,283,fraud_suspicion,closed,2021-10-24 13:12:21,2024-10-15 00:40:46,account_banned,fraud_suspicion,False,False
164,676,260,255,owner_unresponsive,closed,2021-10-22 21:54:09,2023-05-31 15:46:03,account_banned,owner_unresponsive,False,False
384,1262,998,118,fraud_suspicion,resolved,2021-10-22 18:33:13,2023-01-16 20:10:06,subscriber_replaced,fraud_suspicion,False,False
413,132,1663,34,owner_unresponsive,escalated,2021-10-22 02:32:03,,,owner_unresponsive,False,False
1144,10,10,57,access_denied,in_progress,2021-10-19 02:45:16,,,access_denied,True,False
94,411,1196,400,accès refusé,open,2021-10-19 00:36:13,,,access_denied,False,False
343,79,139,379,subscription_inactive,open,2021-10-16 09:53:24,,,subscription_inactive,False,False
256,801,1309,199,access_denied,open,2021-10-11 09:15:46,,,access_denied,False,False
37,1712,1291,86,other,open,2021-10-11 07:29:35,,,other,False,False
357,1194,484,296,wrong_credentials,in_progress,2021-10-09 00:30:54,,,wrong_credentials,False,False
1126,1450,1185,185,subscription_inactive,open,2021-10-08 16:15:08,,,subscription_inactive,False,False
354,529,1998,206,fraud_suspicion,escalated,2021-10-08 12:32:57,,,fraud_suspicion,False,False
138,987,606,132,billing_issue,escalated,2021-10-08 12:12:31,,,billing_issue,False,False
481,1301,1644,385,access_denied,resolved,2021-10-08 04:30:45,2022-07-14 14:24:02,owner_warned,access_denied,False,False
773,1283,631,315,wrong_credentials,in_progress,2021-10-06 14:56:40,,,wrong_credentials,False,False
80,705,1620,388,other,open,2021-10-05 16:33:02,,,other,False,False
1050,279,1977,289,access_denied,open,2021-10-03 19:20:54,,,access_denied,False,False
1100,1983,941,38,fraud_suspicion,resolved,2021-10-03 05:31:46,2022-07-03 09:16:51,no_action,fraud_suspicion,False,False
854,1261,9,269,owner_unresponsive,open,2021-10-02 18:54:04,,,owner_unresponsive,False,False
969,1271,1204,54,fraud_suspicion,open,2021-09-30 20:55:11,,,fraud_suspicion,False,False
232,1803,913,250,access_denied,in_progress,2021-09-28 14:06:08,,,access_denied,False,False
960,621,1776,199,accès refusé,open,2021-09-28 01:55:39,,,access_denied,False,False
464,11,1349,277,fraud_suspicion,resolved,2021-09-26 23:30:01,2024-11-10 03:12:16,account_banned,fraud_suspicion,False,False
979,1599,848,128,billing_issue,resolved,2021-09-24 20:01:19,2023-12-11 14:24:09,,billing_issue,False,False
865,1135,1446,389,wrong_credentials,open,2021-09-24 16:03:37,,,wrong_credentials,False,False
45,1077,1007,14,wrong_credentials,in_progress,2021-09-23 19:31:50,,,wrong_credentials,False,False
335,1290,1352,48,access_denied,resolved,2021-09-23 15:45:38,2025-04-24 19:04:14,no_action,access_denied,False,False
348,1644,1615,240,subscription_inactive,closed,2021-09-23 07:18:42,2024-01-02 01:05:44,owner_warned,subscription_inactive,False,False
319,1375,34,257,access_denied,open,2021-09-18 06:57:47,,,access_denied,False,False
924,1705,1459,304,access_denied,in_progress,2021-09-13 12:16:18,,,access_denied,False,False
633,368,1239,382,other,in_progress,2021-09-12 14:31:36,,,other,False,False
1192,1155,1747,256,wrong_credentials,escalated,2021-09-11 16:01:26,,,wrong_credentials,False,False
203,617,871,172,accès refusé,resolved,2021-09-10 13:56:54,2024-10-12 22:29:21,no_action,access_denied,False,False
412,221,1265,314,billing_issue,open,2021-09-09 20:52:52,,,billing_issue,False,False
692,1258,1248,199,other,closed,2021-09-09 12:03:53,2023-06-28 12:48:20,,other,False,False
218,126,1478,220,access_denied,resolved,2021-09-07 21:55:59,2022-03-29 13:56:12,subscriber_replaced,access_denied,False,False
866,414,859,336,fraud_suspicion,open,2021-09-07 20:37:27,,,fraud_suspicion,False,False
516,1181,1559,37,billing_issue,resolved,2021-09-07 18:28:05,2024-09-24 19:11:34,owner_warned,billing_issue,False,False
906,687,397,6,wrong_credentials,open,2021-09-07 16:45:57,,,wrong_credentials,False,False
939,432,131,351,access_denied,open,2021-09-07 00:50:08,,,access_denied,False,False
155,91,588,115,fraud_suspicion,open,2021-09-05 20:05:56,,,fraud_suspicion,False,False
53,365,1824,61,subscription_inactive,resolved,2021-09-04 04:20:54,2024-03-10 07:13:56,refunded,subscription_inactive,False,False
791,584,1377,356,subscription_inactive,closed,2021-09-02 21:41:06,2023-05-07 11:51:41,,subscription_inactive,False,False
41,750,523,399,other,resolved,2021-09-02 19:10:18,2024-07-09 00:18:46,owner_warned,other,False,False
1059,74,846,287,billing_issue,escalated,2021-09-02 15:20:31,,,billing_issue,False,False
574,1349,1706,224,subscription_inactive,resolved,2021-09-01 08:32:00,2024-08-18 03:19:11,,subscription_inactive,False,False
417,1346,343,9,access_denied,escalated,2021-08-31 19:41:10,,,access_denied,False,False
228,1804,1231,45,accès refusé,open,2021-08-31 08:58:33,,,access_denied,False,False
111,811,1624,235,billing_issue,open,2021-08-29 21:19:32,,,billing_issue,False,False
1081,1470,257,212,access_denied,open,2021-08-29 20:30:59,,,access_denied,False,False
484,327,1403,289,wrong_credentials,in_progress,2021-08-29 10:38:01,,,wrong_credentials,False,False
849,298,1985,321,owner_unresponsive,in_progress,2021-08-29 08:38:58,,,owner_unresponsive,False,False
485,411,412,400,wrong_credentials,resolved,2021-08-26 07:38:33,2024-02-24 17:37:50,account_banned,wrong_credentials,False,False
473,1406,1729,381,access_denied,resolved,2021-08-23 07:25:54,2022-12-07 00:05:53,,access_denied,False,False
459,1221,1351,185,other,resolved,2021-08-23 02:22:57,2022-06-08 23:21:51,refunded,other,False,False
441,1479,67,397,wrong_credentials,open,2021-08-18 17:15:14,,,wrong_credentials,False,False
271,1804,500,45,wrong_credentials,open,2021-08-15 10:51:18,,,wrong_credentials,False,False
498,742,601,157,access_denied,open,2021-08-13 14:44:03,,,access_denied,False,False
458,1733,482,29,other,open,2021-08-12 15:09:07,,,other,False,False
367,471,1251,49,owner_unresponsive,closed,2021-08-11 23:46:04,2022-01-21 01:41:00,,owner_unresponsive,False,False
279,578,174,193,subscription_inactive,escalated,2021-08-11 16:09:00,,,subscription_inactive,False,False
535,65,1998,355,access_denied,open,2021-08-11 14:12:14,,,access_denied,False,False
723,1719,1511,259,wrong_credentials,closed,2021-08-11 02:12:06,2025-02-14 09:16:41,subscriber_replaced,wrong_credentials,False,False
1162,840,1998,258,other,resolved,2021-08-06 08:43:53,2021-07-09 08:43:53,owner_warned,other,False,False
606,542,1369,295,fraud_suspicion,open,2021-08-05 09:28:34,,,fraud_suspicion,False,False
1188,1303,60,296,subscription_inactive,in_progress,2021-08-05 08:49:21,,,subscription_inactive,False,False
1123,1428,235,348,other,escalated,2021-08-03 20:57:41,,,other,False,False
726,1399,242,72,billing_issue,escalated,2021-08-01 20:05:07,,,billing_issue,False,False
121,1370,145,204,owner_unresponsive,open,2021-07-30 22:21:36,,,owner_unresponsive,False,False
368,1406,756,381,billing_issue,in_progress,2021-07-30 08:52:50,,,billing_issue,False,False
257,1917,279,280,fraud_suspicion,open,2021-07-30 06:33:22,,,fraud_suspicion,False,False
604,1052,1891,184,access_denied,closed,2021-07-29 10:03:48,2025-03-16 15:31:44,no_action,access_denied,False,False
12,199,1278,358,wrong_credentials,open,2021-07-29 04:10:18,,,wrong_credentials,False,False
1141,1397,1537,78,access_denied,resolved,2021-07-24 19:49:20,2021-12-02 21:37:30,owner_warned,access_denied,False,False
132,1818,1198,161,access_denied,closed,2021-07-24 03:56:34,2025-05-01 22:53:19,subscriber_replaced,access_denied,False,False
177,531,1397,81,fraud_suspicion,closed,2021-07-24 00:38:35,2023-10-01 14:16:11,refunded,fraud_suspicion,False,False
834,307,1767,147,wrong_credentials,resolved,2021-07-23 19:47:45,2023-08-24 16:39:08,no_action,wrong_credentials,False,False
570,1976,84,164,access_denied,open,2021-07-20 20:16:50,2025-05-11 18:19:10,,access_denied,False,False
1006,635,1373,193,access_denied,resolved,2021-07-20 08:18:15,2022-11-06 05:14:09,,access_denied,False,False
670,684,157,345,subscription_inactive,open,2021-07-17 11:39:48,,,subscription_inactive,False,False
435,964,286,277,fraud_suspicion,closed,2021-07-17 07:43:46,2023-04-15 01:25:57,subscriber_replaced,fraud_suspicion,False,False
455,1533,288,324,wrong_credentials,in_progress,2021-07-16 15:25:24,,,wrong_credentials,False,False
587,1419,1252,319,access_denied,resolved,2021-07-16 04:33:26,2021-07-16 07:35:24,,access_denied,False,False
889,1068,608,366,billing_issue,in_progress,2021-07-15 23:52:23,,,billing_issue,False,False
1197,622,1720,235,other,open,2021-07-14 19:07:05,,,other,False,False
512,1533,54,324,billing_issue,in_progress,2021-07-14 18:53:14,,,billing_issue,False,False
588,371,455,396,other,open,2021-07-13 06:25:05,,,other,False,False
529,1053,1644,302,billing_issue,in_progress,2021-07-11 09:26:38,,,billing_issue,False,False
178,529,1130,206,owner_unresponsive,escalated,2021-07-10 02:10:53,,,owner_unresponsive,False,False
1061,1976,1409,164,access_denied,in_progress,2021-07-09 21:25:37,,,access_denied,False,False
837,678,145,272,access_denied,open,2021-07-09 14:31:49,,,access_denied,False,False
28,897,359,154,other,escalated,2021-07-09 01:41:28,,,other,False,False
820,1329,633,22,access_denied,open,2021-07-08 07:00:23,,,access_denied,False,False
224,1288,1920,485,access_denied,open,2021-07-07 10:39:07,,,access_denied,False,False
551,1654,299,205,access_denied,resolved,2021-07-04 06:53:09,2021-10-09 13:22:04,subscriber_replaced,access_denied,False,False
786,1316,1939,18,wrong_credentials,escalated,2021-06-30 08:03:40,,,wrong_credentials,False,False
598,1625,115,53,access_denied,open,2021-06-29 20:46:46,,,access_denied,False,False
32,1734,1728,193,other,escalated,2021-06-29 01:10:34,,,other,False,False
214,1145,146,369,access_denied,resolved,2021-06-23 06:59:24,2021-12-17 01:57:07,owner_warned,access_denied,False,False
995,1933,728,60,wrong_credentials,resolved,2021-06-22 21:01:00,2021-12-26 18:59:01,,wrong_credentials,False,False
1065,1017,1741,87,billing_issue,resolved,2021-06-20 21:44:57,2022-05-01 01:19:58,account_banned,billing_issue,False,False
729,576,1010,24,subscription_inactive,closed,2021-06-20 13:22:58,2022-04-28 06:37:39,refunded,subscription_inactive,False,False
160,170,901,103,fraud_suspicion,resolved,2021-06-20 09:12:55,2022-01-29 01:38:33,,fraud_suspicion,False,False
247,977,1451,164,accès refusé,open,2021-06-20 01:31:04,,,access_denied,False,False
1182,849,1804,324,wrong_credentials,in_progress,2021-06-19 08:47:54,,,wrong_credentials,False,False
462,1073,1701,351,access_denied,in_progress,2021-06-18 04:31:02,,,access_denied,False,False
500,1657,1506,254,billing_issue,open,2021-06-18 02:04:54,,,billing_issue,False,False
401,702,1620,166,wrong_credentials,open,2021-06-17 09:57:38,,,wrong_credentials,False,False
192,1447,1786,343,subscription_inactive,resolved,2021-06-15 07:14:53,2022-11-10 19:40:15,,subscription_inactive,False,False
940,1079,446,188,access_denied,in_progress,2021-06-15 06:15:24,,,access_denied,False,False
383,912,1542,239,accès refusé,closed,2021-06-13 18:52:36,2022-02-27 12:52:57,,access_denied,False,False
141,1672,1726,376,accès refusé,resolved,2021-06-12 03:06:18,2025-02-12 05:40:34,no_action,access_denied,False,False
5,327,609,289,access_denied,closed,2021-06-11 13:01:44,2021-10-31 06:56:01,refunded,access_denied,False,False
1063,781,1532,347,accès refusé,open,2021-06-05 16:56:39,,,access_denied,False,False
219,414,1809,336,accès refusé,in_progress,2021-06-05 02:20:55,,,access_denied,False,False
1101,1272,1798,50,owner_unresponsive,resolved,2021-06-04 21:15:35,2022-08-15 07:23:18,,owner_unresponsive,False,False
858,840,1097,258,subscription_inactive,open,2021-06-03 01:45:33,,,subscription_inactive,False,False
87,1604,1761,228,access_denied,escalated,2021-06-03 00:51:03,,,access_denied,False,False
390,51,1527,228,billing_issue,open,2021-05-26 10:34:36,,,billing_issue,False,False
436,858,476,359,other,resolved,2021-05-26 10:01:15,2023-08-04 11:08:19,owner_warned,other,False,False
241,439,157,114,subscription_inactive,escalated,2021-05-22 13:07:20,,,subscription_inactive,False,False
131,1835,1183,184,other,in_progress,2021-05-20 07:32:11,,,other,False,False
584,1408,12,29,accès refusé,open,2021-05-19 23:25:17,,,access_denied,False,False
415,294,1605,303,owner_unresponsive,in_progress,2021-05-16 05:52:50,,,owner_unresponsive,False,False
322,850,1570,336,fraud_suspicion,resolved,2021-05-15 10:11:48,2022-04-01 05:53:55,,fraud_suspicion,False,False
403,168,462,34,subscription_inactive,open,2021-05-13 13:49:55,,,subscription_inactive,False,False
851,414,1982,336,other,in_progress,2021-05-09 19:49:10,,,other,False,False
701,472,362,87,access_denied,in_progress,2021-05-08 18:41:33,,,access_denied,False,False
1037,621,1873,110,fraud_suspicion,resolved,2021-05-05 13:17:19,2025-02-05 16:22:13,refunded,fraud_suspicion,False,False
223,543,1587,276,subscription_inactive,resolved,2021-05-03 21:19:29,2024-04-26 04:33:30,account_banned,subscription_inactive,False,False
407,542,785,295,accès refusé,in_progress,2021-05-03 12:45:08,,,access_denied,False,False
777,1618,1500,385,wrong_credentials,open,2021-05-01 06:15:37,,,wrong_credentials,False,False
760,669,1217,140,other,resolved,2021-05-01 05:51:55,2022-04-21 23:08:45,subscriber_replaced,other,False,False
112,672,1624,216,accès refusé,resolved,2021-04-29 22:29:41,2025-05-09 14:56:40,refunded,access_denied,False,False
159,1357,1331,355,access_denied,resolved,2021-04-29 04:46:41,2023-11-02 06:57:57,owner_warned,access_denied,False,False
145,159,605,183,other,resolved,2021-04-28 21:01:13,2021-04-14 21:01:13,refunded,other,False,False
656,1316,818,89,wrong_credentials,resolved,2021-04-28 05:53:52,2022-07-01 16:48:28,,wrong_credentials,False,False
1056,167,1670,99,access_denied,escalated,2021-04-26 17:43:31,,,access_denied,False,False
589,1809,1884,149,owner_unresponsive,open,2021-04-26 09:30:12,,,owner_unresponsive,False,False
522,1983,1016,38,other,in_progress,2021-04-26 04:04:04,,,other,False,False
1156,125,782,292,subscription_inactive,resolved,2021-04-25 11:12:52,2024-06-29 22:30:33,account_banned,subscription_inactive,False,False
236,1297,636,376,access_denied,escalated,2021-04-24 04:46:57,,,access_denied,False,False
47,1073,1295,394,access_denied,resolved,2021-04-22 14:38:20,2021-07-06 23:28:38,,access_denied,False,False
758,1336,512,248,billing_issue,open,2021-04-16 05:31:45,,,billing_issue,False,False
833,568,208,385,subscription_inactive,resolved,2021-04-15 04:35:54,2023-02-10 23:54:36,,subscription_inactive,False,False
848,1669,323,97,other,open,2021-04-15 04:23:03,,,other,False,False
287,93,1108,362,owner_unresponsive,resolved,2021-04-14 04:07:24,2024-05-14 23:01:35,,owner_unresponsive,False,False
491,230,798,237,owner_unresponsive,resolved,2021-04-13 05:46:39,2025-01-04 13:53:40,no_action,owner_unresponsive,False,False
480,404,1673,25,billing_issue,resolved,2021-04-12 21:25:22,2021-03-26 21:25:22,,billing_issue,False,False
510,1942,154,370,wrong_credentials,escalated,2021-04-12 07:43:35,,,wrong_credentials,False,False
204,389,1568,123,accès refusé,resolved,2021-04-11 20:45:54,2023-01-06 11:46:23,,access_denied,False,False
1021,518,582,248,owner_unresponsive,resolved,2021-04-11 10:44:03,2021-05-17 17:31:58,,owner_unresponsive,False,False
1157,611,1742,99,wrong_credentials,in_progress,2021-04-11 10:36:04,,,wrong_credentials,False,False
1138,1517,87,73,access_denied,open,2021-04-08 08:44:37,,,access_denied,False,False
167,1045,1908,353,wrong_credentials,in_progress,2021-04-07 08:08:38,,,wrong_credentials,False,False
483,360,569,268,billing_issue,open,2021-04-07 06:29:26,,,billing_issue,False,False
699,880,193,227,wrong_credentials,resolved,2021-04-06 15:52:11,2024-10-11 17:49:59,refunded,wrong_credentials,False,False
209,1119,1956,380,subscription_inactive,resolved,2021-04-03 20:43:15,2023-08-14 01:19:31,no_action,subscription_inactive,False,False
632,850,1763,336,access_denied,open,2021-03-31 22:15:49,,,access_denied,False,False
747,1097,1208,86,access_denied,closed,2021-03-30 16:22:13,2022-09-13 06:59:44,,access_denied,False,False
754,780,1131,86,wrong_credentials,in_progress,2021-03-30 05:02:21,,,wrong_credentials,False,False
187,1267,1385,315,other,escalated,2021-03-30 04:45:22,,,other,False,False
638,1830,235,188,fraud_suspicion,open,2021-03-25 04:24:35,,,fraud_suspicion,False,False
432,1032,651,278,billing_issue,resolved,2021-03-23 19:45:23,2022-06-27 21:55:00,account_banned,billing_issue,False,False
21,1825,141,97,other,open,2021-03-21 12:01:38,,,other,False,False
519,1307,797,290,other,closed,2021-03-19 03:21:24,2025-02-28 19:40:19,,other,False,False
386,551,883,289,accès refusé,in_progress,2021-03-18 08:41:36,,,access_denied,False,False
975,658,772,384,access_denied,open,2021-03-18 07:46:50,,,access_denied,False,False
856,1543,1447,40,other,open,2021-03-16 17:31:10,,,other,False,False
1106,793,700,135,billing_issue,in_progress,2021-03-16 00:16:51,,,billing_issue,False,False
1131,1046,1822,178,billing_issue,closed,2021-03-14 08:16:11,2022-08-13 04:24:58,owner_warned,billing_issue,False,False
40,1917,720,350,access_denied,in_progress,2021-03-14 02:09:02,,,access_denied,False,False
659,744,1140,353,access_denied,resolved,2021-03-13 00:59:06,2022-02-24 16:31:52,subscriber_replaced,access_denied,False,False
962,1330,215,259,access_denied,escalated,2021-03-12 18:59:31,,,access_denied,False,False
62,45,1062,63,other,open,2021-03-11 21:57:54,,,other,False,False
795,1665,797,369,subscription_inactive,escalated,2021-03-11 18:21:50,,,subscription_inactive,False,False
1164,1248,1248,136,access_denied,resolved,2021-03-10 04:39:38,2023-12-08 23:46:30,subscriber_replaced,access_denied,True,False
1196,1625,255,151,access_denied,closed,2021-03-08 03:57:58,2021-08-18 01:52:07,no_action,access_denied,False,False
974,1817,845,393,access_denied,open,2021-03-06 19:38:10,,,access_denied,False,False
583,186,338,82,subscription_inactive,open,2021-03-06 08:32:54,,,subscription_inactive,False,False
101,811,830,235,other,in_progress,2021-03-04 17:10:13,,,other,False,False
340,618,1374,66,access_denied,resolved,2021-03-04 04:36:35,2023-01-10 06:42:05,account_banned,access_denied,False,False
1010,1981,1110,100,accès refusé,escalated,2021-03-03 14:44:07,,,access_denied,False,False
318,1273,212,140,owner_unresponsive,escalated,2021-02-28 16:33:58,,,owner_unresponsive,False,False
766,796,310,372,owner_unresponsive,resolved,2021-02-19 15:54:44,2024-05-23 14:06:10,,owner_unresponsive,False,False
1072,1631,1034,59,accès refusé,in_progress,2021-02-18 04:52:55,,,access_denied,False,False
1148,987,1483,132,owner_unresponsive,resolved,2021-02-16 20:51:56,2023-08-29 10:54:06,no_action,owner_unresponsive,False,False
499,1204,254,81,access_denied,resolved,2021-02-16 12:52:04,2022-08-07 01:40:31,,access_denied,False,False
771,1875,1237,71,access_denied,escalated,2021-02-15 16:43:34,,,access_denied,False,False
282,704,371,154,access_denied,closed,2021-02-11 06:59:50,2022-10-10 06:00:28,subscriber_replaced,access_denied,False,False
711,1487,1989,398,billing_issue,open,2021-02-10 19:21:35,,,billing_issue,False,False
376,1245,1687,188,owner_unresponsive,in_progress,2021-02-09 00:32:47,,,owner_unresponsive,False,False
927,634,14,258,accès refusé,escalated,2021-02-07 22:26:27,,,access_denied,False,False
1125,1497,702,305,owner_unresponsive,in_progress,2021-02-07 08:10:16,,,owner_unresponsive,False,False
46,228,1425,323,access_denied,escalated,2021-02-07 06:41:12,,,access_denied,False,False
34,1970,1210,233,other,escalated,2021-02-05 17:26:04,,,other,False,False
1199,1496,626,233,subscription_inactive,in_progress,2021-02-01 23:49:36,,,subscription_inactive,False,False
730,1720,1720,377,accès refusé,closed,2021-01-31 03:05:48,2023-12-13 04:31:44,refunded,access_denied,True,False
85,442,1213,152,fraud_suspicion,escalated,2021-01-29 02:41:53,,,fraud_suspicion,False,False
966,238,1767,365,other,in_progress,2021-01-29 00:48:26,,,other,False,False
925,580,978,186,fraud_suspicion,in_progress,2021-01-27 08:48:05,,,fraud_suspicion,False,False
806,1759,1372,291,fraud_suspicion,resolved,2021-01-26 19:43:32,2021-03-27 17:06:18,subscriber_replaced,fraud_suspicion,False,False
913,1967,323,56,access_denied,resolved,2021-01-25 21:00:42,2023-01-14 09:42:18,,access_denied,False,False
899,287,1105,219,subscription_inactive,resolved,2021-01-25 04:57:20,2021-04-20 16:18:59,owner_warned,subscription_inactive,False,False
593,1614,1793,327,wrong_credentials,open,2021-01-22 21:22:04,,,wrong_credentials,False,False
50,1224,1831,84,billing_issue,resolved,2021-01-21 05:38:01,2023-09-02 06:19:16,,billing_issue,False,False
986,200,1721,128,owner_unresponsive,open,2021-01-20 14:52:26,,,owner_unresponsive,False,False
526,1651,1002,238,subscription_inactive,open,2021-01-17 13:50:37,,,subscription_inactive,False,False
330,1231,1279,327,fraud_suspicion,open,2021-01-17 09:48:18,,,fraud_suspicion,False,False
698,206,504,128,other,open,2021-01-14 05:03:21,,,other,False,False
1112,231,256,324,access_denied,resolved,2021-01-08 22:37:02,2025-04-13 06:56:09,refunded,access_denied,False,False
23,1248,688,136,wrong_credentials,resolved,2021-01-08 05:39:47,2023-08-04 16:16:32,account_banned,wrong_credentials,False,False
1094,416,868,234,access_denied,closed,2021-01-08 03:33:34,2021-10-12 17:13:45,refunded,access_denied,False,False
710,1029,1238,17,wrong_credentials,open,2021-01-07 20:01:43,2022-12-09 09:06:42,no_action,wrong_credentials,False,False
1062,771,645,63,other,resolved,2021-01-06 10:46:09,2021-07-05 14:19:07,,other,False,False
870,493,1741,235,access_denied,open,2021-01-05 04:27:25,,,access_denied,False,False
396,880,1824,227,access_denied,closed,2021-01-04 17:28:05,2021-11-13 23:44:14,no_action,access_denied,False,False
768,790,1066,237,accès refusé,escalated,2021-01-04 09:22:59,,,access_denied,False,False
